dispensingProductPackColumbusCode,pipCode,name,packSize,PackSizeSplit,thirdPartyLocation,length,width,height,status,receivingQuantity
2253,2833184,Yasmin tablets (Bayer Plc) [63],63.00,63,Y74,112,44,25,1,1.00
3396,2541738,Xepin 5% cream (Cambridge Healthcare Supplies Ltd) [30],30.00,30,X801,128,30,38,1,1.00
2569,0003830,Uniphyllin 400mg prolonged-release tablets (Ennogen Healthcare International Ltd) [56],56.00,56,U68,110,60,37,1,1.00
2568,0008151,Uniphyllin 300mg prolonged-release tablets (Ennogen Healthcare International Ltd) [56],56.00,56,U67,111,60,37,1,1.00
1891,0003822,Uniphyllin 200mg prolonged-release tablets (Ennogen Healthcare International Ltd) [56],56.00,56,U66,109,58,35,1,1.00
17013,3814266,TRUEplus lancets 0.32mm/30gauge (Trividia Health UK Ltd) [100],100.00,100,T824,78,69,41,1,1.00
17022,3814274,TRUEplus lancets 0.195mm/33gauge (Trividia Health UK Ltd) [100],100.00,100,T823,78,60,41,1,1.00
20016,3863792,TEE2 testing strips (Spirit Healthcare Ltd) [50],50.00,50,T66,67,52,42,1,1.00
3146,2337897,Timoptol-LA 0.5% ophthalmic gel-forming solution (Santen UK Ltd) [2.50],2.50,0,T63,84,42,37,1,1.00
3150,2337889,Timoptol-LA 0.25% ophthalmic gel-forming solution (Santen UK Ltd) [2.50],2.50,0,T62,85,42,37,1,1.00
1202,0116145,Tildiem Retard 120mg tablets (Sanofi) [56],56.00,56,T100,135,85,38,1,1.00
1580,0739474,Skinoren 20% cream (LEO Pharma) [30],30.00,30,S58,127,37,37,1,1.00
10353,3343415,Seroquel XL 50mg tablets (Luye Pharma Ltd) [60],60.00,60,S57,141,62,51,1,1.00
2479,2351492,Salofalk 500mg suppositories (Dr. Falk Pharma UK Ltd) [30],30.00,30,S56,100,54,44,1,1.00
9623,3308293,Plavix 75mg tablets (Sanofi) [30],30.00,30,P902,117,71,21,1,1.00
3112,2869121,Protopic 0.1% ointment (LEO Pharma) [60],60.00,60,P55,161,55,38,1,1.00
3110,2869113,Protopic 0.1% ointment (LEO Pharma) [30],30.00,30,P54,150,38,32,1,1.00
3106,2869097,Protopic 0.03% ointment (LEO Pharma) [30],30.00,30,P53,151,38,31,1,1.00
2520,2360824,Progynova 2mg tablets (Bayer Plc) [84],84.00,84,P52,91,66,25,1,1.00
2523,2360832,Progynova 1mg tablets (Bayer Plc) [84],84.00,84,P51,95,68,27,1,1.00
12955,3655966,Pradaxa 150mg capsules (Boehringer Ingelheim Ltd) [60],60.00,60,P49,95,65,155,1,1.00
9997,3378320,Pradaxa 110mg capsules (Boehringer Ingelheim Ltd) [60],60.00,60,P48,145,90,60,1,1.00
2484,2059541,Pentasa 1g suppositories (Ferring Pharmaceuticals Ltd) [28],28.00,28,P47,151,94,68,1,1.00
2201,0891952,Pentasa 500mg modified-release tablets (Ferring Pharmaceuticals Ltd) [100],100.00,100,P46,146,64,59,1,1.00
2995,2664209,Pentasa 1g modified-release granules sachets (Ferring Pharmaceuticals Ltd) [50],50.00,50,P45,108,84,81,1,1.00
10159,3383650,Pentasa 2g modified-release granules sachets (Ferring Pharmaceuticals Ltd) [60],60.00,60,P44,107,127,84,1,1.00
14460,3665643,Pentasa 1g modified-release tablets (Ferring Pharmaceuticals Ltd) [60],60.00,60,P43,156,96,57,1,1.00
1466,0261826,Norgeston 30microgram tablets (Bayer Plc) [35],35.00,35,N40,91,66,20,1,1.00
2780,2392496,Microgynon 30 ED tablets (Bayer Plc) [84],84.00,84,M39,93,66,25,1,1.00
2779,3108909,Microgynon 30 tablets (Bayer Plc) [63],63.00,63,M38,112,43,25,1,1.00
10981,3449188,Glucophage SR 1000mg tablets (Merck Serono Ltd) [56],56.00,56,G03,135,71,71,1,1.00
7214,3125580,Glucophage SR 500mg tablets (Merck Serono Ltd) [28],28.00,28,G02,129,70,23,1,1.00
7215,3125598,Glucophage SR 500mg tablets (Merck Serono Ltd) [56],56.00,56,G01,130,69,43,1,1.00
1546,2176147,Fucibet cream (LEO Pharma) [60],60.00,60,F36,165,40,33,1,1.00
1545,0372912,Fucibet cream (LEO Pharma) [30],30.00,30,F35,124,36,34,1,1.00
13659,3727591,Flutiform 50micrograms/dose / 5micrograms/dose inhaler (Napp Pharmaceuticals Ltd) [120],120.00,120,F34,128,76,42,1,1.00
13656,3727575,Flutiform 250micrograms/dose / 10micrograms/dose inhaler (Napp Pharmaceuticals Ltd) [120],120.00,120,F33,126,76,42,1,1.00
13655,3727583,Flutiform 125micrograms/dose / 5micrograms/dose inhaler (Napp Pharmaceuticals Ltd) [120],120.00,120,F32,127,77,42,1,1.00
8486,3243706,Finacea 15% gel (LEO Pharma) [30],30.00,30,F31,126,36,35,1,1.00
2775,2643450,Femodette tablets (Bayer Plc) [63],63.00,63,F30,114,45,27,1,1.00
2774,0204255,Femodene tablets (Bayer Plc) [63],63.00,63,F29,113,45,26,1,1.00
33656,4094355,Epilim Chrono 500 tablets (Sanofi) [30],30.00,30,E500,135,30,74,1,1.00
33655,4093563,Epilim Chrono 300 tablets (Sanofi) [30],30.00,30,E300,135,30,74,1,1.00
20649,3992666,Entresto 97mg/103mg tablets (Novartis Pharmaceuticals UK Ltd) [56],56.00,56,E28,129,66,44,1,1.00
20648,3992658,Entresto 49mg/51mg tablets (Novartis Pharmaceuticals UK Ltd) [56],56.00,56,E27,129,66,43,1,1.00
20647,3992641,Entresto 49mg/51mg tablets (Novartis Pharmaceuticals UK Ltd) [28],28.00,28,E26,126,66,23,1,1.00
20646,3992633,Entresto 24mg/26mg tablets (Novartis Pharmaceuticals UK Ltd) [28],28.00,28,E25,127,66,23,1,1.00
33654,4094934,Epilim Chrono 200 tablets (Sanofi) [30],30.00,30,E200,150,30,85,1,1.00
283,1082080,Diazepam 10mg tablets (Teva UK Ltd) [28],28.00,28,D705,135,46,23,1,1.00
7915,1110568,Diazepam 10mg tablets (Almus Pharmaceuticals Ltd) [28],28.00,28,D704,106,37,18,1,1.00
279,1085042,Diazepam 10mg tablets (Accord-UK Ltd) [28],28.00,28,D703,105,36,18,1,1.00
21454,2133312,Dovonex 50micrograms/g ointment (LEO Pharma) [60],60.00,60,D28,169,42,37,1,1.00
13383,3705993,Dovonex 50micrograms/g ointment (LEO Pharma) [30],30.00,30,D27,146,45,32,1,1.00
17102,2985265,Dovobet ointment (LEO Pharma) [60],60.00,60,D26,169,42,37,1,1.00
14217,3821295,Dovobet ointment (LEO Pharma) [30],30.00,30,D25,146,45,31,1,1.00
3126,2864015,Dovobet ointment (LEO Pharma) [120],120.00,120,D24,212,52,38,1,1.00
12120,3561594,Dovobet gel (LEO Pharma) [60],60.00,60,D23,119,64,47,1,1.00
12121,3561602,Dovobet gel (LEO Pharma) [120],120.00,120,D22,124,88,63,1,1.00
8735,3251709,DesmoMelt 240microgram oral lyophilisates (Ferring Pharmaceuticals Ltd) [30],30.00,30,D21,135,55,20,1,1.00
15850,3207974,DesmoMelt 120microgram oral lyophilisates (Ferring Pharmaceuticals Ltd) [30],30.00,30,D20,136,54,21,1,1.00
446,2574663,Cosopt 20mg/ml / 5mg/ml eye drops (Santen UK Ltd) [5],5.00,5,C16,84,42,36,1,1.00
3819,2917250,Cialis 20mg tablets (Eli Lilly and Company Ltd) [4],4.00,4,C15,79,49,18,1,1.00
11237,3457546,CareSens N testing strips (Spirit Healthcare Ltd) [50],50.00,50,C14,64,50,39,1,1.00
612,0034462,Canesten HC cream (Bayer Plc) [30],30.00,30,C13,140,42,30,1,1.00
20300,3976966,Brintellix 20mg tablets (Lundbeck Ltd) [28],28.00,28,B13,109,43,19,1,1.00
3442,2599041,Budenofalk 3mg gastro-resistant capsules (Dr. Falk Pharma UK Ltd) [100],100.00,100,B12,112,85,60,1,1.00
2623,2240083,Anabact 0.75% gel (Cambridge Healthcare Supplies Ltd) [30],30.00,30,A802,128,35,30,1,1.00
2622,2240075,Anabact 0.75% gel (Cambridge Healthcare Supplies Ltd) [15],15.00,15,A801,111,27,24,1,1.00
2555,2406395,Adizem-XL 300mg capsules (Napp Pharmaceuticals Ltd) [28],28.00,28,A52,112,76,23,1,1.00
2556,2406387,Adizem-XL 240mg capsules (Napp Pharmaceuticals Ltd) [28],28.00,28,A51,113,76,24,1,1.00
2649,2406403,Adizem-XL 180mg capsules (Napp Pharmaceuticals Ltd) [28],28.00,28,A41,112,75,23,1,1.00
7647,2321602,AeroChamber Plus (Trudell Medical UK Ltd) [1],1.00,1,A07,150,44,44,1,1.00
7654,2321628,AeroChamber Plus with child mask (Trudell Medical UK Ltd) [1],1.00,1,A06,158,88,88,1,1.00
2557,2829026,Adizem-XL 200mg capsules (Napp Pharmaceuticals Ltd) [28],28.00,28,A05,110,75,22,1,1.00
2648,2406411,Adizem-XL 120mg capsules (Napp Pharmaceuticals Ltd) [28],28.00,28,A04,110,74,22,1,1.00
2559,0909796,Adizem-SR 90mg capsules (Napp Pharmaceuticals Ltd) [56],56.00,56,A03,109,73,37,1,1.00
2558,0909846,Adizem-SR 180mg capsules (Napp Pharmaceuticals Ltd) [56],56.00,56,A02,112,77,39,1,1.00
2561,0909804,Adizem-SR 120mg capsules (Napp Pharmaceuticals Ltd) [56],56.00,56,A01,112,75,39,1,1.00
2276,3290947,Nasonex 50micrograms/dose nasal spray (Organon Pharma (UK) Ltd) [140],140.00,140,,102,42,31,1,1.00
13163,1149301,Loratadine 10mg tablets (Almus Pharmaceuticals Ltd) [30],30.00,30,,136,47,23,1,1.00
21595,3989415,Viva hypodermic insulin needles for pre-filled / reusable pen injectors screw on 4mm/32gauge (embecta UK Ltd) [90],90.00,90,,130,86,71,1,1.00
7986,1110857,Quinine sulfate 200mg tablets (Almus Pharmaceuticals Ltd) [28],28.00,28,,97,71,21,1,1.00
34099,4098661,Stalpex 50micrograms/dose / 500micrograms/dose dry powder inhaler (Glenmark Pharmaceuticals Europe Ltd) [60],60.00,60,,92,91,41,1,1.00
2964,0112961,Depo-Medrone 120mg/3ml suspension for injection vials (Pfizer Ltd) [1],1.00,1,,55,45,26,1,1.00
21189,8071268,Pregabalin 150mg capsules (Alliance Healthcare (Distribution) Ltd) [56],56.00,56,,134,57,35,1,1.00
41774,0093302,Glutafin gluten free crackers (Dr Schar UK Ltd) [200],200.00,200,,204,132,79,1,1.00
45828,4264321,Veoza 45mg tablets (Astellas Pharma Ltd) [28],28.00,28,,122,122,50,1,1.00
12127,3567807,Capimune 25mg capsules (Viatris UK Healthcare Ltd) [30],30.00,30,,185,67,60,1,1.00
46931,1271709,Erythromycin 40mg/ml / Zinc acetate 12mg/ml lotion (Neon Healthcare Ltd) [30],30.00,30,,128,70,37,1,1.00
14938,1136175,Amlodipine 10mg tablets (Teva UK Ltd) [28],28.00,28,,138,49,23,1,1.00
307,1057355,Prednisolone 1mg tablets (Accord-UK Ltd) [28],28.00,28,,105,37,17,1,1.00
6808,1115211,Pravastatin 40mg tablets (Teva UK Ltd) [28],28.00,28,,137,47,22,1,1.00
26169,4027538,AproDerm barrier cream (GB) (Fontus Health Ltd) [100],100.00,100,,156,65,42,1,1.00
394,1099738,Doxazosin 2mg tablets (Teva UK Ltd) [28],28.00,28,,136,48,22,1,1.00
41970,4221743,"Aace D3 2,500unit capsules (Essential-Healthcare Ltd) [28]",28.00,28,,96,57,30,1,1.00
3971,6826507,Cetirizine 1mg/ml oral solution sugar free (Alliance Healthcare (Distribution) Ltd) [200],200.00,200,,153,62,62,1,1.00
47199,1276849,Sulfasalazine 500mg gastro-resistant tablets (Pfizer Ltd) [112],112.00,112,,115,55,56,1,1.00
4610,1108166,Gabapentin 100mg capsules (Teva UK Ltd) [100],100.00,100,,134,64,47,1,1.00
507,7149826,Ferrous sulfate 200mg tablets (Alliance Healthcare (Distribution) Ltd) [1000],1000.00,1000,,79,79,110,1,1.00
1763,2763183,CoAprovel 150mg/12.5mg tablets (Sanofi) [28],28.00,28,,107,51,22,1,1.00
50269,8158081,"BD Micro-Fine + hypodermic U100 insulin syringe sterile single use / single patient use 0.5ml with 8mm needle 0.3mm/30gauge (PI) (Becton, Dickinson UK Ltd) [10]",10.00,10,,151,144,86,1,10.00
50766,8111460,Melatonin 1mg/ml oral solution sugar free (Alliance Healthcare (Distribution) Ltd) [100],100.00,100,,65,65,130,1,1.00
13826,1179621,Gatalin XL 24mg capsules (Aspire Pharma Ltd) [28],28.00,28,,102,67,31,1,1.00
1631,0441493,Diflucan 150mg capsules (Pfizer Ltd) [1],1.00,1,,75,57,17,1,1.00
30787,4045621,Eysano 5mg/ml eye drops (Aspire Pharma Ltd) [5],5.00,5,,82,30,30,1,1.00
11462,3478708,EllaOne 30mg tablets (Omega Pharma Ltd) [1],1.00,1,,99,65,21,1,1.00
12239,1153006,Mirtazapine 45mg tablets (Almus Pharmaceuticals Ltd) [28],28.00,28,,133,46,20,1,1.00
10852,3432614,Algesal cream (Thornton & Ross Ltd) [100],100.00,100,,184,48,38,1,1.00
833,0314989,Duocal Super Soluble powder (Nutricia Ltd) [400],400.00,400,,120,103,103,1,1.00
10622,3411626,Optive 0.5% eye drops (Allergan Ltd) [10],10.00,10,,70,32,32,1,1.00
1726,2240729,Topamax 100mg tablets (Janssen-Cilag Ltd) [60],60.00,60,,93,50,50,1,1.00
14199,2724508,Nexium 40mg gastro-resistant tablets (Grunenthal Ltd) [28],28.00,28,,107,74,33,1,1.00
12905,8431421,Dicycloverine 10mg tablets (Alliance Healthcare (Distribution) Ltd) [100],100.00,100,,117,49,35,1,1.00
1502,0267302,Dermovate 0.05% scalp application (GlaxoSmithKline UK Ltd) [30],30.00,30,,101,40,28,1,1.00
607,7019581,Hydrocortisone 1% cream (Alliance Healthcare (Distribution) Ltd) [30],30.00,30,,146,43,30,1,1.00
2864,0024976,Pred Forte 1% eye drops (AbbVie Ltd) [5],5.00,5,,64,32,30,1,1.00
25701,4026324,Mobile cassette (Roche Diabetes Care Ltd) [50],50.00,50,,87,45,38,1,1.00
5274,3550894,Scholl Softgrip class I below knee stocking circular knit standard stock size closed toe Extra large Natural (SSL International Plc) [2],2.00,2,,142,89,31,1,1.00
1994,0028266,Ovex 100mg chewable tablets (McNeil Products Ltd) [1],1.00,1,,100,41,26,1,1.00
2742,0903906,"Portia ring pessary 1.25cm thick, 85mm diameter, PVC (Bray Group Ltd) [1]",1.00,1,,202,154,13,1,1.00
22665,8113656,Fortisip Compact Protein liquid vanilla (PI) (Nutricia Ltd) [500],500.00,500,,108,106,107,1,1.00
2655,2360980,Nasobec Aqueous 50micrograms/dose nasal spray (Teva UK Ltd) [200],200.00,200,,126,41,40,1,1.00
10136,3396819,Epilim Chronosphere MR 750mg granules sachets (Sanofi) [30],30.00,30,,100,97,50,1,1.00
4000,2884021,FemSeven Conti patches (Theramex HQ UK Ltd) [4],4.00,4,,77,73,23,1,1.00
44285,6334742,Systane Balance eye drops (PI) (Alcon Eye Care UK Ltd) [10],10.00,10,,33,46,32,1,1.00
51234,8051575,Indoramin 20mg tablets (Alliance Healthcare (Distribution) Ltd) [60],60.00,60,,108,48,47,1,1.00
44542,8025462,Baclofen 10mg/5ml oral solution sugar free (Alliance Healthcare (Distribution) Ltd) [150],150.00,150,,145,72,53,1,1.00
8558,3223062,Coban 2 multi-layer compression bandage kit 10cm x 3.5m (3M Health Care Ltd) [1],1.00,1,,164,121,92,1,1.00
8025,3200078,LimbO limb protector adult half leg large build short MP180S (Thesis Technology Products and Services Ltd) [1],1.00,1,,290,219,33,1,1.00
1251,1078831,Codeine 15mg tablets (Teva UK Ltd) [28],28.00,28,,135,47,23,1,1.00
12958,3429552,Emla 5% cream (Aspen Pharma Trading Ltd) [5],5.00,5,,127,77,36,1,1.00
26328,3996949,GlucoRx Allpresan diabetic foam cream Basic (GlucoRx Ltd) [300],300.00,300,,57,57,243,1,1.00
46425,8037079,Duloxetine 120mg gastro-resistant capsules (Alliance Healthcare (Distribution) Ltd) [28],28.00,28,,135,67,28,1,1.00
11558,3481637,Hydromol Intensive 10% cream (Alliance Pharmaceuticals Ltd) [100],100.00,100,,179,57,41,1,1.00
14194,6349419,Cyclizine 50mg tablets (Alliance Healthcare (Distribution) Ltd) [100],100.00,100,,78,45,45,1,1.00
1974,1058882,Famotidine 40mg tablets (Teva UK Ltd) [28],28.00,28,,135,48,16,1,1.00
69,2462620,Amias 8mg tablets (Neon Healthcare Ltd) [28],28.00,28,,105,45,38,1,1.00
1451,0483503,Eumovate 0.05% cream (GlaxoSmithKline UK Ltd) [100],100.00,100,,168,50,39,1,1.00
13058,1165174,Olanzapine 5mg tablets (Teva UK Ltd) [28],28.00,28,,136,58,28,1,1.00
1560,2410918,Naramig 2.5mg tablets (GlaxoSmithKline UK Ltd) [6],6.00,6,,85,59,19,1,1.00
47444,1274067,Desmopressin 240microgram sublingual tablets sugar free (Teva UK Ltd) [30],30.00,30,,24,102,51,1,1.00
11115,3449592,Flaminal Forte gel dressing (Flen Health UK Ltd) [50],50.00,50,,182,40,27,1,1.00
11718,3466372,Neupro 1mg/24hours transdermal patches (UCB Pharma Ltd) [28],28.00,28,,151,151,26,1,1.00
11634,3494911,SodiBic 420mg/5ml (1mmol/ml) oral solution (SyriMed) [100],100.00,100,,128,55,51,1,1.00
13005,3745312,Eliquis 2.5mg tablets (Bristol-Myers Squibb Pharmaceuticals Ltd) [60],60.00,60,,137,51,29,1,1.00
33439,4073227,EasyChamber Spacer (TriOn Pharma Ltd) [1],1.00,1,,175,83,81,1,1.00
4334,2990117,Clinipore tape 5cm (CliniSupplies Ltd) [5],5.00,5,,56,43,42,1,1.00
4217,2943660,Evra transdermal patches (Gedeon Richter (UK) Ltd) [9],9.00,9,,109,92,37,1,1.00
43868,4198289,Betesil 2.25mg medicated plasters (Derma UK Ltd) [8],8.00,8,,154,136,19,1,1.00
46379,1249697,Quetiapine 200mg tablets (Almus Pharmaceuticals Ltd) [60],60.00,60,,139,48,48,1,1.00
86,0124008,Motens 2mg tablets (GlaxoSmithKline UK Ltd) [28],28.00,28,,131,59,28,1,1.00
1606,2407120,Cabaser 1mg tablets (Pfizer Ltd) [20],20.00,20,,77,47,47,1,1.00
8125,8139487,Gabapentin 600mg tablets (Alliance Healthcare (Distribution) Ltd) [100],100.00,100,,140,85,76,1,1.00
13819,3702750,Aquacel Foam dressing (non-adhesive) 15cm x 15cm (ConvaTec Ltd) [5],5.00,5,,243,206,41,1,1.00
21582,3814688,Space Chamber Plus Compact with medium mask (Medical Developments International Ltd) [1],1.00,1,,184,106,106,1,1.00
13409,1170778,Quetiapine 100mg tablets (Teva UK Ltd) [60],60.00,60,,134,47,33,1,1.00
50720,8054991,Digoxin 250microgram tablets (Alliance Healthcare (Distribution) Ltd) [30],30.00,30,,110,59,18,1,1.00
36351,8011215,Zumenon 2mg tablets (PI) (Exeltis UK Ltd) [84],84.00,84,,96,58,23,1,1.00
3462,0243493,Psoriderm scalp lotion (Dermal Laboratories Ltd) [250],250.00,250,,187,79,35,1,1.00
7990,1110048,Propranolol 10mg tablets (Almus Pharmaceuticals Ltd) [28],28.00,28,,136,46,24,1,1.00
2209,0413799,Faverin 100mg tablets (Viatris UK Healthcare Ltd) [30],30.00,30,,98,77,25,1,1.00
2287,0228312,Proctosedyl ointment (Phoenix Labs Ltd) [30],30.00,30,,131,44,28,1,1.00
1911,0220392,Piriton 2mg/5ml syrup (Haleon UK Trading Ltd) [150],150.00,150,,137,57,57,1,1.00
6557,2229904,Comfeel Plus dressing 10cm x 10cm square (Coloplast Ltd) [10],10.00,10,,142,140,37,1,1.00
19068,3978798,"InVita D3 2,400units/ml oral drops (Consilient Health Ltd) [10]",10.00,10,,83,46,42,1,1.00
15229,1066208,Isosorbide mononitrate 10mg tablets (Teva UK Ltd) [56],56.00,56,,136,47,23,1,1.00
7974,1117746,Phenoxymethylpenicillin 125mg/5ml oral solution (Almus Pharmaceuticals Ltd) [100],100.00,100,,136,53,53,1,1.00
302,1081256,Prednisolone 5mg gastro-resistant tablets (Accord-UK Ltd) [28],28.00,28,,106,36,19,1,1.00
12437,3552726,GlucoRx Nexus testing strips (GlucoRx Ltd) [50],50.00,50,,62,46,42,1,1.00
3323,2653731,Selexid 200mg tablets (Karo Healthcare UK Ltd) [10],10.00,10,,122,53,18,1,1.00
7927,1108760,Bendroflumethiazide 5mg tablets (Almus Pharmaceuticals Ltd) [28],28.00,28,,121,36,18,1,1.00
15181,8383218,Mylife Clickfine hypodermic insulin needles for pre-filled / reusable pen injectors snap on 6mm/31gauge (PI) (Pikdare S.p.A.) [100],100.00,100,,145,96,53,1,1.00
35448,1234939,Liothyronine 5microgram tablets (Morningside Healthcare Ltd) [28],28.00,28,,132,51,27,1,1.00
46549,5402466,Dovato 50mg/300mg tablets (ViiV Healthcare UK Ltd) [30],30.00,30,,58,58,85,1,1.00
1290,7118508,Norethisterone 5mg tablets (Alliance Healthcare (Distribution) Ltd) [30],30.00,30,,95,39,25,1,1.00
10798,8158057,Ropinirole 2mg tablets (Alliance Healthcare (Distribution) Ltd) [84],84.00,84,,112,64,33,1,1.00
1741,2424588,Edronax 4mg tablets (Pfizer Ltd) [60],60.00,60,,90,55,30,1,1.00
2738,0903880,"Portia ring pessary 1.25cm thick, 77mm diameter, PVC (Bray Group Ltd) [1]",1.00,1,,198,158,13,1,1.00
3415,2714632,Indivina 2mg/5mg tablets (Orion Pharma (UK) Ltd) [84],84.00,84,,101,58,22,1,1.00
1477,0141838,Dermovate 0.05% cream (GlaxoSmithKline UK Ltd) [30],30.00,30,,153,34,27,1,1.00
31736,1221191,Rosuvastatin 40mg tablets (Teva UK Ltd) [28],28.00,28,,135,68,25,1,1.00
40265,4178729,Tiogiva 18microgram inhalation powder capsules (Glenmark Pharmaceuticals Europe Ltd) [30],30.00,30,,145,91,36,1,1.00
16398,6831630,Escitalopram 10mg tablets (Alliance Healthcare (Distribution) Ltd) [28],28.00,28,,118,51,21,1,1.00
6486,2206738,Allevyn Adhesive dressing 12.5cm x 12.5cm square (Smith & Nephew Healthcare Ltd) [10],10.00,10,,212,193,49,1,1.00
1173,2401453,Viazem XL 180mg capsules (Thornton & Ross Ltd) [28],28.00,28,,118,69,22,1,1.00
9958,3371754,Coversyl Arginine 5mg tablets (Servier Laboratories Ltd) [30],30.00,30,,68,44,44,1,1.00
9131,1132562,Pizotifen 1.5mg tablets (Almus Pharmaceuticals Ltd) [28],28.00,28,,129,51,23,1,1.00
1677,0014886,Anusol ointment (Church & Dwight UK Ltd) [25],25.00,25,,132,43,30,1,1.00
32487,0204941,Estriol vaginal applicator type 1 (Waymade Healthcare Plc) [1],1.00,1,,133,30,22,1,1.00
48621,8088072,Dovonex 50micrograms/g ointment (PI) (LEO Pharma) [30],30.00,30,,146,45,31,1,1.00
6838,1115575,Mirtazapine 30mg tablets (Accord-UK Ltd) [28],28.00,28,,135,48,23,1,1.00
3578,0408518,Mydriacyl 1% eye drops (Alcon Eye Care UK Ltd) [5],5.00,5,,85,38,38,1,1.00
3713,0402487,Diprosone 0.05% lotion (Organon Pharma (UK) Ltd) [100],100.00,100,,124,50,50,1,1.00
9290,3286770,Complan Shake oral powder 57g sachets milk (Nutricia Ltd) [4],4.00,4,,174,120,53,1,1.00
6791,3059540,Lyrica 100mg capsules (Viatris UK Healthcare Ltd) [84],84.00,84,,130,90,46,1,1.00
7125,1112606,Ramipril 10mg capsules (Accord-UK Ltd) [28],28.00,28,,95,56,22,1,1.00
51239,8024689,Prochlorperazine 3mg buccal tablets (Alliance Healthcare (Distribution) Ltd) [8],8.00,8,,76,51,17,1,1.00
20645,3949351,Efexor XL 225mg capsules (Viatris UK Healthcare Ltd) [28],28.00,28,,128,49,46,1,1.00
11818,8458317,Losartan 50mg / Hydrochlorothiazide 12.5mg tablets (Alliance Healthcare (Distribution) Ltd) [28],28.00,28,,134,75,26,1,1.00
3946,6826101,Fluconazole 200mg capsules (Alliance Healthcare (Distribution) Ltd) [7],7.00,7,,92,66,59,1,1.00
13741,3739448,Allevyn Life dressing 10.3cm x 10.3cm (Smith & Nephew Healthcare Ltd) [10],10.00,10,,198,160,75,1,1.00
15106,8427981,Ganfort 0.3mg/ml / 5mg/ml eye drops (PI) (AbbVie Ltd) [3],3.00,3,,94,51,41,1,1.00
44781,4260261,CyanocoMinn 100microgram tablets (Essential-Healthcare Ltd) [28],28.00,28,,35,108,15,1,1.00
2045,1082981,Phenobarbital 60mg tablets (Accord-UK Ltd) [28],28.00,28,,106,36,18,1,1.00
48531,4347720,Zyduco XL 1200mg tablets (Zydus Pharmaceuticals UK Ltd) [120],120.00,120,,66,69,130,1,1.00
31809,8401382,Pregabalin 20mg/ml oral solution sugar free (Alliance Healthcare (Distribution) Ltd) [500],500.00,500,,162,120,61,1,1.00
41466,0199612,Nystaform HC cream (Typharm Ltd) [30],30.00,30,,1,1,1,1,1.00
6854,0326488,Night Nurse oral solution (Haleon UK Trading Ltd) [160],160.00,160,,142,58,58,1,1.00
12505,1159086,Bisoprolol 7.5mg tablets (Almus Pharmaceuticals Ltd) [28],28.00,28,,118,59,21,1,1.00
11930,3443629,Lumecare Hypromellose 0.3% eye drops (Medicom Healthcare Ltd) [10],10.00,10,,82,30,29,1,1.00
47289,1117910,Felodipine 10mg modified-release tablets (Almus Pharmaceuticals Ltd) [28],28.00,28,,134,47,15,1,1.00
7894,1110485,Citalopram 20mg tablets (Almus Pharmaceuticals Ltd) [28],28.00,28,,123,62,21,1,1.00
45891,5013677,Carbimazole 20mg tablets (Alliance Healthcare (Distribution) Ltd) [100],100.00,100,,98,45,45,1,1.00
1057,0178186,Micropore tape 5cm (3M Health Care Ltd) [5],5.00,5,,60,46,45,1,1.00
13690,3728912,Terra-Cortril ointment (Esteve Pharmaceuticals Ltd) [30],30.00,30,,140,37,27,1,1.00
1038,2016855,Dioctyl 100mg capsules (Teofarma S.r.l.) [30],30.00,30,,92,75,27,1,1.00
1748,7118607,Amitriptyline 50mg/5ml oral solution sugar free (Alliance Healthcare (Distribution) Ltd) [150],150.00,150,,55,55,139,1,1.00
16142,7026032,Allevyn dressing (non-adhesive) 10.5cm x 13.5cm heel (cup shaped) (PI) (Smith & Nephew Healthcare Ltd) [5],5.00,5,,158,138,95,1,1.00
19177,3939816,Envarsus 4mg modified-release tablets (Chiesi Ltd) [30],30.00,30,,155,86,34,1,1.00
4618,1111525,Ramipril 1.25mg capsules (Teva UK Ltd) [28],28.00,28,,138,49,23,1,1.00
51139,8056665,Simvastatin 40mg / Ezetimibe 10mg tablets (Alliance Healthcare (Distribution) Ltd) [28],28.00,28,,25,115,86,1,1.00
41701,4218582,Delofine XL 10mg tablets (Morningside Healthcare Ltd) [28],28.00,28,,114,65,19,1,1.00
12654,3615978,Aquacel Ribbon dressing 1cm x 45cm (ConvaTec Ltd) [5],5.00,5,,191,109,31,1,1.00
2074,7025109,Piroxicam 0.5% gel (Alliance Healthcare (Distribution) Ltd) [60],60.00,60,,150,49,37,1,1.00
6655,2804821,OpSite Plus dressing 10cm x 12cm (Smith & Nephew Healthcare Ltd) [10],10.00,10,,221,149,28,1,1.00
1702,0029454,Betnovate 0.1% cream (GlaxoSmithKline UK Ltd) [100],100.00,100,,168,50,37,1,1.00
1797,2293116,Calcichew D3 Forte chewable tablets (Forum Health Products Ltd) [100],100.00,100,,101,67,67,1,1.00
1727,2240711,Topamax 200mg tablets (Janssen-Cilag Ltd) [60],60.00,60,,85,46,46,1,1.00
43651,8011355,Bisacodyl 5mg gastro-resistant tablets (Alliance Healthcare (Distribution) Ltd) [100],100.00,100,,86,48,42,1,1.00
44643,8060170,Prednisolone 2mg tablets (Alliance Healthcare (Distribution) Ltd) [28],28.00,28,,92,63,20,1,1.00
3562,0540989,Nootropil 800mg tablets (Advanz Pharma) [90],90.00,90,,108,58,55,1,1.00
18786,3731866,Calogen Extra Shots emulsion strawberry (Nutricia Ltd) [240],240.00,240,,162,106,47,1,1.00
14879,6329627,Levothyroxine sodium 25micrograms/5ml oral solution sugar free (Alliance Healthcare (Distribution) Ltd) [100],100.00,100,,136,60,58,1,1.00
1802,0477638,Eurax Hc cream (Thornton & Ross Ltd) [15],15.00,15,,101,62,29,1,1.00
293,2389807,Losec 40mg gastro-resistant capsules (Neon Healthcare Ltd) [7],7.00,7,,146,91,30,1,1.00
8111,2294445,Neupro 2mg/24hours transdermal patches (UCB Pharma Ltd) [28],28.00,28,,151,151,28,1,1.00
48699,8415473,Loprazolam 1mg tablets (PI) (Alliance Healthcare (Distribution) Ltd) [30],30.00,30,,119,48,19,1,1.00
9147,1134709,Sotalol 40mg tablets (Almus Pharmaceuticals Ltd) [28],28.00,28,,117,51,16,1,1.00
4398,2667061,Ferrograd C modified-release tablets (Teofarma S.r.l.) [30],30.00,30,,106,91,26,1,1.00
15778,8108177,FreeStyle Lite testing strips (PI) (Abbott Laboratories Ltd) [50],50.00,50,,76,65,46,1,1.00
2879,0107078,Galfer 305mg capsules (Thornton & Ross Ltd) [100],100.00,100,,53,53,65,1,1.00
14021,3778396,Monopost 50micrograms/ml eye drops 0.2ml unit dose (Thea Pharmaceuticals Ltd) [30],30.00,30,,174,75,30,1,1.00
40569,1253137,Oxybutynin 10mg modified-release tablets (Accord-UK Ltd) [28],28.00,28,,78,45,46,1,1.00
10819,1146547,Venaxx XL 75mg capsules (Advanz Pharma) [28],28.00,28,,104,68,42,1,1.00
48567,1282672,Medroxyprogesterone 10mg tablets (Pfizer Ltd) [100],100.00,100,,51,63,113,1,1.00
51195,1290006,Clonidine 50micrograms/5ml oral solution sugar free (Accord-UK Ltd) [100],100.00,100,,55,55,133,1,1.00
2594,2146512,Evorel 75 patches (Theramex HQ UK Ltd) [8],8.00,8,,140,105,14,1,1.00
1049,0453662,Leukopor tape 2.5cm (Essity UK Ltd) [5],5.00,5,,32,46,46,1,12.00
4083,0002782,Securon IV 5mg/2ml solution for injection ampoules (Viatris UK Healthcare Ltd) [5],5.00,5,,104,84,21,1,1.00
1789,0360123,Ibugel 5% gel (Dermal Laboratories Ltd) [100],100.00,100,,177,43,44,1,1.00
50297,3850120,Alogliptin 12.5mg tablets (Takeda UK Ltd) [28],28.00,28,,97,61,20,1,1.00
7643,0978981,Volumatic with paediatric mask (GlaxoSmithKline UK Ltd) [1],1.00,1,,176,103,102,1,1.00
21627,8090110,Calcipotriol 0.005% / Betamethasone dipropionate 0.05% ointment (Alliance Healthcare (Distribution) Ltd) [30],30.00,30,,151,48,30,1,1.00
30739,1181668,Montelukast 5mg chewable tablets sugar free (Teva UK Ltd) [28],28.00,28,,128,55,28,1,1.00
2294,0229005,Bricanyl 2.5mg/5ml solution for injection ampoules (AstraZeneca UK Ltd) [10],10.00,10,,106,90,42,1,1.00
4325,0062877,Avoca 40% silver nitrate pencils (Bray Group Ltd) [1],1.00,1,,101,34,33,1,1.00
1275,2325793,Utovlan 5mg tablets (Pfizer Ltd) [30],30.00,30,,93,66,33,1,1.00
12217,1151596,Tetracycline 250mg tablets (Almus Pharmaceuticals Ltd) [28],28.00,28,,134,47,19,1,1.00
51365,4368460,Ovixan 1mg/g cream (Biofrontera UK Ltd) [100],100.00,100,,171,115,115,1,1.00
7443,3163946,Rectogesic 0.4% rectal ointment (Grunenthal Ltd) [30],30.00,30,,149,42,41,1,1.00
36299,4140760,Syonell 250mg gastro-resistant tablets (Lupin Healthcare (UK) Ltd) [30],30.00,30,,104,82,53,1,1.00
42839,8429995,Lyrica 150mg capsules (PI) (Viatris UK Healthcare Ltd) [56],56.00,56,,130,91,46,1,1.00
15330,6830954,GelTears 0.2% gel (PI) (Bausch & Lomb UK Ltd) [10],10.00,10,,108,28,22,1,1.00
8001,1108869,Ibuprofen 400mg tablets (Almus Pharmaceuticals Ltd) [84],84.00,84,,93,68,61,1,1.00
8795,3241718,Fosrenol 500mg chewable tablets (Takeda UK Ltd) [90],90.00,90,,151,95,49,1,1.00
11849,3504222,Eczmol 1% cream (Genus Pharmaceuticals Ltd) [250],250.00,250,,142,67,67,1,1.00
50697,8110983,Diclofenac 2.32% gel (Alliance Healthcare (Distribution) Ltd) [30],30.00,30,,110,36,36,1,1.00
12991,3668282,Trajenta 5mg tablets (Boehringer Ingelheim Ltd) [28],28.00,28,,132,55,31,1,1.00
27207,1178359,Ciprofloxacin 500mg tablets (Accord-UK Ltd) [10],10.00,10,,95,59,21,1,1.00
46983,8457954,Celluvisc 0.5% eye drops 0.4ml unit dose (PI) (AbbVie Ltd) [30],30.00,30,,78,67,55,1,1.00
1626,2891810,Comfifast stockinette 10.75cm (Vernacare International Ltd) [3],3.00,3,,138,76,77,1,1.00
413,2456051,Ventolin 100micrograms/dose Evohaler (GlaxoSmithKline UK Ltd) [200],200.00,200,,101,56,33,1,1.00
7959,1110683,Furosemide 20mg tablets (Almus Pharmaceuticals Ltd) [28],28.00,28,,117,51,17,1,1.00
2657,2722122,Evorel 50 patches (Theramex HQ UK Ltd) [24],24.00,24,,82,80,26,1,1.00
34721,4110805,Microdot Max hypodermic insulin needles for pre-filled / reusable pen injectors screw on 4mm/32gauge (Cambridge Sensors Ltd) [100],100.00,100,,72,120,68,1,1.00
14495,6277677,Telmisartan 80mg tablets (Alliance Healthcare (Distribution) Ltd) [28],28.00,28,,138,64,37,1,1.00
41647,1225051,Bascellex 50mg/g cream 250mg sachets (Sun Pharma UK Ltd) [12],12.00,12,,110,64,22,1,1.00
1191,2740322,Slozem 300mg capsules (Zentiva Pharma UK Ltd) [28],28.00,28,,156,51,31,1,1.00
15130,1133438,Ipratropium bromide 500micrograms/2ml nebuliser liquid unit dose vials (Accord-UK Ltd) [20],20.00,20,,189,78,29,1,1.00
8469,1129865,Besavar XL 10mg tablets (Zentiva Pharma UK Ltd) [30],30.00,30,,127,67,23,1,1.00
13407,3682119,Contour Next testing strips (Ascensia Diabetes Care UK Ltd) [50],50.00,50,,56,45,41,1,1.00
13153,3677069,Tiopex 1mg/g eye gel 0.4g unit dose (Thea Pharmaceuticals Ltd) [30],30.00,30,,174,77,31,1,1.00
15401,1184035,Sildenafil 100mg tablets (Teva UK Ltd) [4],4.00,4,,102,54,20,1,1.00
7911,1108711,Aspirin 75mg gastro-resistant tablets (Almus Pharmaceuticals Ltd) [56],56.00,56,,73,72,26,1,1.00
46695,4232559,Mevalia low protein pan carre (Vitaflo International Ltd) [300],300.00,300,,229,147,95,1,1.00
923,0002535,Locasol powder (Nutricia Ltd) [400],400.00,400,,137,105,105,1,1.00
44510,8113235,Sumatriptan 6mg/0.5ml solution for injection pre-filled pens (Alliance Healthcare (Distribution) Ltd) [2],2.00,2,,178,74,34,1,1.00
16457,1128107,Pamsvax XL 400microgram capsules (Accord-UK Ltd) [30],30.00,30,,116,51,31,1,1.00
4115,0065656,Synphase tablets (Pfizer Ltd) [21],21.00,21,,95,67,34,1,1.00
13721,1175447,Phenytoin sodium 100mg capsules (Flynn Pharma Ltd) [84],84.00,84,,97,64,64,1,1.00
26497,1157320,Myfenax 500mg tablets (Teva UK Ltd) [50],50.00,50,,109,69,51,1,1.00
13259,1168558,Orlistat 120mg capsules (Teva UK Ltd) [84],84.00,84,,145,76,58,1,1.00
44355,8092140,Teromeg 1000mg capsules (Alliance Healthcare (Distribution) Ltd) [28],28.00,28,,97,56,56,1,1.00
33011,3827102,Venladex XL 75mg tablets (Dexcel-Pharma Ltd) [28],28.00,28,,101,65,19,1,1.00
13458,1170752,Sondate XL 400mg tablets (Teva UK Ltd) [60],60.00,60,,138,67,49,1,1.00
12981,8437428,Acarbose 50mg tablets (Alliance Healthcare (Distribution) Ltd) [90],90.00,90,,105,73,37,1,1.00
12839,1159375,Exemestane 25mg tablets (Pfizer Ltd) [30],30.00,30,,88,53,30,1,1.00
2757,2518157,Acidex oral suspension aniseed (Pinewood Healthcare) [500],500.00,500,,77,77,178,1,1.00
40201,8042624,Qvar 100micrograms/dose Easi-Breathe inhaler (PI) (Teva UK Ltd) [200],200.00,200,,117,56,42,1,1.00
1827,1103274,Lisinopril 5mg tablets (Teva UK Ltd) [28],28.00,28,,139,49,24,1,1.00
39407,4164661,Mylife Aveo testing strips (Pikdare S.p.A.) [50],50.00,50,,65,105,170,1,1.00
32175,8395600,Primidone 250mg tablets (SERB) (Alliance Healthcare (Distribution) Ltd) [100],100.00,100,,115,65,56,1,1.00
36286,4101036,ColeDose D3 400unit capsules (TriOn Pharma Ltd) [30],30.00,30,,80,58,26,1,1.00
1817,2708279,Ibugel Forte 10% gel (Dermal Laboratories Ltd) [100],100.00,100,,179,45,44,1,1.00
2143,0384800,Steri-strip skin closure strips 6mm x 75mm (3M Health Care Ltd) [36],36.00,36,,145,72,20,1,1.00
1621,2891828,Comfifast stockinette 5cm (Vernacare International Ltd) [5],5.00,5,,80,71,84,1,1.00
8281,3106432,Adartrel 250microgram tablets (GlaxoSmithKline UK Ltd) [12],12.00,12,,140,59,20,1,1.00
11387,2381051,Calceos 500mg/400unit chewable tablets (Galen Ltd) [60],60.00,60,,111,108,32,1,1.00
41847,3711678,Juvela gluten free pure oats (Juvela Ltd) [500],500.00,500,,170,133,85,1,1.00
1559,6805857,Trihexyphenidyl 5mg tablets (Alliance Healthcare (Distribution) Ltd) [84],84.00,84,,69,45,46,1,1.00
51362,8079667,Ezetrol 10mg tablets (BUK) (Organon Pharma (UK) Ltd) [28],28.00,28,,97,50,25,1,1.00
3221,0013029,Betaloc I.V. 5mg/5ml solution for injection ampoules (Recordati Pharmaceuticals Ltd) [5],5.00,5,,105,89,23,1,1.00
13843,3711223,Seebri Breezhaler 44microgram inhalation powder capsules with device (Novartis Pharmaceuticals UK Ltd) [30],30.00,30,,150,93,58,1,1.00
1453,2437986,Efexor XL 150mg capsules (Viatris UK Healthcare Ltd) [28],28.00,28,,126,90,30,1,1.00
1629,2891786,Comfifast stockinette 17.5cm (Vernacare International Ltd) [1],1.00,1,,172,108,30,1,1.00
1510,0309435,Ditropan 2.5mg tablets (Neon Healthcare Ltd) [84],84.00,84,,105,42,37,1,1.00
30083,3148327,Celluvisc 1% eye drops 0.4ml unit dose (AbbVie Ltd) [60],60.00,60,,161,105,55,1,1.00
19943,1204593,Brinzolamide 10mg/ml eye drops (Accord-UK Ltd) [5],5.00,5,,75,42,36,1,1.00
46014,7160401,Vitamins A and D capsules BPC 1973 (NoPL) (Alliance Healthcare (Distribution) Ltd) [84],84.00,84,,54,54,61,1,1.00
14453,6806863,Unifine Pentips hypodermic insulin needles for pre-filled / reusable pen injectors screw on 8mm/31gauge (PI) (Owen Mumford Ltd) [100],100.00,100,,102,95,68,1,1.00
907,2410942,Melolin dressing 10cm x 10cm (Smith & Nephew Healthcare Ltd) [1],1.00,1,,164,134,25,1,5.00
285,0104901,Lustral 50mg tablets (Viatris UK Healthcare Ltd) [28],28.00,28,,132,63,26,1,1.00
12493,1158864,Bisoprolol 10mg tablets (Almus Pharmaceuticals Ltd) [28],28.00,28,,117,60,22,1,1.00
7994,1110741,Lisinopril 2.5mg tablets (Almus Pharmaceuticals Ltd) [28],28.00,28,,117,51,16,1,1.00
45057,8059669,Sumatriptan 6mg/0.5ml solution for injection pre-filled pens (PI) (Alliance Healthcare (Distribution) Ltd) [2],2.00,2,,180,73,35,1,1.00
48555,8060691,Ontozry 50mg tablets (PI) (Angelini Pharma UK-I Ltd) [28],28.00,28,,20,125,78,1,1.00
2494,0294892,Depo-Medrone with Lidocaine suspension for injection 2ml vials (Pfizer Ltd) [1],1.00,1,,75,35,35,1,1.00
8737,3250883,Formoterol Easyhaler 12micrograms/dose dry powder inhaler (Orion Pharma (UK) Ltd) [120],120.00,120,,129,82,47,1,1.00
13207,8466203,Valsartan 80mg / Hydrochlorothiazide 12.5mg tablets (Alliance Healthcare (Distribution) Ltd) [28],28.00,28,,44,106,22,1,1.00
2857,7027089,Terazosin 2mg tablets (Alliance Healthcare (Distribution) Ltd) [28],28.00,28,,80,56,22,1,1.00
2533,0191031,Neo-Cytamen 1000micrograms/1ml solution for injection ampoules (RPH Pharmaceuticals AB) [5],5.00,5,,76,74,20,1,1.00
6758,6834808,Tizanidine 4mg tablets (Alliance Healthcare (Distribution) Ltd) [120],120.00,120,,136,48,43,1,1.00
51241,6325658,Telmisartan 40mg / Hydrochlorothiazide 12.5mg tablets (Alliance Healthcare (Distribution) Ltd) [28],28.00,28,,147,111,26,1,1.00
19039,1135722,Trifluoperazine 1mg tablets (Advanz Pharma) [112],112.00,112,,107,43,51,1,1.00
1483,7164577,Ascorbic acid 200mg tablets (Alliance Healthcare (Distribution) Ltd) [28],28.00,28,,52,55,21,1,1.00
3289,2702850,Loniten 5mg tablets (Pfizer Ltd) [60],60.00,60,,115,65,42,1,1.00
4683,2293173,Combihesive Natura two piece ostomy system combihesive flange S7247 57mm (ConvaTec Ltd) [5],5.00,5,,183,180,66,1,1.00
20773,1140300,Clonazepam 500microgram tablets (Teva UK Ltd) [100],100.00,100,,107,66,48,1,1.00
14765,8134926,Yellox 900micrograms/ml eye drops (PI) (Bausch & Lomb UK Ltd) [5],5.00,5,,72,28,28,1,1.00
48606,8091472,Colecalciferol 400unit / Calcium carbonate 1.5g chewable tablets (NoPL) (Alliance Healthcare (Distribution) Ltd) [112],112.00,112,,60,43,43,1,1.00
48533,1279579,Conjugated oestrogens 625microgram tablets (Pfizer Ltd) [84],84.00,84,,28,97,109,1,1.00
6339,7118623,Haloperidol 5mg/5ml oral solution sugar free (Alliance Healthcare (Distribution) Ltd) [100],100.00,100,,122,49,49,1,1.00
16391,2949162,Fast Aid zinc oxide adhesive tape 1.25cm (Robinson Healthcare) [5],5.00,5,,56,55,28,1,1.00
15021,6825574,"BD Micro-Fine + hypodermic insulin needles for pre-filled / reusable pen injectors screw on 8mm/31gauge (PI) (Becton, Dickinson UK Ltd) [100]",100.00,100,,129,73,85,1,1.00
2043,1082973,Phenobarbital 30mg tablets (Accord-UK Ltd) [28],28.00,28,,108,38,19,1,1.00
36517,1225721,Cefalexin 250mg capsules (Flynn Pharma Ltd) [28],28.00,28,,119,65,22,1,1.00
11489,3467768,Care olive oil ear drops (Thornton & Ross Ltd) [10],10.00,10,,93,57,32,1,1.00
7226,3126075,Tegaderm + Pad dressing 9cm x 10cm (3M Health Care Ltd) [25],25.00,25,,197,140,43,1,1.00
19453,1198704,Pregabalin 300mg capsules (Teva UK Ltd) [56],56.00,56,,136,67,41,1,1.00
21579,4006235,HydraMed 0.2% eye drops preservative free (Farmigea S.p.A.) [10],10.00,10,,79,36,36,1,1.00
7967,1115872,Spironolactone 50mg tablets (Almus Pharmaceuticals Ltd) [28],28.00,28,,117,47,18,1,1.00
9205,3276466,CliniFast stockinette 10.75cm (CliniSupplies Ltd) [3],3.00,3,,133,66,62,1,1.00
6723,2548725,Mepore Film dressing 6cm x 7cm (Molnlycke Health Care Ltd) [10],10.00,10,,156,111,26,1,1.00
1253,2735009,Monomax XL 60mg tablets (Chiesi Ltd) [28],28.00,28,,102,72,19,1,1.00
27501,4045175,Hylo-Dual eye drops preservative free (Scope Ophthalmics Ltd) [10],10.00,10,,112,41,36,1,1.00
14746,8140386,Cymbalta 30mg gastro-resistant capsules (PI) (Eli Lilly and Company Ltd) [28],28.00,28,,69,70,22,1,1.00
45725,8057077,Dovonex 50micrograms/g ointment (PI) (LEO Pharma) [60],60.00,60,,169,42,37,1,1.00
1391,2534204,Maxalt 10mg tablets (Organon Pharma (UK) Ltd) [6],6.00,6,,95,50,22,1,1.00
7935,1108794,Chlorphenamine 4mg tablets (Almus Pharmaceuticals Ltd) [28],28.00,28,,121,62,21,1,1.00
4625,1111699,Ramipril 2.5mg tablets (Teva UK Ltd) [28],28.00,28,,89,65,20,1,1.00
2677,0769547,Water for injections 5ml ampoules (Alliance Healthcare (Distribution) Ltd) [10],10.00,10,,102,90,38,1,1.00
417,2635225,Salamol 100micrograms/dose inhaler CFC free (Teva UK Ltd) [200],200.00,200,,85,52,33,1,1.00
12125,3567872,Capimune 100mg capsules (Viatris UK Healthcare Ltd) [30],30.00,30,,185,70,59,1,1.00
16754,6347827,Onglyza 2.5mg tablets (PI) (AstraZeneca UK Ltd) [28],28.00,28,,154,81,31,1,1.00
41781,3443637,Glutafin gluten free part baked 2 long white rolls (Dr Schar UK Ltd) [150],150.00,150,,200,152,48,1,1.00
36287,4101044,ColeDose D3 400unit tablets (TriOn Pharma Ltd) [30],30.00,30,,74,35,21,1,1.00
9839,3342052,Allevyn Gentle Border dressing 7.5cm x 7.5cm (Smith & Nephew Healthcare Ltd) [10],10.00,10,,163,134,50,1,1.00
2603,2515542,Estraderm MX 75 patches (Norgine Pharmaceuticals Ltd) [8],8.00,8,,102,99,23,1,1.00
11869,3545498,Urgotul dressing 5cm x 5cm (Urgo Ltd) [10],10.00,10,,120,88,17,1,1.00
2825,0903732,"Portia ring pessary 1.25cm thick, 71mm diameter, PVC (Bray Group Ltd) [1]",1.00,1,,196,157,12,1,1.00
46453,4268132,AddGluco chewable tablets strawberry (TriOn Pharma Ltd) [10],10.00,10,,30,30,90,1,1.00
13446,3707114,Vimpat 10mg/ml syrup (UCB Pharma Ltd) [200],200.00,200,,160,76,75,1,1.00
18785,3731684,Calogen Extra Shots emulsion neutral (Nutricia Ltd) [240],240.00,240,,163,106,44,1,1.00
7139,0090647,Synalar 1 in 4 Dilution 0.00625% ointment (Reig Jofre UK Ltd) [50],50.00,50,,129,42,32,1,1.00
2955,7056633,Ipratropium bromide 500micrograms/2ml nebuliser liquid unit dose vials (Alliance Healthcare (Distribution) Ltd) [20],20.00,20,,191,79,31,1,1.00
7851,1125145,Sertraline 50mg tablets (Teva UK Ltd) [28],28.00,28,,135,47,22,1,1.00
13941,8093668,Entacapone 200mg tablets (Alliance Healthcare (Distribution) Ltd) [100],100.00,100,,122,81,63,1,1.00
1421,7111727,Co-codamol 30mg/500mg tablets (Alliance Healthcare (Distribution) Ltd) [30],30.00,30,,115,54,21,1,1.00
7981,1115989,Pravastatin 10mg tablets (Almus Pharmaceuticals Ltd) [28],28.00,28,,136,48,23,1,1.00
4154,7022643,Midazolam 50mg/10ml solution for injection ampoules (Alliance Healthcare (Distribution) Ltd) [10],10.00,10,,118,106,45,1,1.00
41513,8041279,Neupro 2mg/24hours transdermal patches (BUK) (UCB Pharma Ltd) [28],28.00,28,,151,150,27,1,1.00
49823,1285287,Conjugated oestrogens 300microgram / Medroxyprogesterone 1.5mg modified-release tablets (Pfizer Ltd) [84],84.00,84,,26,85,105,1,1.00
247,2701472,Azopt 10mg/ml eye drops (Novartis Pharmaceuticals UK Ltd) [5],5.00,5,,86,37,37,1,1.00
6715,3545514,Urgotul dressing 15cm x 20cm (Urgo Ltd) [10],10.00,10,,177,256,17,1,1.00
3145,2869337,Arcoxia 120mg tablets (Organon Pharma (UK) Ltd) [7],7.00,7,,116,60,23,1,1.00
40293,1128081,Diclofenac sodium 50mg gastro-resistant tablets (Almus Pharmaceuticals Ltd) [84],84.00,84,,95,55,35,1,1.00
43913,6348254,Eplerenone 50mg tablets (Alliance Healthcare (Distribution) Ltd) [28],28.00,28,,123,45,27,1,1.00
41522,8044885,Mariosea XL 2mg capsules (Alliance Healthcare (Distribution) Ltd) [28],28.00,28,,128,65,31,1,1.00
44789,1268689,Sitagliptin 50mg tablets (Teva UK Ltd) [28],28.00,28,,128,55,28,1,1.00
1791,2369296,Fenbid 5% gel (Advanz Pharma) [30],30.00,30,,153,38,28,1,1.00
2587,1037514,Mebeverine 135mg tablets (Teva UK Ltd) [100],100.00,100,,136,76,40,1,1.00
13199,8465734,Rivastigmine 4.5mg capsules (Alliance Healthcare (Distribution) Ltd) [28],28.00,28,,128,77,26,1,1.00
2918,2705986,Xatral XL 10mg tablets (Sanofi) [30],30.00,30,,125,41,35,1,1.00
36317,1236793,Omeprazole 20mg/5ml oral suspension sugar free (Rosemont Pharmaceuticals Ltd) [75],75.00,75,,203,96,72,1,1.00
1929,0216697,Phenergan 25mg tablets (Opella Healthcare UK Ltd) [56],56.00,56,,104,72,22,1,1.00
10102,3383254,ReQuip XL 8mg tablets (GlaxoSmithKline UK Ltd) [28],28.00,28,,131,60,28,1,1.00
31685,1217223,Gliclazide 40mg tablets (Almus Pharmaceuticals Ltd) [28],28.00,28,,107,37,18,1,1.00
44475,5401013,Hydrocortisone sodium succinate 100mg powder for solution for injection vials (Pfizer Ltd) [10],10.00,10,,95,51,44,1,1.00
36111,4099776,Contour Plus testing strips (Ascensia Diabetes Care UK Ltd) [50],50.00,50,,57,46,42,1,1.00
1199,8415416,Diltiazem 60mg modified-release tablets (Alliance Healthcare (Distribution) Ltd) [84],84.00,84,,49,69,29,1,1.00
16649,3886298,DuoResp Spiromax 160micrograms/dose / 4.5micrograms/dose dry powder inhaler (Teva UK Ltd) [120],120.00,120,,178,76,47,1,1.00
2257,0031450,Mini-Wright peak flow meter replacement mouthpiece plastic (Clement Clarke International Ltd) [1],1.00,1,,30,30,63,1,1.00
8413,1083492,Doxycycline 100mg capsules (Teva UK Ltd) [8],8.00,8,,137,48,21,1,1.00
20130,6839567,Eliquis 5mg tablets (PI) (Bristol-Myers Squibb Pharmaceuticals Ltd) [60],60.00,60,,143,51,39,1,1.00
38069,4146387,Tolthen XL 4mg capsules (GB) (Northumbria Pharma Ltd) [28],28.00,28,,125,65,29,1,1.00
32943,4080875,Arovi 60mg/0.6ml solution for injection pre-filled syringes (ROVI Biotech Ltd) [10],10.00,10,,167,102,78,1,1.00
1215,1045335,Loperamide 2mg capsules (Teva UK Ltd) [30],30.00,30,,109,72,28,1,1.00
6615,0070789,Kaltostat dressing 5cm x 5cm (ConvaTec Ltd) [10],10.00,10,,115,96,23,1,1.00
1977,7103245,Famotidine 40mg tablets (Alliance Healthcare (Distribution) Ltd) [28],28.00,28,,127,51,26,1,1.00
21141,3964483,ODM5 5% eye drops preservative free (Kestrel Ophthalmics Ltd) [10],10.00,10,,82,32,31,1,1.00
8313,1129444,Sumatriptan 100mg tablets (Teva UK Ltd) [6],6.00,6,,92,40,21,1,1.00
12442,8121840,Leflunomide 10mg tablets (Alliance Healthcare (Distribution) Ltd) [30],30.00,30,,85,49,48,1,1.00
19953,1199504,Esomeprazole 40mg gastro-resistant tablets (Almus Pharmaceuticals Ltd) [28],28.00,28,,117,83,39,1,1.00
14725,8092678,Pyridostigmine bromide 60mg tablets (Alliance Healthcare (Distribution) Ltd) [200],200.00,200,,110,58,54,1,1.00
32535,1178920,Mycophenolate mofetil 500mg tablets (Accord-UK Ltd) [50],50.00,50,,94,59,53,1,1.00
8719,1126663,Glimepiride 2mg tablets (Teva UK Ltd) [30],30.00,30,,137,49,26,1,1.00
6121,3038742,Conveen Prep 62042 (Coloplast Ltd) [54],54.00,54,,119,69,61,1,1.00
8473,3207776,Colgate Duraphat 5000ppm fluoride toothpaste (Colgate-Palmolive (UK) Ltd) [51],51.00,51,,150,44,36,1,1.00
6541,2527380,CarboFlex dressing 15cm x 20cm (ConvaTec Ltd) [5],5.00,5,,267,189,40,1,1.00
13078,3668597,Allevyn Gentle Border Multisite dressing 17.1cm x 17.9cm (Smith & Nephew Healthcare Ltd) [10],10.00,10,,232,214,49,1,1.00
50637,8111205,Lansoprazole 15mg gastro-resistant capsules (Alliance Healthcare (Distribution) Ltd) [100],100.00,100,,400,325,325,1,1.00
9845,3341997,Flexitol 25% Urea Heel Balm (Thornton & Ross Ltd) [200],200.00,200,,190,64,55,1,1.00
12715,3591674,Allevyn Gentle Border Lite dressing 7.5cm x 7.5cm (Smith & Nephew Healthcare Ltd) [10],10.00,10,,126,113,32,1,1.00
32551,8411134,Pyridoxine 10mg tablets (Alliance Healthcare (Distribution) Ltd) [28],28.00,28,,53,53,61,1,1.00
12305,8101065,Alverine 120mg capsules (Alliance Healthcare (Distribution) Ltd) [60],60.00,60,,83,61,53,1,1.00
8673,3248747,Versatis 700mg medicated plasters (Grunenthal Ltd) [30],30.00,30,,216,157,66,1,1.00
2497,2714566,Flixotide 50micrograms/dose Evohaler (GlaxoSmithKline UK Ltd) [120],120.00,120,,92,52,33,1,1.00
31594,8439994,Olanzapine 10mg orodispersible tablets sugar free (Alliance Healthcare (Distribution) Ltd) [28],28.00,28,,108,65,28,1,1.00
51105,1289354,Chlorpromazine 50mg tablets (Accord-UK Ltd) [28],28.00,28,,22,80,50,1,1.00
4297,0468355,Pancrex V oral powder (Essential Pharmaceuticals Ltd) [300],300.00,300,,103,119,119,1,1.00
715,7018732,Glycerol 4g suppositories (Alliance Healthcare (Distribution) Ltd) [12],12.00,12,,118,63,27,1,1.00
11895,3549045,Dextrogel 40% gel (Neoceuticals Ltd) [80],80.00,80,,135,54,34,1,1.00
13541,0414052,Systane eye drops 0.8ml unit dose preservative free (Alcon Eye Care UK Ltd) [28],28.00,28,,116,83,59,1,1.00
35447,1234921,Liothyronine 10microgram tablets (Morningside Healthcare Ltd) [28],28.00,28,,132,51,26,1,1.00
3616,0180414,Minims tetracaine hydrochloride 0.5% eye drops 0.5ml unit dose (Bausch & Lomb UK Ltd) [20],20.00,20,,89,88,90,1,1.00
47406,1147941,Betamethasone valerate 0.1% cream (Accord-UK Ltd) [30],30.00,30,,123,28,36,1,1.00
37033,4158606,FerroTab 200mg tablets (Essential-Healthcare Ltd) [28],28.00,28,,112,34,15,1,1.00
27293,4027553,AproDerm gel (GB) (Fontus Health Ltd) [100],100.00,100,,46,39,144,1,1.00
26319,4034930,CareSens PRO testing strips (Spirit Healthcare Ltd) [50],50.00,50,,68,52,42,1,1.00
899,2041788,Hypafix tape 2.5cm (Essity UK Ltd) [10],10.00,10,,84,88,31,1,1.00
16717,1195577,Cyclizine 50mg/1ml solution for injection ampoules (Advanz Pharma) [5],5.00,5,,105,99,26,1,1.00
38891,1079375,Promazine 25mg/5ml syrup (Rosemont Pharmaceuticals Ltd) [150],150.00,150,,136,56,54,1,1.00
1644,0915686,Elocon 0.1% ointment (Organon Pharma (UK) Ltd) [30],30.00,30,,135,34,34,1,1.00
32898,1178458,Donepezil 10mg tablets (Accord-UK Ltd) [28],28.00,28,,121,47,29,1,1.00
43685,8127938,Carbimazole 15mg tablets (Alliance Healthcare (Distribution) Ltd) [100],100.00,100,,91,50,49,1,1.00
9745,3293560,Tramulief SR 200mg tablets (Advanz Pharma) [60],60.00,60,,104,62,42,1,1.00
9807,3338175,Lyrica 225mg capsules (Viatris UK Healthcare Ltd) [56],56.00,56,,128,62,45,1,1.00
431,7107790,Co-codamol 8mg/500mg tablets (Alliance Healthcare (Distribution) Ltd) [32],32.00,32,,71,70,25,1,1.00
6689,2849297,Tegaderm IV Advanced dressing with securing tapes 7cm x 8.5cm (3M Health Care Ltd) [5],5.00,5,,169,109,18,1,1.00
5246,3550852,Scholl Softgrip class I below knee stocking circular knit standard stock size closed toe Extra large Soft-Black (SSL International Plc) [2],2.00,2,,141,91,31,1,1.00
440,0195552,Ilube 5% eye drops (Rayner Pharmaceuticals Ltd) [10],10.00,10,,76,55,29,1,1.00
14382,8135147,Zamadol SR 100mg capsules (PI) (Viatris UK Healthcare Ltd) [60],60.00,60,,120,51,46,1,1.00
3241,0469247,Corsodyl 1% dental gel (Haleon UK Trading Ltd) [50],50.00,50,,143,50,36,1,1.00
30769,4058921,Nyzamac SR 40mg capsules (Martindale Pharmaceuticals Ltd) [28],28.00,28,,156,52,26,1,1.00
7767,0344333,K-Band bandage 5cm x 4m (Urgo Ltd) [1],1.00,1,,63,26,26,1,1.00
1967,2560050,Frusol 20mg/5ml oral solution (Rosemont Pharmaceuticals Ltd) [150],150.00,150,,145,55,55,1,1.00
6589,0045351,Granuflex Bordered dressing 10cm x 10cm square (ConvaTec Ltd) [10],10.00,10,,57,186,210,1,1.00
834,2081008,Nu-Seals 75 gastro-resistant tablets (Alliance Pharmaceuticals Ltd) [56],56.00,56,,99,74,28,1,1.00
32528,7031362,Zestril 5mg tablets (PI) (Atnahs Pharma UK Ltd) [28],28.00,28,,131,52,19,1,1.00
44030,4233938,NovoFine hypodermic insulin needles for pre-filled / reusable pen injectors screw on 4mm/32gauge (Novo Nordisk Ltd) [100],100.00,100,,131,74,70,1,1.00
44721,8045163,Ferrous sulfate 200mg tablets (NoPL) (Alliance Healthcare (Distribution) Ltd) [1000],1000.00,1000,,120,65,65,1,1.00
43705,1054840,Water for injections 10ml ampoules (B.Braun Medical Ltd) [20],20.00,20,,114,98,79,1,1.00
17209,3934270,Epimax original cream (Aspire Pharma Ltd) [500],500.00,500,,92,62,202,1,1.00
7751,2481232,K-Plus bandage 10cm x 8.7m (Urgo Ltd) [1],1.00,1,,77,76,138,1,1.00
6789,3059516,Lyrica 50mg capsules (Viatris UK Healthcare Ltd) [84],84.00,84,,128,90,45,1,1.00
36666,4151478,Epival CR 300mg tablets (G.L. Pharma UK Ltd) [30],30.00,30,,113,62,61,1,1.00
140,1082825,Isosorbide mononitrate 10mg tablets (Accord-UK Ltd) [56],56.00,56,,107,38,23,1,1.00
8280,3106457,Adartrel 500microgram tablets (GlaxoSmithKline UK Ltd) [28],28.00,28,,132,60,20,1,1.00
40509,8439960,Gaalin 16mg modified-release capsules (Alliance Healthcare (Distribution) Ltd) [28],28.00,28,,131,68,24,1,1.00
40529,4193165,A1-Cal D3 Max 600mg/400unit chewable tablets sugar free (TriOn Pharma Ltd) [56],56.00,56,,40,120,75,1,1.00
197,0062174,Trandate 100mg tablets (RPH Pharmaceuticals AB) [56],56.00,56,,123,51,24,1,1.00
20219,3988318,Synjardy 5mg/1000mg tablets (Boehringer Ingelheim Ltd) [56],56.00,56,,124,80,72,1,1.00
1877,2233617,Zydol SR 150mg tablets (Grunenthal Ltd) [60],60.00,60,,106,45,42,1,1.00
32086,4040382,Fobumix Easyhaler 160micrograms/dose / 4.5micrograms/dose dry powder inhaler (Orion Pharma (UK) Ltd) [60],60.00,60,,128,81,46,1,1.00
12908,8426421,Exemestane 25mg tablets (Alliance Healthcare (Distribution) Ltd) [30],30.00,30,,92,54,21,1,1.00
1260,2095685,Imigran 50mg tablets (GlaxoSmithKline UK Ltd) [6],6.00,6,,85,59,19,1,1.00
25905,8125916,Xigduo 5mg/850mg tablets (PI) (AstraZeneca UK Ltd) [56],56.00,56,,153,75,60,1,1.00
36585,4090882,B-CoVita Strong tablets (Essential-Healthcare Ltd) [28],28.00,28,,110,37,16,1,1.00
1969,1085182,Imipramine 25mg tablets (Accord-UK Ltd) [28],28.00,28,,107,38,20,1,1.00
9548,3299179,Adcal-D3 Lemon chewable tablets (Grunenthal Ltd) [112],112.00,112,,143,86,49,1,1.00
12405,3587599,"Jext 150micrograms/0.15ml (1 in 1,000) solution for injection auto-injectors (ALK-Abello Ltd) [1]",1.00,1,,170,36,34,1,1.00
50738,8078230,Famotidine 20mg tablets (Alliance Healthcare (Distribution) Ltd) [56],56.00,56,,108,54,32,1,1.00
8028,1126242,Lansoprazole 30mg gastro-resistant capsules (Teva UK Ltd) [28],28.00,28,,106,76,40,1,1.00
2664,2124410,FemSeven 50 patches (Theramex HQ UK Ltd) [4],4.00,4,,77,72,15,1,1.00
46761,8025512,GlucoMen areo Ketone Sensor testing strips (PI) 48106 (A. Menarini Diagnostics Ltd) [10],10.00,10,,158,77,32,1,1.00
18201,3533817,Biatain Silicone dressing 7.5cm x 7.5cm (Coloplast Ltd) [10],10.00,10,,158,140,51,1,1.00
30781,1115716,Co-tenidone 100mg/25mg tablets (Almus Pharmaceuticals Ltd) [28],28.00,28,,102,61,25,1,1.00
7576,3172657,Calcichew D3 Forte chewable tablets (Forum Health Products Ltd) [60],60.00,60,,85,56,57,1,1.00
2545,7013550,Vitamins capsules (NoPL) (Alliance Healthcare (Distribution) Ltd) [1000],1000.00,1000,,94,74,133,1,1.00
18550,3933538,TriCare hypodermic insulin needles for pre-filled / reusable pen injectors screw on 4mm/32gauge (Owen Mumford Ltd) [100],100.00,100,,123,74,72,1,1.00
4752,2293462,Combihesive Natura two piece ostomy system ileostomy bag standard S7271 45mm Beige (ConvaTec Ltd) [10],10.00,10,,229,157,56,1,1.00
24,7150980,Verapamil 40mg tablets (Alliance Healthcare (Distribution) Ltd) [84],84.00,84,,136,47,23,1,1.00
50037,1283795,Fluorouracil 5% cream (Viatris UK Healthcare Ltd) [40],40.00,40,,158,36,32,1,1.00
40061,4174215,AaqEye HA 0.2% eye drops (Essential-Healthcare Ltd) [10],10.00,10,,82,30,30,1,1.00
50301,1283720,Famotidine 40mg tablets (Advanz Pharma) [28],28.00,28,,112,46,16,1,1.00
3364,0429688,Minims saline 0.9% eye drops 0.5ml unit dose (Bausch & Lomb UK Ltd) [20],20.00,20,,87,87,87,1,1.00
5085,2590487,Activa class I below knee stocking circular knit standard stock size closed toe Extra large Sand (L&R Medical UK Ltd) [2],2.00,2,,167,116,31,1,1.00
48566,1282599,Medroxyprogesterone 10mg tablets (Pfizer Ltd) [10],10.00,10,,19,63,113,1,1.00
8145,3195740,CoaguChek XS PT testing strips (Roche Diagnostics Ltd) [48],48.00,48,,92,82,48,1,1.00
2564,2272698,Estraderm MX 25 patches (Norgine Pharmaceuticals Ltd) [8],8.00,8,,82,68,24,1,1.00
51273,8055626,Rivaroxaban 10mg tablets (Alliance Healthcare (Distribution) Ltd) [10],10.00,10,,128,55,28,1,1.00
45777,8435786,Phorpain 5% gel (Alliance Healthcare (Distribution) Ltd) [50],50.00,50,,138,50,34,1,1.00
9957,3371762,Coversyl Arginine 10mg tablets (Servier Laboratories Ltd) [30],30.00,30,,67,43,41,1,1.00
6104,2184455,Conveen EasiCath catheter female 14Ch 5374 (Coloplast Ltd) [25],25.00,25,,249,110,56,1,1.00
1041,2749141,Fosamax Once Weekly 70mg tablets (Organon Pharma (UK) Ltd) [4],4.00,4,,130,67,27,1,1.00
43486,1099506,Lisinopril 10mg tablets (Accord-UK Ltd) [28],28.00,28,,106,37,17,1,1.00
15565,6273676,Cilostazol 100mg tablets (Alliance Healthcare (Distribution) Ltd) [56],56.00,56,,47,48,30,1,1.00
10720,1144799,Venlafaxine 75mg tablets (Teva UK Ltd) [56],56.00,56,,135,47,24,1,1.00
50705,8063331,Ciclesonide 160micrograms/dose inhaler CFC free (Alliance Healthcare (Distribution) Ltd) [120],120.00,120,,42,56,94,1,1.00
37521,4135315,HydraMed Forte 0.4% eye drops preservative free (Farmigea S.p.A.) [10],10.00,10,,33,34,73,1,1.00
16541,3438884,Vensir XL 150mg capsules (Morningside Healthcare Ltd) [28],28.00,28,,120,67,25,1,1.00
14896,6272181,Memantine 10mg/ml oral solution sugar free (Alliance Healthcare (Distribution) Ltd) [50],50.00,50,,81,60,53,1,1.00
37,2384287,Lipitor 40mg tablets (Viatris UK Healthcare Ltd) [28],28.00,28,,64,61,34,1,1.00
30150,1209543,Sumatriptan 100mg tablets (Accord-UK Ltd) [6],6.00,6,,122,68,23,1,1.00
89,2421881,Innovace 2.5mg tablets (Organon Pharma (UK) Ltd) [28],28.00,28,,97,50,31,1,1.00
7912,1108703,Aspirin 75mg gastro-resistant tablets (Almus Pharmaceuticals Ltd) [28],28.00,28,,72,65,28,1,1.00
34761,8011140,Stalevo 150mg/37.5mg/200mg tablets (PI) (Orion Pharma (UK) Ltd) [30],30.00,30,,106,57,55,1,1.00
11124,8432775,Levocetirizine 5mg tablets (Alliance Healthcare (Distribution) Ltd) [30],30.00,30,,114,48,19,1,1.00
2737,0903740,"Portia ring pessary 1.25cm thick, 74mm diameter, PVC (Bray Group Ltd) [1]",1.00,1,,196,160,16,1,1.00
43608,4159422,Dulcolax 5mg suppositories (Opella POM UK Ltd) [5],5.00,5,,118,62,22,1,1.00
12337,3578903,Unilet Eco lancets sterile single use 0.375mm/28gauge (Owen Mumford Ltd) [100],100.00,100,,103,74,34,1,1.00
37034,4158598,FerroTab 200mg tablets (Essential-Healthcare Ltd) [100],100.00,100,,65,47,47,1,1.00
1393,0083659,Zithromax 200mg/5ml oral suspension (Pfizer Ltd) [22.50],22.50,0,,134,88,48,1,1.00
10820,1146554,Venaxx XL 150mg capsules (Advanz Pharma) [28],28.00,28,,104,66,44,1,1.00
26505,2132744,Femoston 1/10mg tablets (Exeltis UK Ltd) [84],84.00,84,,98,59,20,1,1.00
12260,1152024,Gabapentin 100mg capsules (Almus Pharmaceuticals Ltd) [100],100.00,100,,91,83,61,1,1.00
32885,3583853,MucoClear 3% inhalation solution 4ml ampoules (Pari Medical Ltd) [20],20.00,20,,154,87,30,1,1.00
11820,8436255,Losartan 12.5mg tablets (Alliance Healthcare (Distribution) Ltd) [28],28.00,28,,93,45,23,1,1.00
15213,3673290,Aquacel Extra dressing 10cm x 10cm square (ConvaTec Ltd) [10],10.00,10,,172,149,41,1,1.00
46394,8062424,Benzydamine 0.30% oromucosal spray sugar free (Alliance Healthcare (Distribution) Ltd) [15],15.00,15,,41,41,115,1,1.00
240,2411429,Cozaar-Comp 50mg/12.5mg tablets (Organon Pharma (UK) Ltd) [28],28.00,28,,97,49,30,1,1.00
1996,2059558,Ovex 100mg chewable tablets (McNeil Products Ltd) [4],4.00,4,,100,40,25,1,1.00
34193,8117681,Inadine dressing 9.5cm x 9.5cm (PI) (Systagenix Wound Management Ltd) [10],10.00,10,,159,140,40,1,1.00
8684,3252095,"Grazax 75,000 SQ-T oral lyophilisates (ALK-Abello Ltd) [30]",30.00,30,,135,52,20,1,1.00
36329,4102331,ColeKal-D3 Dissolve 400unit/1500mg effervescent tablets (Essential-Healthcare Ltd) [56],56.00,56,,128,83,82,1,1.00
8076,3209889,Conveen Optima latex free self-sealing Urisheath standard length 22025 25mm (Coloplast Ltd) [30],30.00,30,,160,138,70,1,1.00
8293,3225695,Ganfort 0.3mg/ml / 5mg/ml eye drops (AbbVie Ltd) [9],9.00,9,,78,65,30,1,1.00
34594,4101507,VIZcellose 0.5% eye drops preservative free (East Midlands Pharma Ltd) [10],10.00,10,,72,29,29,1,1.00
3716,2890085,Salofalk 1g/application foam enema (Dr. Falk Pharma UK Ltd) [14],14.00,14,,157,99,82,1,1.00
19176,3939808,Envarsus 750microgram modified-release tablets (Chiesi Ltd) [30],30.00,30,,156,87,35,1,1.00
39709,8038358,Carbamazepine 400mg tablets (Medreich Plc) [56],56.00,56,,88,83,33,1,1.00
7948,1110956,Warfarin 1mg tablets (Almus Pharmaceuticals Ltd) [28],28.00,28,,117,52,18,1,1.00
17109,3935871,Cetraben ointment (Thornton & Ross Ltd) [450],450.00,450,,103,103,108,1,1.00
5136,3551009,Scholl Softgrip class I thigh length stocking circular knit standard stock size closed toe Large Natural (SSL International Plc) [2],2.00,2,,142,90,31,1,1.00
2645,0406298,Emla 5% cream (Aspen Pharma Trading Ltd) [5],5.00,5,,102,36,36,1,1.00
16446,3865995,"Fultium-D3 3,200unit capsules (Internis Pharmaceuticals Ltd) [30]",30.00,30,,104,61,20,1,1.00
9900,1112184,Co-cyprindiol 2000microgram/35microgram tablets (Almus Pharmaceuticals Ltd) [63],63.00,63,,115,51,25,1,1.00
6876,3066081,Vesicare 5mg tablets (Astellas Pharma Ltd) [30],30.00,30,,118,47,24,1,1.00
21593,8096554,Tioconazole 283mg/ml medicated nail lacquer (Alliance Healthcare (Distribution) Ltd) [12],12.00,12,,81,37,36,1,1.00
37028,4156824,FerroDose-F 210mg tablets (TriOn Pharma Ltd) [84],84.00,84,,117,46,32,1,1.00
13065,8439838,Mometasone 0.1% cream (Alliance Healthcare (Distribution) Ltd) [100],100.00,100,,186,49,39,1,1.00
1792,2369304,Fenbid 5% gel (Advanz Pharma) [50],50.00,50,,138,49,33,1,1.00
26309,4033445,Acidex Advance oral suspension aniseed (Wockhardt UK Ltd) [500],500.00,500,,75,74,176,1,1.00
40378,8004632,Nebivolol 1.25mg tablets (Alliance Healthcare (Distribution) Ltd) [28],28.00,28,,98,52,21,1,1.00
15548,3853249,Lucette 0.03mg/3mg tablets (Gedeon Richter (UK) Ltd) [63],63.00,63,,116,50,29,1,1.00
2196,0419895,Serc 16mg tablets (Viatris UK Healthcare Ltd) [84],84.00,84,,132,77,42,1,1.00
41611,8044901,Torasemide 10mg tablets (Alliance Healthcare (Distribution) Ltd) [28],28.00,28,,106,44,21,1,1.00
996,0401653,Protifar powder (Nutricia Ltd) [225],225.00,225,,101,101,124,1,1.00
19617,3943842,OneTouch Select Plus testing strips (LifeScan) [50],50.00,50,,65,51,33,1,1.00
11984,3559259,Millinette 20microgram/75microgram tablets (Gedeon Richter (UK) Ltd) [63],63.00,63,,115,51,29,1,1.00
439,8383937,Atropine 1% eye drops (Alliance Healthcare (Distribution) Ltd) [10],10.00,10,,85,36,26,1,1.00
6918,6804223,Moxonidine 400microgram tablets (Alliance Healthcare (Distribution) Ltd) [28],28.00,28,,41,43,24,1,1.00
2212,0448308,Dantrium 25mg capsules (Forum Health Products Ltd) [100],100.00,100,,63,48,126,1,1.00
15432,3582871,Priligy 60mg tablets (A. Menarini Farmaceutica Internazionale SRL) [6],6.00,6,,123,55,11,1,1.00
499,0827618,Ferrous sulfate 200mg tablets (Accord-UK Ltd) [100],100.00,100,,91,51,46,1,1.00
2595,0372862,Fucidin H cream (LEO Pharma) [30],30.00,30,,126,36,34,1,1.00
11829,3172707,Activa class II below knee stocking circular knit standard stock size open toe XX large Sand (L&R Medical UK Ltd) [2],2.00,2,,165,116,31,1,1.00
3628,2104099,Motifene 75mg modified-release capsules (Glenwood GmbH) [56],56.00,56,,105,62,35,1,1.00
2116,0089797,Zoladex 3.6mg implant SafeSystem pre-filled syringes (AstraZeneca UK Ltd) [1],1.00,1,,222,90,30,1,1.00
30082,2758159,Celluvisc 1% eye drops 0.4ml unit dose (AbbVie Ltd) [30],30.00,30,,103,78,51,1,1.00
8128,3195732,CoaguChek XS PT testing strips (Roche Diagnostics Ltd) [24],24.00,24,,93,51,45,1,1.00
19644,1196229,Phenoxymethylpenicillin 250mg/5ml oral solution sugar free (Almus Pharmaceuticals Ltd) [100],100.00,100,,140,82,56,1,1.00
33138,4086781,Salivix spray (Galen Ltd) [50],50.00,50,,130,42,42,1,1.00
14600,8129033,Edronax 4mg tablets (PI) (Pfizer Ltd) [60],60.00,60,,54,55,30,1,1.00
48618,4063566,Cetraxal 2mg/ml ear drops 0.25ml unit dose (Aspire Pharma Ltd) [15],15.00,15,,130,101,42,1,1.00
12920,8426348,Repaglinide 2mg tablets (Alliance Healthcare (Distribution) Ltd) [90],90.00,90,,108,66,36,1,1.00
6896,2760247,Orajel Extra Strength 20% dental gel (Church & Dwight UK Ltd) [5.30],5.30,0,,84,26,26,1,1.00
22362,3948767,GlucoRx Safety lancets 1.8mm/28gauge (GlucoRx Ltd) [100],100.00,100,,120,60,110,1,1.00
15916,6324339,Ebixa 20mg tablets (PI) (Lundbeck Ltd) [28],28.00,28,,134,77,20,1,1.00
2900,2544757,Qvar 50 Autohaler (Teva UK Ltd) [200],200.00,200,,99,59,35,1,1.00
11546,3366168,Neoclarityn 2.5mg/5ml oral solution (Organon Pharma (UK) Ltd) [100],100.00,100,,115,55,50,1,1.00
7648,3530672,Able Spacer 2 with medium mask (Clement Clarke International Ltd) [1],1.00,1,,80,160,90,1,1.00
44774,8044927,Ebilfumin 75mg capsules (Alliance Healthcare (Distribution) Ltd) [10],10.00,10,,116,68,39,1,1.00
14224,8462392,Benzydamine 0.15% oromucosal spray sugar free (Alliance Healthcare (Distribution) Ltd) [30],30.00,30,,120,42,41,1,1.00
11508,8455511,Fenofibrate micronised 267mg capsules (Alliance Healthcare (Distribution) Ltd) [28],28.00,28,,120,65,21,1,1.00
2038,2601466,Half Sinemet CR 25mg/100mg tablets (Organon Pharma (UK) Ltd) [60],60.00,60,,105,55,34,1,1.00
13108,1143635,Marol 150mg modified-release tablets (Teva UK Ltd) [60],60.00,60,,102,63,41,1,1.00
1864,0159681,Librium 10mg capsules (Viatris UK Healthcare Ltd) [100],100.00,100,,96,47,47,1,1.00
32938,4080891,Arovi 100mg/1ml solution for injection pre-filled syringes (ROVI Biotech Ltd) [10],10.00,10,,165,101,78,1,1.00
48560,1283696,Clindamycin 1% aqueous lotion (Pfizer Ltd) [30],30.00,30,,40,42,81,1,1.00
17098,3867405,GlucoMen areo Sensor testing strips (A. Menarini Diagnostics Ltd) [50],50.00,50,,69,57,46,1,1.00
13756,8082687,Betamethasone 500microgram soluble tablets sugar free (Alliance Healthcare (Distribution) Ltd) [100],100.00,100,,146,64,31,1,1.00
7932,1110659,Enalapril 10mg tablets (Almus Pharmaceuticals Ltd) [28],28.00,28,,112,65,17,1,1.00
44222,8119059,Trimipramine 50mg capsules (Alliance Healthcare (Distribution) Ltd) [28],28.00,28,,106,64,21,1,1.00
2112,7018161,Erythromycin ethyl succinate 125mg/5ml oral suspension sugar free (Alliance Healthcare (Distribution) Ltd) [100],100.00,100,,48,48,125,1,1.00
16404,1195874,Nitrofurantoin 100mg capsules (Advanz Pharma) [30],30.00,30,,105,46,32,1,1.00
8638,3243102,Complan Shake oral powder 57g sachets strawberry (Nutricia Ltd) [4],4.00,4,,172,116,58,1,1.00
16672,6350698,Zestril 20mg tablets (PI) (Atnahs Pharma UK Ltd) [28],28.00,28,,131,52,17,1,1.00
32942,4080859,Arovi 40mg/0.4ml solution for injection pre-filled syringes (ROVI Biotech Ltd) [10],10.00,10,,167,102,78,1,1.00
52,1082395,Spironolactone 25mg tablets (Teva UK Ltd) [28],28.00,28,,136,47,22,1,1.00
3620,0180455,Minims atropine sulfate 1% eye drops 0.5ml unit dose (Bausch & Lomb UK Ltd) [20],20.00,20,,89,88,90,1,1.00
2974,2749794,Adcal 1500mg chewable tablets (Grunenthal Ltd) [100],100.00,100,,140,61,61,1,1.00
11972,3557923,Rigevidon tablets (Gedeon Richter (UK) Ltd) [63],63.00,63,,115,50,28,1,1.00
6544,0182667,CliniSorb dressing 10cm x 10cm (CliniMed Ltd) [10],10.00,10,,189,151,26,1,1.00
51341,1149913,Mometasone 0.1% ointment (Glenmark Pharmaceuticals Europe Ltd) [100],100.00,100,,195,47,40,1,1.00
47524,4295341,Obgemsa 75mg tablets (Pierre Fabre Ltd) [30],30.00,30,,83,49,54,1,1.00
286,0104919,Lustral 100mg tablets (Viatris UK Healthcare Ltd) [28],28.00,28,,112,63,26,1,1.00
3428,0168328,Effercitrate tablets (Cambridge Healthcare Supplies Ltd) [12],12.00,12,,101,38,37,1,1.00
8500,3250321,Dermax Therapeutic 0.5% shampoo (Dermal Laboratories Ltd) [250],250.00,250,,180,76,41,1,1.00
50706,8063323,Ciclesonide 80micrograms/dose inhaler CFC free (Alliance Healthcare (Distribution) Ltd) [120],120.00,120,,42,56,94,1,1.00
13961,3778081,Ursofalk 500mg tablets (Dr. Falk Pharma UK Ltd) [100],100.00,100,,134,90,38,1,1.00
30108,1178284,Bisoprolol 10mg tablets (Accord-UK Ltd) [28],28.00,28,,122,69,23,1,1.00
19434,6839526,Glucoject lancets PLUS 0.2mm/33gauge (PI) (A. Menarini Diagnostics Ltd) [200],200.00,200,,108,73,52,1,1.00
34120,1159904,Parmid XL 2.5mg tablets (Sandoz Ltd) [28],28.00,28,,113,46,20,1,1.00
19806,6290019,Carbocisteine 375mg capsules (Alliance Healthcare (Distribution) Ltd) [120],120.00,120,,107,97,62,1,1.00
35348,4127130,Imvaggis 0.03mg pessaries (Besins Healthcare (UK) Ltd) [24],24.00,24,,36,117,63,1,1.00
3252,2799344,Doublebase gel (Dermal Laboratories Ltd) [100],100.00,100,,185,43,42,1,1.00
42182,1056449,Aciclovir 200mg tablets (Accord-UK Ltd) [25],25.00,25,,119,47,30,1,1.00
7777,3140894,Actico bandage 12cm x 6m (L&R Medical UK Ltd) [1],1.00,1,,141,82,81,1,1.00
2532,2599470,Ursofalk 250mg/5ml oral suspension (Dr. Falk Pharma UK Ltd) [250],250.00,250,,182,70,70,1,1.00
37818,4173183,Octasa 1g suppositories (Tillotts Pharma UK Ltd) [30],30.00,30,,103,58,48,1,1.00
15436,6352983,Keppra 750mg tablets (PI) (UCB Pharma Ltd) [60],60.00,60,,122,62,60,1,1.00
13522,3696523,Optive Plus 0.5% eye drops (Allergan Ltd) [10],10.00,10,,84,31,31,1,1.00
44540,1085216,Senna 7.5mg tablets Adult (Thornton & Ross Ltd) [20],20.00,20,,103,75,19,1,1.00
13480,6291918,Zolmitriptan 5mg orodispersible tablets sugar free (Alliance Healthcare (Distribution) Ltd) [6],6.00,6,,98,60,18,1,1.00
41514,8041287,Neupro 3mg/24hours transdermal patches (BUK) (UCB Pharma Ltd) [28],28.00,28,,152,150,26,1,1.00
13693,6359616,Irbesartan 75mg tablets (Alliance Healthcare (Distribution) Ltd) [28],28.00,28,,136,70,19,1,1.00
14732,8391625,Hylo-Forte 0.2% eye drops preservative free (PI) (Scope Ophthalmics Ltd) [10],10.00,10,,112,41,36,1,1.00
42430,4223418,Acepiro 600mg effervescent tablets (Stirling Anglian Pharmaceuticals Ltd) [30],30.00,30,,145,97,31,1,1.00
12828,3658275,Aquamax cream (Esteve Pharmaceuticals Ltd) [100],100.00,100,,153,62,38,1,1.00
34346,1209352,Pregabalin 75mg capsules (Accord-UK Ltd) [56],56.00,56,,96,58,36,1,1.00
24452,4026753,Xadago 100mg tablets (Zambon UK Ltd) [30],30.00,30,,101,44,23,1,1.00
13280,2403632,Ursodeoxycholic acid 300mg tablets (Wockhardt UK Ltd) [60],60.00,60,,132,53,41,1,1.00
51174,8941916,Melatonin 5mg capsules (Alliance Healthcare (Distribution) Ltd) [30],30.00,30,,99,81,41,1,1.00
26261,8123424,Sodium chloride 0.9% irrigation solution 20ml unit dose (Alliance Healthcare (Distribution) Ltd) [25],25.00,25,,130,130,107,1,1.00
11624,1139815,Co-beneldopa 12.5mg/50mg capsules (Teva UK Ltd) [100],100.00,100,,97,52,52,1,1.00
36314,4022943,Fresubin 2kcal Mini drink vanilla (Fresenius Kabi Ltd) [500],500.00,500,,95,93,103,1,1.00
7907,1110121,Co-dydramol 10mg/500mg tablets (Almus Pharmaceuticals Ltd) [100],100.00,100,,120,57,47,1,1.00
6102,2764439,SpeediCath catheter female 14Ch 28514 (Coloplast Ltd) [30],30.00,30,,286,183,46,1,1.00
7890,1110469,Ciprofloxacin 500mg tablets (Almus Pharmaceuticals Ltd) [10],10.00,10,,94,63,22,1,1.00
169,2403905,Alphagan 0.2% eye drops (AbbVie Ltd) [5],5.00,5,,64,31,29,1,1.00
20590,3984572,Evolve Carmellose 0.5% eye drops preservative free (Medicom Healthcare Ltd) [10],10.00,10,,82,30,30,1,1.00
32896,8414054,Salamol 100micrograms/dose Easi-Breathe inhaler (BUK) (Teva UK Ltd) [200],200.00,200,,117,58,43,1,1.00
1328,7164973,Co-amilozide 2.5mg/25mg tablets (Alliance Healthcare (Distribution) Ltd) [28],28.00,28,,98,48,22,1,1.00
44670,8061970,Ranolazine 500mg modified-release tablets (Alliance Healthcare (Distribution) Ltd) [60],60.00,60,,139,66,61,1,1.00
13455,1170729,Sondate XL 50mg tablets (Teva UK Ltd) [60],60.00,60,,138,67,48,1,1.00
46446,4263554,QV cream (Ego Pharmaceuticals) [500],500.00,500,,82,82,177,1,1.00
202,0325274,Lopid 600mg tablets (Pfizer Ltd) [56],56.00,56,,110,21,39,1,1.00
10497,1142595,Calcitriol 250nanogram capsules (Alliance Healthcare (Distribution) Ltd) [30],30.00,30,,44,44,45,1,1.00
44254,1179118,Quetiapine 100mg tablets (Accord-UK Ltd) [60],60.00,60,,121,54,46,1,1.00
15348,8382673,Irbesartan 150mg / Hydrochlorothiazide 12.5mg tablets (Alliance Healthcare (Distribution) Ltd) [28],28.00,28,,138,50,18,1,1.00
43612,8071318,Finasteride 1mg tablets (Alliance Healthcare (Distribution) Ltd) [28],28.00,28,,108,46,24,1,1.00
31734,1221183,Rosuvastatin 20mg tablets (Teva UK Ltd) [28],28.00,28,,94,57,23,1,1.00
3127,0033787,Abidec Multivitamin drops (Omega Pharma Ltd) [25],25.00,25,,108,55,39,1,1.00
35014,8016917,Nifedipine 5mg capsules (Alliance Healthcare (Distribution) Ltd) [90],90.00,90,,111,82,53,1,1.00
6461,3040623,Activon Tulle gauze dressing 10cm x 10cm (Advancis Medical) [5],5.00,5,,188,188,14,1,1.00
19221,8432080,Malarone 250mg/100mg tablets (PI) (GlaxoSmithKline UK Ltd) [12],12.00,12,,58,58,19,1,1.00
1436,2551570,Xenical 120mg capsules (GB) (Neon Healthcare Ltd) [84],84.00,84,,115,93,37,1,1.00
8064,3100971,Easyhaler Budesonide 400micrograms/dose dry powder inhaler (Orion Pharma (UK) Ltd) [100],100.00,100,,129,81,48,1,1.00
41372,4214714,Dexcom One Sensor (Dexcom International Ltd) [1],1.00,1,,171,86,62,1,1.00
43634,8041915,Chloral hydrate 500mg/5ml oral solution (Alliance Healthcare (Distribution) Ltd) [150],150.00,150,,141,82,56,1,1.00
16931,6833081,Lacidipine 4mg tablets (Alliance Healthcare (Distribution) Ltd) [28],28.00,28,,106,63,36,1,1.00
36518,1226737,Cefalexin 500mg capsules (Flynn Pharma Ltd) [21],21.00,21,,90,66,38,1,1.00
11341,8434722,Clopidogrel 75mg tablets (Alliance Healthcare (Distribution) Ltd) [30],30.00,30,,102,71,35,1,1.00
10029,3377041,Mepore Ultra dressing 7cm x 8cm (Molnlycke Health Care Ltd) [60],60.00,60,,131,122,93,1,1.00
16544,3824752,Nytol 25mg tablets (Omega Pharma Ltd) [20],20.00,20,,86,65,20,1,1.00
1780,7028608,Warfarin 500microgram tablets (Alliance Healthcare (Distribution) Ltd) [28],28.00,28,,125,58,23,1,1.00
3200,7001969,Lidocaine 20mg/2ml (1%) solution for injection ampoules (Alliance Healthcare (Distribution) Ltd) [10],10.00,10,,86,79,36,1,1.00
46659,1273945,Prucalopride 1mg tablets (Accord-UK Ltd) [28],28.00,28,,130,58,26,1,1.00
41699,4218566,Delofine XL 2.5mg tablets (Morningside Healthcare Ltd) [28],28.00,28,,108,60,20,1,1.00
11650,1149590,Lercanidipine 20mg tablets (Accord-UK Ltd) [28],28.00,28,,123,47,15,1,1.00
9937,8076580,Trandolapril 2mg capsules (Alliance Healthcare (Distribution) Ltd) [28],28.00,28,,104,65,40,1,1.00
369,7164924,Prochlorperazine 5mg tablets (Alliance Healthcare (Distribution) Ltd) [84],84.00,84,,88,52,30,1,1.00
30248,1178110,Amiloride 5mg tablets (Accord-UK Ltd) [28],28.00,28,,127,51,22,1,1.00
16688,1023001,"Adrenaline (base) 1mg/1ml (1 in 1,000) solution for injection ampoules (Advanz Pharma) [10]",10.00,10,,106,101,26,1,1.00
13628,3725553,WaveSense JAZZ Duo testing strips (AgaMatrix Europe Ltd) [50],50.00,50,,84,66,37,1,1.00
30147,1179415,Simvastatin 10mg tablets (Accord-UK Ltd) [28],28.00,28,,103,57,23,1,1.00
15695,8417651,Keppra 100mg/ml oral solution (PI) (UCB Pharma Ltd) [300],300.00,300,,177,93,76,1,1.00
6795,3059466,Lyrica 300mg capsules (Viatris UK Healthcare Ltd) [56],56.00,56,,130,64,46,1,1.00
12252,1148543,Flecainide 100mg tablets (Almus Pharmaceuticals Ltd) [60],60.00,60,,98,47,37,1,1.00
7957,1115724,Folic acid 5mg tablets (Almus Pharmaceuticals Ltd) [28],28.00,28,,107,37,19,1,1.00
8573,3241999,Competact 15mg/850mg tablets (Neon Healthcare Ltd) [56],56.00,56,,220,86,43,1,1.00
7764,2990141,Knit-Band bandage 10cm x 4m (CliniSupplies Ltd) [1],1.00,1,,120,38,38,1,1.00
16304,3761582,GlucoRx FinePoint hypodermic insulin needles for pre-filled / reusable pen injectors screw on 6mm/31gauge (GlucoRx Ltd) [100],100.00,100,,132,73,71,1,1.00
2671,2879922,FreeStyle Optium testing strips (Abbott Laboratories Ltd) [50],50.00,50,,117,66,25,1,1.00
44507,1151794,Clopidogrel 75mg tablets (Accord-UK Ltd) [28],28.00,28,,137,74,23,1,1.00
2283,0013607,Scheriproct ointment (Karo Healthcare UK Ltd) [30],30.00,30,,127,35,35,1,1.00
10748,3403094,Nicorette invisi 25mg/16hours patches (McNeil Products Ltd) [7],7.00,7,,102,83,21,1,1.00
6085,2184448,Conveen EasiCath catheter female 12Ch 5372 (Coloplast Ltd) [25],25.00,25,,250,113,60,1,1.00
9141,1134543,Meloxicam 7.5mg tablets (Almus Pharmaceuticals Ltd) [30],30.00,30,,107,51,22,1,1.00
43528,4162095,Senokot 7.5mg tablets 12 Years Plus (Reckitt Benckiser Healthcare (UK) Ltd) [500],500.00,500,,105,59,59,1,1.00
9116,1097468,Atenolol 100mg tablets (Almus Pharmaceuticals Ltd) [28],28.00,28,,131,51,21,1,1.00
19651,1187673,Procyclidine 5mg tablets (Almus Pharmaceuticals Ltd) [28],28.00,28,,128,52,18,1,1.00
43571,8013021,Cyclizine 50mg/1ml solution for injection ampoules (Alliance Healthcare (Distribution) Ltd) [10],10.00,10,,96,77,33,1,1.00
42259,1127240,Tamsulosin 400microgram modified-release capsules (Teva UK Ltd) [30],30.00,30,,116,64,31,1,1.00
3996,2874543,Omacor capsules (Ceuta Healthcare Ltd) [28],28.00,28,,89,50,49,1,1.00
5985,0377598,Cidomycin 80mg/2ml solution for injection ampoules (Advanz Pharma) [5],5.00,5,,81,74,17,1,1.00
14925,8092314,Acitretin 10mg capsules (Alliance Healthcare (Distribution) Ltd) [60],60.00,60,,126,68,45,1,1.00
50948,8004590,Olmesartan medoxomil 40mg / Hydrochlorothiazide 12.5mg tablets (Alliance Healthcare (Distribution) Ltd) [28],28.00,28,,124,78,43,1,1.00
828,2643971,Monogen powder (Nutricia Ltd) [400],400.00,400,,101,101,134,1,1.00
51271,8022956,Pregabalin 25mg tablets (Alliance Healthcare (Distribution) Ltd) [56],56.00,56,,111,92,60,1,1.00
46011,6325666,Telmisartan 80mg / Hydrochlorothiazide 12.5mg tablets (Alliance Healthcare (Distribution) Ltd) [28],28.00,28,,135,77,36,1,1.00
1715,2256428,Valtrex 500mg tablets (GlaxoSmithKline UK Ltd) [10],10.00,10,,131,59,20,1,1.00
1288,2114262,Calpol Six Plus 250mg/5ml oral suspension sugar free (McNeil Products Ltd) [100],100.00,100,,121,58,56,1,1.00
14909,8105074,Keppra 100mg/ml oral solution (PI) (UCB Pharma Ltd) [150],150.00,150,,63,73,64,1,1.00
7869,2845196,Acti-Glide compression hosiery applicator (L&R Medical UK Ltd) [1],1.00,1,,245,173,22,1,1.00
33032,1222769,Paracetamol 500mg effervescent tablets (Accord-UK Ltd) [60],60.00,60,,111,101,71,1,1.00
12928,3654779,Adcal-D3 750mg/200unit caplets (Kyowa Kirin International UK NewCo Ltd) [112],112.00,112,,103,68,67,1,1.00
11095,1123850,Pantoprazole 40mg gastro-resistant tablets (Accord-UK Ltd) [28],28.00,28,,139,59,30,1,1.00
26959,4027546,AproDerm gel (GB) (Fontus Health Ltd) [500],500.00,500,,212,78,78,1,1.00
5659,2921062,Beconase Hayfever Relief for Adults 50micrograms/dose nasal spray (Omega Pharma Ltd) [100],100.00,100,,113,42,36,1,1.00
2592,0077073,Colofac 135mg tablets (Ceuta Healthcare Ltd) [100],100.00,100,,99,77,42,1,1.00
2709,0095596,Hydromol Bath & Shower emollient (Alliance Pharmaceuticals Ltd) [350],350.00,350,,42,89,167,1,1.00
11813,1150150,Losartan 50mg tablets (Teva UK Ltd) [28],28.00,28,,102,61,25,1,1.00
7996,1110766,Lisinopril 10mg tablets (Almus Pharmaceuticals Ltd) [28],28.00,28,,119,52,20,1,1.00
19044,1199918,Gentamicin 0.3% ear/eye drops (Advanz Pharma) [10],10.00,10,,81,38,38,1,1.00
50235,1279843,Topiramate 20mg/ml oral solution sugar free (Teva UK Ltd) [280],280.00,280,,75,85,150,1,1.00
21611,8100869,Valios 10mg orodispersible tablets sugar free (Alliance Healthcare (Distribution) Ltd) [28],28.00,28,,131,79,28,1,1.00
12511,1159128,Risperidone 2mg tablets (Almus Pharmaceuticals Ltd) [60],60.00,60,,121,46,41,1,1.00
15728,3819893,Evacal D3 1500mg/400unit chewable tablets (Teva UK Ltd) [112],112.00,112,,164,65,65,1,1.00
16781,1186774,Venlablue XL 37.5mg capsules (Zentiva Pharma UK Ltd) [28],28.00,28,,112,56,21,1,1.00
9824,3344900,Arcoxia 30mg tablets (Organon Pharma (UK) Ltd) [28],28.00,28,,116,61,23,1,1.00
47940,4101630,Augmentin-Duo 400/57 oral suspension (GlaxoSmithKline UK Ltd) [35],35.00,35,,109,87,60,1,1.00
36792,1236454,Tamsulosin 400microgram / Dutasteride 500microgram capsules (Accord-UK Ltd) [30],30.00,30,,155,96,52,1,1.00
27907,1216985,Gabapentin 50mg/ml oral solution sugar free (Accord-UK Ltd) [150],150.00,150,,144,80,62,1,1.00
2834,0055061,Colomycin 1million unit powder for solution for injection vials (Teva UK Ltd) [10],10.00,10,,122,61,50,1,1.00
33067,2941417,Carmil XL 60mg tablets (Milpharm Ltd) [28],28.00,28,,107,63,23,1,1.00
12452,8130999,Pramipexole 180microgram tablets (Alliance Healthcare (Distribution) Ltd) [30],30.00,30,,94,46,25,1,1.00
13037,1159680,Lactulose 3.1-3.7g/5ml oral solution (Almus Pharmaceuticals Ltd) [500],500.00,500,,75,75,169,1,1.00
12632,1159672,Tranexamic acid 500mg tablets (Almus Pharmaceuticals Ltd) [60],60.00,60,,115,52,51,1,1.00
39884,8037087,"Colecalciferol 1,000unit tablets (Alliance Healthcare (Distribution) Ltd) [30]",30.00,30,,88,39,27,1,1.00
3668,0440263,Minims fluorescein sodium 1% eye drops 0.5ml unit dose (Bausch & Lomb UK Ltd) [20],20.00,20,,87,87,87,1,1.00
26303,8122889,Peppermint water BP 1973 (Alliance Healthcare (Distribution) Ltd) [100],100.00,100,,113,54,54,1,1.00
2734,0903526,"Portia ring pessary 1.25cm thick, 62mm diameter, PVC (Bray Group Ltd) [1]",1.00,1,,196,149,13,1,1.00
1915,2146769,Neoral 50mg capsules (Novartis Pharmaceuticals UK Ltd) [30],30.00,30,,196,60,39,1,1.00
12720,2460160,Zidoval 0.75% vaginal gel (Exeltis UK Ltd) [40],40.00,40,,167,87,35,1,1.00
2141,0377606,"BD Micro-Fine + hypodermic U100 insulin syringe sterile single use / single patient use 1ml with 12.7mm needle 0.33mm/29gauge (Becton, Dickinson UK Ltd) [10]",10.00,10,,175,142,83,1,10.00
900,0352047,Hypafix tape 5cm (Essity UK Ltd) [10],10.00,10,,85,84,54,1,1.00
9936,8076564,Trandolapril 1mg capsules (Alliance Healthcare (Distribution) Ltd) [28],28.00,28,,101,67,41,1,1.00
3182,0329789,Unguentum M cream (Almirall Ltd) [500],500.00,500,,95,95,108,1,1.00
34091,8414435,Vesomni 6mg/0.4mg modified-release tablets (PI) (Astellas Pharma Ltd) [30],30.00,30,,144,66,32,1,1.00
1798,0146977,Distaclor 125mg/5ml oral suspension (Flynn Pharma Ltd) [100],100.00,100,,134,61,52,1,1.00
46471,8055600,Rivaroxaban 15mg tablets (Alliance Healthcare (Distribution) Ltd) [42],42.00,42,,105,69,30,1,1.00
7940,1100510,Bendroflumethiazide 2.5mg tablets (Almus Pharmaceuticals Ltd) [28],28.00,28,,106,37,17,1,1.00
3845,1052372,Tobramycin 80mg/2ml solution for injection vials (Pfizer Ltd) [5],5.00,5,,114,92,19,1,1.00
12264,1152040,Gabapentin 400mg capsules (Almus Pharmaceuticals Ltd) [100],100.00,100,,141,91,57,1,1.00
27952,1209113,Olanzapine 10mg tablets (Accord-UK Ltd) [28],28.00,28,,123,73,23,1,1.00
42390,0275016,Ethosuximide 250mg/5ml oral solution sugar free (Neuraxpharm UK Ltd) [200],200.00,200,,161,76,74,1,1.00
28158,1216001,Almuriva 9.5mg/24hours transdermal patches (Almus Pharmaceuticals Ltd) [30],30.00,30,,83,73,37,1,1.00
4038,0109199,Imigran Subject 6mg/0.5ml solution for injection pre-filled syringes with device (GlaxoSmithKline UK Ltd) [2],2.00,2,,129,75,40,1,1.00
42159,1226828,Lacosamide 150mg tablets (Accord-UK Ltd) [56],56.00,56,,93,75,36,1,1.00
2492,2151793,Depo-Medrone with Lidocaine suspension for injection 1ml vials (Pfizer Ltd) [10],10.00,10,,155,88,55,1,1.00
3177,2330728,Imigran 20mg nasal spray (GlaxoSmithKline UK Ltd) [6],6.00,6,,132,89,75,1,1.00
6616,0227033,Kaltostat dressing 7.5cm x 12cm (ConvaTec Ltd) [10],10.00,10,,192,123,33,1,1.00
48308,1282128,Diclofenac 2.32% gel (Teva UK Ltd) [100],100.00,100,,116,58,45,1,1.00
19126,1102961,"Bupivacaine 50mg/10ml (0.5%) / Adrenaline (base) 50micrograms/10ml (1 in 200,000) solution for injection ampoules (Advanz Pharma) [10]",10.00,10,,168,142,27,1,1.00
45338,4254355,AgaMatrix Agile testing strips (AgaMatrix Europe Ltd) [50],50.00,50,,62,51,32,1,1.00
8182,2857027,Biatain Adhesive dressing 10cm x 10cm square (Coloplast Ltd) [10],10.00,10,,191,174,53,1,1.00
19931,6352520,Trental 400 modified-release tablets (PI) (Neuraxpharm UK Ltd) [90],90.00,90,,108,75,78,1,1.00
2024,0328872,Madopar 50mg/12.5mg dispersible tablets (Roche Products Ltd) [100],100.00,100,,104,53,55,1,1.00
2041,1083237,Phenobarbital 15mg tablets (Teva UK Ltd) [28],28.00,28,,136,48,23,1,1.00
1100,0086900,Portia dropper straight (Bray Group Ltd) [1],1.00,1,,136,72,18,1,1.00
42524,4232757,Vencamil 100microgram tablets (Aristo Pharma Ltd) [28],28.00,28,,98,65,22,1,1.00
15650,3807690,Zelleta 75microgram tablets (Morningside Healthcare Ltd) [84],84.00,84,,126,68,38,1,1.00
41779,3535515,Glutafin gluten free mini crackers (Dr Schar UK Ltd) [175],175.00,175,,204,123,72,1,1.00
9686,3327129,Prothiaden 25mg capsules (Teofarma S.r.l.) [28],28.00,28,,96,66,21,1,1.00
38883,1197714,Donepezil 1mg/ml oral solution sugar free (Rosemont Pharmaceuticals Ltd) [150],150.00,150,,147,55,55,1,1.00
12020,3564390,Laxido Orange oral powder sachets sugar free (Galen Ltd) [20],20.00,20,,77,130,71,1,1.00
31889,1178888,Losartan 100mg tablets (Accord-UK Ltd) [28],28.00,28,,117,49,19,1,1.00
1268,1081538,Norethisterone 5mg tablets (Wockhardt UK Ltd) [30],30.00,30,,96,39,23,1,1.00
37044,8941908,Melatonin 3mg capsules (Alliance Healthcare (Distribution) Ltd) [30],30.00,30,,98,52,33,1,1.00
542,7149594,Isosorbide dinitrate 20mg tablets (Alliance Healthcare (Distribution) Ltd) [56],56.00,56,,106,37,21,1,1.00
15458,8104945,Colgate Duraphat 5000ppm fluoride toothpaste (PI) (Colgate-Palmolive (UK) Ltd) [51],51.00,51,,150,43,35,1,1.00
4606,2548733,Mepore Film dressing 10cm x 12cm (Molnlycke Health Care Ltd) [1],1.00,1,,216,140,28,1,10.00
34571,1179928,Teromeg 1000mg capsules (Advanz Pharma) [28],28.00,28,,101,56,56,1,1.00
2996,2860625,Questran 4g oral powder sachets (Neon Healthcare Ltd) [50],50.00,50,,135,130,117,1,1.00
18828,6839468,Atrauman dressing 10cm x 20cm (PI) (Paul Hartmann Ltd) [30],30.00,30,,278,143,30,1,1.00
16576,1195197,Paracetamol 500mg/5ml oral solution sugar free (Advanz Pharma) [200],200.00,200,,131,82,65,1,1.00
4620,1111558,Ramipril 5mg capsules (Teva UK Ltd) [28],28.00,28,,136,47,23,1,1.00
42122,1256908,Clonazepam 500microgram tablets (Accord-UK Ltd) [100],100.00,100,,115,60,20,1,1.00
450,7018864,Pilocarpine hydrochloride 2% eye drops (Alliance Healthcare (Distribution) Ltd) [10],10.00,10,,87,37,28,1,1.00
12487,3593290,Moxivig 0.5% eye drops (Novartis Pharmaceuticals UK Ltd) [5],5.00,5,,28,28,70,1,1.00
43563,8061798,Desmopressin 60microgram sublingual tablets sugar free (Alliance Healthcare (Distribution) Ltd) [100],100.00,100,,94,52,47,1,1.00
2328,0210179,Megace 160mg tablets (Alliance Pharmaceuticals Ltd) [30],30.00,30,,113,53,27,1,1.00
2007,0055723,Sudocrem antiseptic healing cream (Teva UK Ltd) [400],400.00,400,,88,88,98,1,1.00
2872,0792457,Simple eye ointment (Alliance Healthcare (Distribution) Ltd) [4],4.00,4,,124,34,25,1,1.00
19060,3933256,Calcichew D3 1000mg/800unit Once Daily chewable tablets (Forum Health Products Ltd) [30],30.00,30,,84,56,55,1,1.00
14146,1182963,Cyclizine 50mg tablets (Accord-UK Ltd) [100],100.00,100,,108,45,42,1,1.00
7870,1125491,Mebeverine 50mg/5ml oral suspension sugar free (Essential Generics Ltd) [300],300.00,300,,170,72,71,1,1.00
755,1082650,Bendroflumethiazide 2.5mg tablets (Accord-UK Ltd) [28],28.00,28,,108,38,20,1,1.00
2183,2646321,Nozinan 25mg tablets (Neuraxpharm UK Ltd) [84],84.00,84,,65,48,90,1,1.00
595,0283689,Fucidin 20mg/g cream (LEO Pharma) [15],15.00,15,,119,31,30,1,1.00
1639,2800050,Microlet lancets 0.5mm/28gauge (Ascensia Diabetes Care UK Ltd) [200],200.00,200,,107,93,64,1,1.00
9743,3293545,Tramulief SR 100mg tablets (Advanz Pharma) [60],60.00,60,,103,46,42,1,1.00
2984,7015969,Amoxicillin 3g oral powder sachets sugar free (Alliance Healthcare (Distribution) Ltd) [2],2.00,2,,105,90,28,1,1.00
31894,1221068,Paracetamol 500mg effervescent tablets (Accord-UK Ltd) [100],100.00,100,,251,102,57,1,1.00
11146,3448339,Nevanac 1mg/ml eye drops (Novartis Pharmaceuticals UK Ltd) [5],5.00,5,,85,37,36,1,1.00
5635,2357275,Aquasleeve medium 783686 40cm-46cm (Coloplast Ltd) [4],4.00,4,,285,177,44,1,1.00
18995,8464166,Regurin XL 60mg capsules (PI) (Viatris UK Healthcare Ltd) [28],28.00,28,,63,63,35,1,1.00
10416,3403631,Vimpat 150mg tablets (UCB Pharma Ltd) [14],14.00,14,,107,61,31,1,1.00
1807,2643443,Dermol 600 bath emollient (Dermal Laboratories Ltd) [600],600.00,600,,222,82,66,1,1.00
2123,7164908,Sulpiride 200mg tablets (Alliance Healthcare (Distribution) Ltd) [30],30.00,30,,129,54,26,1,1.00
32932,4075719,True Metrix testing strips (Trividia Health UK Ltd) [50],50.00,50,,70,41,45,1,1.00
40418,8041089,Rosuvastatin 10mg capsules (Alliance Healthcare (Distribution) Ltd) [28],28.00,28,,123,96,39,1,1.00
1854,0253567,Capasal Therapeutic shampoo (Dermal Laboratories Ltd) [250],250.00,250,,186,80,38,1,1.00
1991,0483271,Haldol 2mg/ml oral solution (Essential Pharma Ltd) [100],100.00,100,,162,79,52,1,1.00
2851,2084762,Lamictal 100mg dispersible tablets (GlaxoSmithKline UK Ltd) [56],56.00,56,,115,62,33,1,1.00
2260,2850980,Zaditen 250micrograms/ml eye drops (Thea Pharmaceuticals Ltd) [5],5.00,5,,82,30,29,1,1.00
15043,8156960,Glyceryl trinitrate 400micrograms/dose pump sublingual spray (Alliance Healthcare (Distribution) Ltd) [180],180.00,180,,113,32,31,1,1.00
1687,2368884,Fortipine LA 40 tablets (Advanz Pharma) [30],30.00,30,,109,43,25,1,1.00
16252,7118714,Trifluoperazine 5mg/5ml oral solution sugar free (Alliance Healthcare (Distribution) Ltd) [150],150.00,150,,135,53,50,1,1.00
29554,4042271,Altrashot 120ml bottles vanilla (Nualtra Ltd) [4],4.00,4,,102,98,113,1,1.00
1018,2410959,Melolin dressing 5cm x 5cm (Smith & Nephew Healthcare Ltd) [1],1.00,1,,107,87,19,1,5.00
2627,0909788,Lamictal 25mg tablets (GlaxoSmithKline UK Ltd) [56],56.00,56,,115,62,33,1,1.00
46414,8023780,Colecalciferol 400unit capsules (Alliance Healthcare (Distribution) Ltd) [30],30.00,30,,96,56,33,1,1.00
2628,0484568,Lamictal 50mg tablets (GlaxoSmithKline UK Ltd) [56],56.00,56,,114,61,33,1,1.00
2475,0071415,Depo-Medrone 80mg/2ml suspension for injection vials (Pfizer Ltd) [1],1.00,1,,56,45,27,1,1.00
3727,2351500,Salofalk 2g/59ml enema (Dr. Falk Pharma UK Ltd) [7],7.00,7,,287,172,56,1,1.00
31192,4054961,Microdot Plus lancets 0.3mm/30gauge (Cambridge Sensors Ltd) [100],100.00,100,,130,70,70,1,1.00
33133,8409153,Olanzapine 10mg orodispersible tablets (Alliance Healthcare (Distribution) Ltd) [28],28.00,28,,109,79,36,1,1.00
3090,0178582,Migraleve tablets (McNeil Products Ltd) [24],24.00,24,,112,66,23,1,1.00
15395,0029355,Betnesol 0.1% eye/ear/nose drops (RPH Pharmaceuticals AB) [10],10.00,10,,82,30,30,1,1.00
12222,1151505,Alendronic acid 70mg tablets (Almus Pharmaceuticals Ltd) [4],4.00,4,,109,80,24,1,1.00
6272,2017275,Rhinolast 140micrograms/dose nasal spray (Ceuta Healthcare Ltd) [22],22.00,22,,128,39,39,1,1.00
6962,3065349,Zomig Rapimelt 5mg orodispersible tablets (Grunenthal Ltd) [6],6.00,6,,115,75,22,1,1.00
7384,3093465,Easyhaler Salbutamol sulfate 100micrograms/dose dry powder inhaler (Orion Pharma (UK) Ltd) [200],200.00,200,,129,80,47,1,1.00
21232,4006599,Briviact 75mg tablets (UCB Pharma Ltd) [56],56.00,56,,111,57,39,1,1.00
31729,4057683,Adex gel (Dermal Laboratories Ltd) [100],100.00,100,,185,43,42,1,1.00
14054,3768793,Constella 290microgram capsules (AbbVie Ltd) [28],28.00,28,,95,53,51,1,1.00
41867,8048936,Melolin dressing 20cm x 10cm (PI) (Smith & Nephew Healthcare Ltd) [1],1.00,1,,248,138,5,1,1.00
9814,3344918,Cozaar-Comp 100mg/12.5mg tablets (Organon Pharma (UK) Ltd) [28],28.00,28,,115,64,37,1,1.00
13456,1170737,Sondate XL 200mg tablets (Teva UK Ltd) [60],60.00,60,,100,62,61,1,1.00
16890,3735172,"Fragmin 7,500units/0.3ml solution for injection pre-filled syringes (Pfizer Ltd) [10]",10.00,10,,146,131,47,1,1.00
332,7018393,Paracetamol 500mg tablets (Alliance Healthcare (Distribution) Ltd) [1000],1000.00,1000,,196,90,90,1,1.00
15616,7155377,Flixotide 125micrograms/dose Evohaler (PI) (GlaxoSmithKline UK Ltd) [120],120.00,120,,94,49,32,1,1.00
9333,3287349,Prozep 20mg/5ml oral solution (Rosemont Pharmaceuticals Ltd) [70],70.00,70,,110,48,48,1,1.00
16596,6349740,Atorvastatin 80mg tablets (Alliance Healthcare (Distribution) Ltd) [28],28.00,28,,115,81,38,1,1.00
10783,8157380,Azithromycin 250mg capsules (Alliance Healthcare (Distribution) Ltd) [6],6.00,6,,57,68,25,1,1.00
46382,8059123,Sitagliptin 50mg / Metformin 1g tablets (Alliance Healthcare (Distribution) Ltd) [56],56.00,56,,187,81,42,1,1.00
320,7028129,Metformin 500mg tablets (Alliance Healthcare (Distribution) Ltd) [500],500.00,500,,100,96,127,1,1.00
14450,7042047,Trosyl 283mg/ml nail solution (PI) (Pfizer Ltd) [12],12.00,12,,88,56,40,1,1.00
11796,3473980,Peha-haft bandage 10cm x 4m (Paul Hartmann Ltd) [1],1.00,1,,53,53,92,1,1.00
26212,1212125,Levothyroxine sodium 75microgram tablets (Teva UK Ltd) [28],28.00,28,,107,45,22,1,1.00
577,1154129,Flucloxacillin 500mg capsules (Accord-UK Ltd) [28],28.00,28,,147,90,26,1,1.00
31804,4051199,VisuXL eye drops preservative free (Visufarma UK Ltd) [10],10.00,10,,110,38,31,1,1.00
2527,1068568,Doxycycline 100mg capsules (Accord-UK Ltd) [8],8.00,8,,117,46,17,1,1.00
14662,6835102,Paracetamol 500mg caplets (Alliance Healthcare (Distribution) Ltd) [32],32.00,32,,71,65,29,1,1.00
9980,1140268,Chlorpromazine 100mg tablets (Almus Pharmaceuticals Ltd) [28],28.00,28,,126,53,23,1,1.00
946,0490714,Aptamil Pepti-Junior powder (Nutricia Ltd) [450],450.00,450,,103,103,125,1,1.00
4644,2897569,Vascalpha 5mg modified-release tablets (Accord-UK Ltd) [28],28.00,28,,117,48,19,1,1.00
32396,8433500,Calshake powder 87g sachets vanilla (PI) (Fresenius Kabi Ltd) [7],7.00,7,,187,120,120,1,1.00
11841,3537206,Janumet 50mg/1000mg tablets (Merck Sharp & Dohme (UK) Ltd) [56],56.00,56,,138,68,44,1,1.00
12216,1147164,Atenolol 25mg/5ml oral solution sugar free (Almus Pharmaceuticals Ltd) [300],300.00,300,,70,68,68,1,1.00
2027,0329276,Madopar 100mg/25mg dispersible tablets (Roche Products Ltd) [100],100.00,100,,120,50,53,1,1.00
50694,8069924,Baclofen 20mg tablets (Alliance Healthcare (Distribution) Ltd) [84],84.00,84,,24,87,60,1,1.00
1256,2659969,Isodur 50XL capsules (Galen Ltd) [28],28.00,28,,109,60,18,1,1.00
44666,8052748,Loperamide 2mg capsules (Alliance Healthcare (Distribution) Ltd) [10],10.00,10,,87,70,19,1,1.00
10309,3401619,WaveSense JAZZ testing strips (AgaMatrix Europe Ltd) [50],50.00,50,,65,50,34,1,1.00
16452,1196427,Escitalopram 20mg tablets (Teva UK Ltd) [28],28.00,28,,97,61,21,1,1.00
12909,8426405,Ibandronic acid 50mg tablets (Alliance Healthcare (Distribution) Ltd) [28],28.00,28,,103,66,31,1,1.00
44172,1136936,Gabapentin 300mg capsules (Accord-UK Ltd) [100],100.00,100,,134,64,48,1,1.00
1291,1083260,Mefenamic acid 500mg tablets (Teva UK Ltd) [28],28.00,28,,133,62,18,1,1.00
27998,1209535,Sumatriptan 50mg tablets (Accord-UK Ltd) [6],6.00,6,,122,68,22,1,1.00
1356,7013063,Clotrimazole 1% cream (Alliance Healthcare (Distribution) Ltd) [20],20.00,20,,125,33,32,1,1.00
48342,4348504,Gepretix 200mg capsules (Exeltis UK Ltd) [30],30.00,30,,23,100,74,1,1.00
2421,0216606,Phenergan 25mg/1ml solution for injection ampoules (Opella POM UK Ltd) [10],10.00,10,,95,86,31,1,1.00
42624,5400841,Trixeo Aerosphere 5micrograms/dose / 7.2micrograms/dose / 160micrograms/dose pressurised inhaler (AstraZeneca UK Ltd) [120],120.00,120,,124,62,52,1,1.00
14513,0068338,Loprazolam 1mg tablets (Zentiva Pharma UK Ltd) [28],28.00,28,,119,48,19,1,1.00
44572,4235743,Ocufresh Intense Relief 0.4% eye drops preservative free (Blumont Healthcare Ltd) [10],10.00,10,,89,37,27,1,1.00
2395,1054857,Sodium chloride 0.9% solution for injection 10ml Mini-Plasco ampoules (B.Braun Medical Ltd) [20],20.00,20,,116,98,80,1,1.00
45746,8019911,Cinacalcet 30mg tablets (Alliance Healthcare (Distribution) Ltd) [28],28.00,28,,95,56,28,1,1.00
7440,3136256,Inegy 10mg/40mg tablets (Organon Pharma (UK) Ltd) [28],28.00,28,,100,55,23,1,1.00
16422,3865433,Anoro Ellipta 55micrograms/dose / 22micrograms/dose dry powder inhaler (GlaxoSmithKline UK Ltd) [30],30.00,30,,108,93,47,1,1.00
4446,2991495,Tritace 5mg tablets (Sanofi) [28],28.00,28,,89,65,19,1,1.00
2280,1082692,Co-trimoxazole 80mg/400mg tablets (Accord-UK Ltd) [28],28.00,28,,93,52,49,1,1.00
11973,3559275,Gedarel 20microgram/150microgram tablets (Gedeon Richter (UK) Ltd) [63],63.00,63,,126,52,30,1,1.00
44204,8442121,Venlafaxine 75mg modified-release tablets (Alliance Healthcare (Distribution) Ltd) [30],30.00,30,,158,76,30,1,1.00
13791,1177617,Mariosea XL 4mg capsules (Teva UK Ltd) [28],28.00,28,,128,65,30,1,1.00
9914,1134683,Lorazepam 1mg tablets (Almus Pharmaceuticals Ltd) [28],28.00,28,,182,67,21,1,1.00
5100,2782381,Activa class I below knee stocking circular knit standard stock size closed toe Medium Black (L&R Medical UK Ltd) [2],2.00,2,,166,116,31,1,1.00
14182,3752946,Xalatan 50micrograms/ml eye drops (Viatris UK Healthcare Ltd) [2.50],2.50,0,,70,34,27,1,1.00
749,2341493,Zamadol 50mg capsules (Viatris UK Healthcare Ltd) [100],100.00,100,,117,48,73,1,1.00
39916,4154258,Sodium chloride 0.9% irrigation solution 20ml EasyPod unit dose (TriOn Pharma Ltd) [25],25.00,25,,122,114,96,1,1.00
10369,8143711,Fluvastatin 20mg capsules (Alliance Healthcare (Distribution) Ltd) [28],28.00,28,,136,83,47,1,1.00
40360,1237478,Tobramycin 80mg/2ml solution for injection vials (Flynn Pharma Ltd) [1],1.00,1,,66,33,32,1,1.00
10115,2727881,BioXtra Dry Mouth Ultra Mild Mouthrinse (R.I.S. Products Ltd) [250],250.00,250,,60,60,133,1,1.00
422,0531012,Augmentin 625mg tablets (GlaxoSmithKline UK Ltd) [21],21.00,21,,155,75,38,1,1.00
6236,1112994,Carvedilol 3.125mg tablets (Teva UK Ltd) [28],28.00,28,,135,48,22,1,1.00
8266,0414482,"Heparin sodium 5,000units/5ml solution for injection ampoules (C P Pharmaceuticals Ltd) [10]",10.00,10,,116,91,41,1,1.00
15072,6369623,Fusidic acid 2% cream (Alliance Healthcare (Distribution) Ltd) [15],15.00,15,,115,32,25,1,1.00
407,2644706,Losec MUPS 20mg gastro-resistant tablets (Neon Healthcare Ltd) [28],28.00,28,,106,62,29,1,1.00
3717,2363828,Zaditen 1mg/5ml elixir (CD Pharma Srl) [300],300.00,300,,162,70,69,1,1.00
51124,4365078,Estradot Conti 30/95 transdermal patches (Sandoz Ltd) [8],8.00,8,,30,116,98,1,1.00
16399,1196997,Fusidic acid 1% modified-release eye drops (Advanz Pharma) [5],5.00,5,,93,24,24,1,1.00
36554,1220565,Telmisartan 80mg / Hydrochlorothiazide 12.5mg tablets (Accord-UK Ltd) [28],28.00,28,,78,38,145,1,1.00
9144,1134741,Naproxen 500mg gastro-resistant tablets (Almus Pharmaceuticals Ltd) [56],56.00,56,,115,65,35,1,1.00
50341,1284348,Dapagliflozin 10mg tablets (Teva UK Ltd) [28],28.00,28,,0,0,0,1,1.00
34024,0143867,Trimovate cream (Ennogen Healthcare International Ltd) [30],30.00,30,,127,35,29,1,1.00
11771,8437741,Dorzolamide 20mg/ml eye drops (Alliance Healthcare (Distribution) Ltd) [5],5.00,5,,84,40,39,1,1.00
1945,2685865,Prograf 500microgram capsules (Astellas Pharma Ltd) [50],50.00,50,,123,57,44,1,1.00
40460,4192324,Adaflex 4mg tablets (AGB-Pharma) [30],30.00,30,,40,40,80,1,1.00
15663,3807658,Omnican Fine hypodermic insulin needles for pre-filled / reusable pen injectors screw on 4mm/31gauge (B.Braun Medical Ltd) [100],100.00,100,,132,74,72,1,1.00
51262,8153546,Diphenhydramine 50mg tablets (Alliance Healthcare (Distribution) Ltd) [20],20.00,20,,99,70,22,1,1.00
6404,3051471,Abilify 15mg tablets (Otsuka Pharmaceuticals (U.K.) Ltd) [28],28.00,28,,121,60,30,1,1.00
31957,8123366,Lormetazepam 1mg tablets (Alliance Healthcare (Distribution) Ltd) [30],30.00,30,,95,40,27,1,1.00
37032,4156840,FerroDose-S 200mg tablets (TriOn Pharma Ltd) [28],28.00,28,,134,44,16,1,1.00
139,1083153,Propranolol 10mg tablets (Teva UK Ltd) [28],28.00,28,,135,47,23,1,1.00
15549,8382665,Irbesartan 300mg / Hydrochlorothiazide 25mg tablets (Alliance Healthcare (Distribution) Ltd) [28],28.00,28,,142,59,21,1,1.00
46144,8057457,Omeprazole 10mg gastro-resistant tablets (Alliance Healthcare (Distribution) Ltd) [28],28.00,28,,101,65,31,1,1.00
13223,1166149,Hydralazine 50mg tablets (Almus Pharmaceuticals Ltd) [56],56.00,56,,45,45,83,1,1.00
43574,1137645,Neofel XL 2.5mg tablets (Accord-UK Ltd) [28],28.00,28,,91,56,22,1,1.00
1481,7164585,Ascorbic acid 50mg tablets (Alliance Healthcare (Distribution) Ltd) [28],28.00,28,,54,53,62,1,1.00
41917,4225728,AacuFer 140mg/5ml oral solution (TriOn Pharma Ltd) [300],300.00,300,,160,72,71,1,1.00
9173,3274685,UrgoKTwo multi-layer compression bandage kit (10cm) 18cm-25cm ankle circumference (Urgo Ltd) [1],1.00,1,,187,124,103,1,1.00
43659,8009326,Atomoxetine 10mg capsules (Alliance Healthcare (Distribution) Ltd) [28],28.00,28,,104,68,42,1,1.00
341,1080241,Allopurinol 100mg tablets (Teva UK Ltd) [28],28.00,28,,137,49,17,1,1.00
19385,3730363,"SunVit-D3 10,000unit tablets (SunVit-D3 Ltd) [28]",28.00,28,,125,84,20,1,1.00
44543,4086575,SMA LF powder (SMA Nutrition) [400],400.00,400,,114,105,105,1,1.00
45846,1178466,Enalapril 5mg tablets (Accord-UK Ltd) [28],28.00,28,,115,66,19,1,1.00
3921,0180737,Minims phenylephrine hydrochloride 10% eye drops 0.5ml unit dose (Bausch & Lomb UK Ltd) [20],20.00,20,,88,86,87,1,1.00
41817,0803668,Juvela gluten free fibre bread rolls (Juvela Ltd) [425],425.00,425,,216,158,98,1,1.00
1017,0424150,Melolin dressing 20cm x 10cm (Smith & Nephew Healthcare Ltd) [1],1.00,1,,247,140,5,1,1.00
13075,3676236,Aquamax cream (Esteve Pharmaceuticals Ltd) [500],500.00,500,,103,104,110,1,1.00
34201,4044814,KreaMol A cream (Essential-Healthcare Ltd) [500],500.00,500,,101,104,107,1,1.00
7353,1119197,Alendronic acid 70mg tablets (Teva UK Ltd) [4],4.00,4,,108,79,25,1,1.00
38359,8007346,Advagraf 3mg modified-release capsules (PI) (Astellas Pharma Ltd) [50],50.00,50,,155,77,62,1,1.00
34750,4101127,CyanocoB12 1mg tablets (TriOn Pharma Ltd) [50],50.00,50,,112,51,35,1,1.00
2885,2335297,Mintec 0.2ml gastro-resistant capsules (Teofarma S.r.l.) [84],84.00,84,,101,77,40,1,1.00
41149,0039040,Liquigen emulsion (Nutricia Ltd) [250],250.00,250,,154,121,119,1,4.00
11713,3466380,Neupro 3mg/24hours transdermal patches (UCB Pharma Ltd) [28],28.00,28,,150,150,27,1,1.00
13175,3691326,Omnican Fine hypodermic insulin needles for pre-filled / reusable pen injectors screw on 8mm/31gauge (B.Braun Medical Ltd) [100],100.00,100,,133,75,74,1,1.00
19961,1203009,Nitrofurantoin 50mg tablets (Almus Pharmaceuticals Ltd) [28],28.00,28,,111,51,23,1,1.00
1605,2407138,Cabaser 2mg tablets (Pfizer Ltd) [20],20.00,20,,74,47,48,1,1.00
14695,8420135,Innozide 20mg/12.5mg tablets (PI) (Organon Pharma (UK) Ltd) [28],28.00,28,,116,70,22,1,1.00
322,1081959,Prednisolone 2.5mg gastro-resistant tablets (Accord-UK Ltd) [28],28.00,28,,106,36,18,1,1.00
3907,2630465,Topamax 25mg sprinkle capsules (Janssen-Cilag Ltd) [60],60.00,60,,107,63,62,1,1.00
48369,1275346,Varenicline 1mg tablets (Accord-UK Ltd) [56],56.00,56,,37,116,48,1,1.00
1585,0014878,Anusol cream (Church & Dwight UK Ltd) [23],23.00,23,,130,42,29,1,1.00
2930,1101575,Zolpidem 10mg tablets (Teva UK Ltd) [28],28.00,28,,133,47,17,1,1.00
43493,1157874,Pramipexole 88microgram tablets (Accord-UK Ltd) [30],30.00,30,,102,66,25,1,1.00
1705,7146038,Betamethasone valerate 0.1% cream (Alliance Healthcare (Distribution) Ltd) [30],30.00,30,,150,43,29,1,1.00
36119,0926741,Saline 0.9% nebuliser liquid 2.5ml Steri-Neb unit dose ampoules (Teva UK Ltd) [20],20.00,20,,124,94,65,1,1.00
8210,8136632,Glimepiride 4mg tablets (Alliance Healthcare (Distribution) Ltd) [30],30.00,30,,136,49,26,1,1.00
7383,3093457,Easyhaler Salbutamol sulfate 200micrograms/dose dry powder inhaler (Orion Pharma (UK) Ltd) [200],200.00,200,,129,81,47,1,1.00
31689,1219971,Sildenafil 100mg tablets (Almus Pharmaceuticals Ltd) [4],4.00,4,,66,48,21,1,1.00
33205,4059143,GlucoRx CarePoint Ultra hypodermic insulin needles for pre-filled / reusable pen injectors screw on 4mm/32gauge (GlucoRx Ltd) [100],100.00,100,,132,73,72,1,1.00
2262,2674273,Aromasin 25mg tablets (Pfizer Ltd) [30],30.00,30,,90,54,30,1,1.00
41821,0236042,Juvela gluten free fibre mix (Juvela Ltd) [500],500.00,500,,191,126,52,1,1.00
3377,0433755,Betnovate 0.1% lotion (GlaxoSmithKline UK Ltd) [100],100.00,100,,146,61,35,1,1.00
40499,1256932,Teraleve 8mg modified-release tablets (Dr Reddy's Laboratories (UK) Ltd) [28],28.00,28,,166,81,27,1,1.00
43506,1083013,Prochlorperazine 5mg tablets (Accord-UK Ltd) [28],28.00,28,,108,38,19,1,1.00
6915,6327852,Glimepiride 3mg tablets (Alliance Healthcare (Distribution) Ltd) [30],30.00,30,,137,47,24,1,1.00
25673,8117210,Fluoxetine 40mg capsules (Alliance Healthcare (Distribution) Ltd) [30],30.00,30,,76,62,29,1,1.00
13885,8088270,Modafinil 200mg tablets (Alliance Healthcare (Distribution) Ltd) [30],30.00,30,,87,53,32,1,1.00
13158,3674918,Lipitor 20mg chewable tablets (Viatris UK Healthcare Ltd) [30],30.00,30,,139,73,30,1,1.00
13477,6291926,Zolmitriptan 2.5mg tablets (Alliance Healthcare (Distribution) Ltd) [6],6.00,6,,81,52,27,1,1.00
3409,0266437,Zaditen 1mg tablets (CD Pharma Srl) [60],60.00,60,,86,36,29,1,1.00
48119,4266706,Movicol oral powder 13.7g sachets lemon & lime (Forum Health Products Ltd) [20],20.00,20,,135,56,150,1,1.00
186,1076140,Aspirin 75mg dispersible tablets (Accord-UK Ltd) [28],28.00,28,,88,71,19,1,1.00
6447,2943942,Acticoat dressing 10cm x 10cm square (Smith & Nephew Healthcare Ltd) [5],5.00,5,,188,169,22,1,1.00
49973,3946365,Calcipotriol 0.005% / Betamethasone dipropionate 0.05% ointment (Teva UK Ltd) [120],120.00,120,,0,0,0,1,1.00
44152,4240404,Mepilex Border Comfort Lite dressing 4cm x 5cm (Molnlycke Health Care Ltd) [10],10.00,10,,144,121,27,1,1.00
30306,4040408,Fobumix Easyhaler 320micrograms/dose / 9micrograms/dose dry powder inhaler (Orion Pharma (UK) Ltd) [60],60.00,60,,130,82,46,1,1.00
45901,8150260,Dexamethasone 4mg tablets (Alliance Healthcare (Distribution) Ltd) [50],50.00,50,,119,51,37,1,1.00
32957,4081113,Kelhale 100micrograms/dose inhaler (GB) (Cipla EU Ltd) [200],200.00,200,,102,60,36,1,1.00
3563,2169274,Salagen 5mg tablets (Norgine Pharmaceuticals Ltd) [84],84.00,84,,130,44,36,1,1.00
13222,1166008,Hydralazine 25mg tablets (Almus Pharmaceuticals Ltd) [56],56.00,56,,45,45,83,1,1.00
14503,1081561,Loperamide 2mg capsules (Teva UK Ltd) [10],10.00,10,,107,69,23,1,1.00
2877,7027097,Terazosin 5mg tablets (Alliance Healthcare (Distribution) Ltd) [28],28.00,28,,79,56,21,1,1.00
20220,3988334,Synjardy 12.5mg/1000mg tablets (Boehringer Ingelheim Ltd) [56],56.00,56,,117,72,81,1,1.00
41770,3443645,Glutafin gluten free 4 white rolls (Dr Schar UK Ltd) [200],200.00,200,,196,125,97,1,1.00
13513,1149624,Atorvastatin 40mg tablets (Accord-UK Ltd) [28],28.00,28,,134,48,23,1,1.00
40377,4196697,NovoPen 6 hypodermic insulin injection pen reusable for 3ml cartridge 1 unit dial up / range 1-60 units Blue (Novo Nordisk Ltd) [1],1.00,1,,211,123,48,1,1.00
25023,6800486,Mepore dressing 10cm x 11cm (PI) (Molnlycke Health Care Ltd) [40],40.00,40,,149,149,90,1,1.00
16498,8455214,Micardis 40mg tablets (PI) (Boehringer Ingelheim Ltd) [28],28.00,28,,60,61,35,1,1.00
10023,8128456,Fexofenadine 180mg tablets (Alliance Healthcare (Distribution) Ltd) [30],30.00,30,,117,71,25,1,1.00
45761,8061343,Metformin 500mg/5ml oral solution sugar free (Alliance Healthcare (Distribution) Ltd) [150],150.00,150,,155,68,68,1,1.00
16676,3807583,Allevyn Life Sacrum dressing 21.6cm x 23cm (Smith & Nephew Healthcare Ltd) [10],10.00,10,,324,288,73,1,1.00
9950,1136456,Senna 7.5mg tablets 12 Years Plus (Almus Pharmaceuticals Ltd) [60],60.00,60,,87,47,37,1,1.00
12241,1110501,Codeine 15mg tablets (Almus Pharmaceuticals Ltd) [28],28.00,28,,101,37,19,1,1.00
2473,0029520,Betnovate 0.1% scalp application (GlaxoSmithKline UK Ltd) [100],100.00,100,,145,61,34,1,1.00
9647,1136225,Doxycycline 100mg capsules (Accord-UK Ltd) [50],50.00,50,,116,47,39,1,1.00
19038,1030220,Potassium chloride 15% (potassium 20mmol/10ml) solution for infusion 10ml ampoules (Advanz Pharma) [10],10.00,10,,169,142,28,1,1.00
3707,0156141,Minims lidocaine and fluorescein eye drops 0.5ml unit dose (Bausch & Lomb UK Ltd) [20],20.00,20,,87,87,87,1,1.00
48569,1282565,Medroxyprogesterone 2.5mg tablets (Pfizer Ltd) [30],30.00,30,,29,63,113,1,1.00
38904,1158005,Warfarin 1mg/ml oral suspension sugar free (Rosemont Pharmaceuticals Ltd) [150],150.00,150,,141,90,61,1,1.00
1794,2325538,Fenbid 5% gel (Advanz Pharma) [100],100.00,100,,174,45,45,1,1.00
8265,0052563,"Heparin sodium 1,000units/1ml solution for injection ampoules (C P Pharmaceuticals Ltd) [10]",10.00,10,,95,73,28,1,1.00
35029,4127585,Octasa 1600mg MR gastro-resistant tablets (Tillotts Pharma UK Ltd) [30],30.00,30,,110,75,43,1,1.00
6605,0371195,Inadine dressing 5cm x 5cm (Systagenix Wound Management Ltd) [25],25.00,25,,153,120,34,1,1.00
46146,8057432,Omeprazole 40mg gastro-resistant tablets (Alliance Healthcare (Distribution) Ltd) [7],7.00,7,,132,71,19,1,1.00
731,7028731,Erythromycin ethyl succinate 125mg/5ml oral suspension (Alliance Healthcare (Distribution) Ltd) [100],100.00,100,,49,49,126,1,1.00
37773,1242924,Ciprofloxacin 0.3% / Dexamethasone 0.1% ear drops (Consilient Health Ltd) [5],5.00,5,,86,38,37,1,1.00
37400,4162392,"ColeDose D3 25,000unit capsules (TriOn Pharma Ltd) [10]",10.00,10,,80,58,15,1,1.00
290,1082064,Diazepam 2mg tablets (Teva UK Ltd) [28],28.00,28,,137,48,17,1,1.00
22337,3948726,GlucoRx HCT Glucose testing strips (GlucoRx Ltd) [50],50.00,50,,82,66,42,1,1.00
10697,1142934,Hydrocortisone 0.5% ointment (Essential Generics Ltd) [30],30.00,30,,153,43,33,1,1.00
12389,3591088,Vimovo 500mg/20mg modified-release tablets (Grunenthal Ltd) [60],60.00,60,,109,53,51,1,1.00
654,1073675,Cefalexin 500mg capsules (Alliance Healthcare (Distribution) Ltd) [21],21.00,21,,73,66,33,1,1.00
12631,1159664,Pantoprazole 40mg gastro-resistant tablets (Almus Pharmaceuticals Ltd) [28],28.00,28,,138,66,21,1,1.00
46440,8395667,Ferrous fumarate 210mg tablets (NoPL) (Alliance Healthcare (Distribution) Ltd) [84],84.00,84,,117,46,31,1,1.00
19284,3876570,Voltarol 12 Hour Emulgel P 2.32% gel (Haleon UK Trading Ltd) [100],100.00,100,,171,56,46,1,1.00
34350,1208677,Escitalopram 5mg tablets (Accord-UK Ltd) [28],28.00,28,,111,57,23,1,1.00
11773,1152404,Lercanidipine 20mg tablets (Teva UK Ltd) [28],28.00,28,,106,59,27,1,1.00
1905,7017221,Nitrofurantoin 50mg tablets (Alliance Healthcare (Distribution) Ltd) [100],100.00,100,,53,53,62,1,1.00
16633,3730371,"SunVit-D3 20,000unit tablets (SunVit-D3 Ltd) [28]",28.00,28,,125,84,20,1,1.00
42302,4219838,Visutrax 40micrograms/ml eye drops 0.1ml unit dose (Visufarma UK Ltd) [30],30.00,30,,116,76,56,1,1.00
16507,6331284,Amoxicillin 250mg/5ml oral suspension (Alliance Healthcare (Distribution) Ltd) [100],100.00,100,,138,53,53,1,1.00
22608,3969763,Lift Plus 360 medical adhesive remover 5506 (Opus Healthcare) [50],50.00,50,,130,40,40,1,1.00
17880,6350961,Unifine Pentips hypodermic insulin needles for pre-filled / reusable pen injectors screw on 5mm/31gauge (PI) (Owen Mumford Ltd) [100],100.00,100,,103,93,68,1,1.00
12507,1152214,Budesonide 1mg/2ml nebuliser liquid unit dose vials (Almus Pharmaceuticals Ltd) [20],20.00,20,,121,79,57,1,1.00
14549,8458598,Sinthrome 1mg tablets (PI) (Norgine Pharmaceuticals Ltd) [100],100.00,100,,109,53,26,1,1.00
6485,2909091,Allevyn Adhesive dressing 10cm x 10cm square (Smith & Nephew Healthcare Ltd) [10],10.00,10,,193,159,50,1,1.00
13057,1165166,Olanzapine 2.5mg tablets (Teva UK Ltd) [28],28.00,28,,136,58,24,1,1.00
38358,8018236,Advagraf 1mg modified-release capsules (PI) (Astellas Pharma Ltd) [50],50.00,50,,123,57,47,1,1.00
63,0319327,Aldactone 50mg tablets (Pfizer Ltd) [100],100.00,100,,96,60,39,1,1.00
51152,8081770,Tramadol 150mg modified-release capsules (Alliance Healthcare (Distribution) Ltd) [60],60.00,60,,60,100,70,1,1.00
41812,3882982,Juvela gluten free crispy rice cereal (Juvela Ltd) [375],375.00,375,,281,196,79,1,1.00
13911,1180181,Neditol XL 4mg capsules (Aspire Pharma Ltd) [28],28.00,28,,127,65,30,1,1.00
8733,3263001,Exforge 5mg/160mg tablets (Novartis Pharmaceuticals UK Ltd) [28],28.00,28,,106,65,21,1,1.00
13069,8441123,Olanzapine 10mg tablets (Alliance Healthcare (Distribution) Ltd) [28],28.00,28,,102,61,30,1,1.00
1257,0060202,Elantan LA50 capsules (Forum Health Products Ltd) [28],28.00,28,,94,65,22,1,1.00
18938,1196476,Celecoxib 100mg capsules (Accord-UK Ltd) [60],60.00,60,,142,67,65,1,1.00
8619,3257201,K-Plus Long bandage 10cm x 10.25m (Urgo Ltd) [1],1.00,1,,103,58,58,1,1.00
44000,8129025,Efexor XL 150mg capsules (PI) (Viatris UK Healthcare Ltd) [28],28.00,28,,126,90,31,1,1.00
51104,1289339,Chlorpromazine 100mg tablets (Accord-UK Ltd) [28],28.00,28,,22,80,50,1,1.00
39915,4157681,1 Easy peak flow meter standard range EASYS800 (TriOn Pharma Ltd) [1],1.00,1,,161,62,37,1,1.00
29657,4044681,Vencarm XL 150mg capsules (Aspire Pharma Ltd) [28],28.00,28,,120,69,25,1,1.00
10261,3394822,Epaderm ointment (Molnlycke Health Care Ltd) [1000],1000.00,1000,,142,121,121,1,1.00
20209,3964913,Yacella 0.03mg/3mg tablets (Morningside Healthcare Ltd) [63],63.00,63,,104,54,28,1,1.00
2626,0065979,Metrogel 0.75% gel (Galderma (UK) Ltd) [40],40.00,40,,140,34,28,1,1.00
3271,2455095,Avoca wart and verruca treatment set (Bray Group Ltd) [1],1.00,1,,101,34,33,1,1.00
48112,1279736,Misabri PR 165mg pro-longed release tablets (CNX Therapeutics Ltd) [30],30.00,30,,90,55,55,1,1.00
13468,6291694,Naratriptan 2.5mg tablets (Alliance Healthcare (Distribution) Ltd) [6],6.00,6,,112,47,38,1,1.00
46299,4266680,Movicol-Half oral powder 6.9g sachets (Forum Health Products Ltd) [30],30.00,30,,110,84,150,1,1.00
32129,4036935,Respi-Clear 0.9% inhalation solution 2.5ml vials (Essential-Healthcare Ltd) [20],20.00,20,,190,79,31,1,1.00
46461,8057523,Primidone 50mg tablets (Aspire) (Alliance Healthcare (Distribution) Ltd) [100],100.00,100,,75,40,45,1,1.00
1793,0204305,Calcichew 500mg chewable tablets (Forum Health Products Ltd) [100],100.00,100,,93,64,64,1,1.00
1390,2534196,Maxalt 10mg tablets (Organon Pharma (UK) Ltd) [3],3.00,3,,97,50,19,1,1.00
2503,2675544,Flixotide 250micrograms/dose Evohaler (GlaxoSmithKline UK Ltd) [120],120.00,120,,93,54,35,1,1.00
14584,8134934,Ciproxin 250mg/5ml oral suspension (PI) (Bayer Plc) [100],100.00,100,,127,97,61,1,1.00
38068,4146395,Tolthen XL 2mg capsules (GB) (Northumbria Pharma Ltd) [28],28.00,28,,125,64,30,1,1.00
49943,3271442,Champix 1mg tablets (Pfizer Ltd) [56],56.00,56,,150,108,24,1,1.00
16821,3870664,Sukkarto SR 1000mg tablets (Morningside Healthcare Ltd) [56],56.00,56,,125,62,40,1,1.00
45893,5031042,Carbocisteine 250mg/5ml oral solution sugar free (Alliance Healthcare (Distribution) Ltd) [300],300.00,300,,167,70,72,1,1.00
7341,3136181,"EpiPen Jr. 150micrograms/0.3ml (1 in 2,000) solution for injection auto-injectors (Viatris UK Healthcare Ltd) [2]",2.00,2,,172,81,38,1,1.00
9146,1118058,Paroxetine 20mg tablets (Almus Pharmaceuticals Ltd) [30],30.00,30,,120,52,28,1,1.00
16875,3866373,Fortini Creamy Fruit Multi Fibre summer fruit (Nutricia Ltd) [400],400.00,400,,152,146,45,1,1.00
34104,6329270,Nizoral 2% cream (PI) (Thornton & Ross Ltd) [30],30.00,30,,145,43,42,1,1.00
50168,8059545,Diclofenac sodium 75mg modified-release tablets (Alliance Healthcare (Distribution) Ltd) [56],56.00,56,,68,69,27,1,1.00
51179,8022998,Pregabalin 200mg tablets (Alliance Healthcare (Distribution) Ltd) [84],84.00,84,,114,93,63,1,1.00
35538,4008132,ExoCream (Penlan Healthcare Ltd) [500],500.00,500,,213,78,78,1,1.00
21893,3980364,Glucoject hypodermic insulin needles for pre-filled / reusable pen injectors screw on 4mm/32gauge (A. Menarini Diagnostics Ltd) [100],100.00,100,,130,70,70,1,1.00
2661,3314580,Nasobec Hayfever 50micrograms/dose nasal spray (Teva UK Ltd) [180],180.00,180,,126,41,40,1,1.00
26308,8120495,Colecalciferol 400unit / Calcium carbonate 1.5g chewable tablets (Alliance Healthcare (Distribution) Ltd) [56],56.00,56,,150,65,34,1,1.00
10859,1141209,Omeprazole 40mg gastro-resistant capsules (Almus Pharmaceuticals Ltd) [28],28.00,28,,112,79,43,1,1.00
40188,4192332,Adaflex 1mg tablets (AGB-Pharma) [30],30.00,30,,40,40,80,1,1.00
48564,1282664,Medroxyprogesterone 100mg tablets (Pfizer Ltd) [100],100.00,100,,51,63,113,1,1.00
49575,8077364,Aripiprazole 1mg tablets (Alliance Healthcare (Distribution) Ltd) [28],28.00,28,,125,63,33,1,1.00
6926,3040946,Softpore dressing 10cm x 15cm (Richardson Healthcare Ltd) [50],50.00,50,,213,136,114,1,1.00
3741,2922516,Zoton FasTab 30mg (Pfizer Ltd) [28],28.00,28,,105,62,33,1,1.00
2261,2870202,Silkis ointment (Galderma (UK) Ltd) [100],100.00,100,,166,58,42,1,1.00
7960,1110691,Furosemide 40mg tablets (Almus Pharmaceuticals Ltd) [28],28.00,28,,117,51,17,1,1.00
10123,8441867,Oxcarbazepine 600mg tablets (Alliance Healthcare (Distribution) Ltd) [50],50.00,50,,105,61,56,1,1.00
44700,0250126,Gyno-Pevaryl 1% cream (Karo Healthcare UK Ltd) [30],30.00,30,,146,37,36,1,1.00
43684,1250679,Sertraline 100mg tablets (Accord-UK Ltd) [250],250.00,250,,55,53,104,1,1.00
34567,4076337,CyanocoMinn 50microgram tablets (Essential-Healthcare Ltd) [50],50.00,50,,85,38,30,1,1.00
1678,2805208,Synalar 0.025% ointment (Reig Jofre UK Ltd) [100],100.00,100,,177,54,42,1,1.00
16509,3884624,Scopoderm 1.5mg patches (Baxter Healthcare Ltd) [2],2.00,2,,100,70,20,1,1.00
13525,1173251,Atorvastatin 20mg tablets (Teva UK Ltd) [28],28.00,28,,108,78,24,1,1.00
48604,1282110,Diclofenac 1.16% gel (Teva UK Ltd) [50],50.00,50,,110,36,36,1,1.00
8787,3222122,Seroxat 10mg tablets (GlaxoSmithKline UK Ltd) [28],28.00,28,,84,58,27,1,1.00
1916,2146777,Neoral 100mg capsules (Novartis Pharmaceuticals UK Ltd) [30],30.00,30,,197,60,60,1,1.00
37751,1141654,Lecado 200mg/50mg modified-release tablets (Sandoz Ltd) [60],60.00,60,,137,58,51,1,1.00
14947,3590254,Salofalk 500mg gastro-resistant tablets (Dr. Falk Pharma UK Ltd) [100],100.00,100,,114,85,57,1,1.00
13978,3778065,Desitrend 500mg granules sachets (Desitin Pharma Ltd) [60],60.00,60,,96,66,70,1,1.00
7685,3193729,Activon Medical Grade Manuka Honey dressing (Advancis Medical) [25],25.00,25,,120,25,30,1,1.00
1625,2891778,Comfifast stockinette 10.75cm (Vernacare International Ltd) [1],1.00,1,,156,95,21,1,1.00
51244,8070567,Rivaroxaban 20mg capsules (Alliance Healthcare (Distribution) Ltd) [28],28.00,28,,72,68,30,1,1.00
7951,1110055,Nitrazepam 5mg tablets (Almus Pharmaceuticals Ltd) [28],28.00,28,,134,48,19,1,1.00
42160,1226869,Lacosamide 150mg tablets (Accord-UK Ltd) [14],14.00,14,,93,74,23,1,1.00
51355,1275361,Varenicline 1mg tablets and Varenicline 500microgram tablets (Accord-UK Ltd) [25],25.00,25,,22,134,70,1,1.00
26462,1207570,Losartan 50mg tablets (Almus Pharmaceuticals Ltd) [28],28.00,28,,106,40,19,1,1.00
13410,1170786,Quetiapine 150mg tablets (Teva UK Ltd) [60],60.00,60,,135,48,35,1,1.00
1869,2349322,Zydol 50mg soluble tablets (Grunenthal Ltd) [100],100.00,100,,108,57,45,1,1.00
37757,1178896,Metoprolol 50mg tablets (Accord-UK Ltd) [28],28.00,28,,117,47,18,1,1.00
104,1063007,Digoxin 125microgram tablets (Accord-UK Ltd) [28],28.00,28,,106,37,18,1,1.00
3071,0178061,Micralax Micro-enema 5ml (RPH Pharmaceuticals AB) [12],12.00,12,,107,79,53,1,1.00
46004,8059529,Risperidone 6mg tablets (Alliance Healthcare (Distribution) Ltd) [28],28.00,28,,121,47,29,1,1.00
18799,3264363,Alvita crepe bandage 10cm x 4.5m (Alliance Healthcare (Distribution) Ltd) [1],1.00,1,,133,64,56,1,1.00
43442,8059693,Solifenacin 6mg / Tamsulosin 400microgram modified-release tablets (Alliance Healthcare (Distribution) Ltd) [30],30.00,30,,147,94,24,1,1.00
38746,4175436,Biquelle XL 400mg tablets (Aspire Pharma Ltd) [30],30.00,30,,105,67,42,1,1.00
3273,2412914,Sandrena 500microgram gel sachets (Orion Pharma (UK) Ltd) [28],28.00,28,,86,78,46,1,1.00
7909,1108737,Aspirin 75mg dispersible tablets (Almus Pharmaceuticals Ltd) [100],100.00,100,,88,71,24,1,1.00
43924,1242395,Carbocisteine 750mg/5ml oral solution sugar free (Rosemont Pharmaceuticals Ltd) [200],200.00,200,,158,65,65,1,1.00
1667,2361137,Tetralysal 300 capsules (Galderma (UK) Ltd) [28],28.00,28,,116,80,61,1,1.00
17960,3941770,Biquelle XL 200mg tablets (Aspire Pharma Ltd) [60],60.00,60,,103,67,56,1,1.00
13551,3717949,"Hux D3 20,000unit capsules (Huxley Europe Ltd) [20]",20.00,20,,104,70,22,1,1.00
843,0049924,Tubifast 2-way stretch stockinette 7.5cm (Molnlycke Health Care Ltd) [1],1.00,1,,143,92,20,1,1.00
43526,6839138,Bromocriptine 2.5mg tablets (PI) (Alliance Healthcare (Distribution) Ltd) [30],30.00,30,,129,48,25,1,1.00
2090,0167189,Clopixol 2mg tablets (Lundbeck Ltd) [100],100.00,100,,97,57,56,1,1.00
857,2469450,Instant Carobel powder (Nutricia Ltd) [135],135.00,135,,174,116,44,1,1.00
47000,3697547,Atrauman dressing 7.5cm x 10cm (Paul Hartmann Ltd) [10],10.00,10,,117,13,173,1,1.00
781,2727998,NiQuitin Clear 21mg patches (Omega Pharma Ltd) [7],7.00,7,,112,81,27,1,1.00
48644,1283142,Fluticasone propionate 50micrograms/dose / Azelastine 137micrograms/dose nasal spray (Teva UK Ltd) [120],120.00,120,,28,128,55,1,1.00
40910,1099316,Levothyroxine sodium 100microgram tablets (Advanz Pharma) [28],28.00,28,,136,52,19,1,1.00
9903,3328242,Adcal-D3 Dissolve 1500mg/400unit effervescent tablets (Grunenthal Ltd) [56],56.00,56,,153,77,77,1,1.00
51314,1279942,Amoxicillin 500mg capsules (Accord-UK Ltd) [15],15.00,15,,90,93,18,1,1.00
10125,8131658,Sodium picosulfate 5mg/5ml oral solution sugar free (Alliance Healthcare (Distribution) Ltd) [300],300.00,300,,169,71,69,1,1.00
13825,1179613,Gatalin XL 16mg capsules (Aspire Pharma Ltd) [28],28.00,28,,103,67,31,1,1.00
38744,4175410,Biquelle XL 200mg tablets (Aspire Pharma Ltd) [30],30.00,30,,104,67,42,1,1.00
14285,8464034,Ketostix testing strips (PI) (Ascensia Diabetes Care UK Ltd) [50],50.00,50,,107,45,42,1,1.00
36712,1239052,Hydroxychloroquine 200mg tablets (Accord-UK Ltd) [60],60.00,60,,122,47,47,1,1.00
43450,4163341,Enerzair Breezhaler 114micrograms/dose / 46micrograms/dose / 136micrograms/dose inhalation powder capsules with device (Novartis Pharmaceuticals UK Ltd) [30],30.00,30,,147,90,55,1,1.00
14915,8130833,Memantine 20mg tablets (Alliance Healthcare (Distribution) Ltd) [28],28.00,28,,104,71,17,1,1.00
27950,4047775,"InVita D3 50,000unit capsules (Consilient Health Ltd) [3]",3.00,3,,85,58,22,1,1.00
34425,1209345,Pregabalin 50mg capsules (Accord-UK Ltd) [84],84.00,84,,95,56,47,1,1.00
41969,4221735,"Aace D3 10,000unit capsules (Essential-Healthcare Ltd) [28]",28.00,28,,96,57,30,1,1.00
21764,4012407,Salivix Plus pastilles (Galen Ltd) [50],50.00,50,,78,56,24,1,1.00
1417,0090118,Erythrocin 500 tablets (Advanz Pharma) [100],100.00,100,,126,66,65,1,1.00
9136,1117118,Sumatriptan 50mg tablets (Almus Pharmaceuticals Ltd) [6],6.00,6,,109,65,21,1,1.00
21339,2819985,Gaviscon Advance oral suspension peppermint (Reckitt Benckiser Healthcare (UK) Ltd) [500],500.00,500,,74,74,177,1,1.00
1947,2128296,Prograf 1mg capsules (Astellas Pharma Ltd) [100],100.00,100,,124,55,45,1,1.00
22370,4011607,Resp-Ease 7% inhalation solution 4ml vials (Venture Healthcare Ltd) [60],60.00,60,,218,83,73,1,1.00
1184,2401461,Viazem XL 240mg capsules (Thornton & Ross Ltd) [28],28.00,28,,118,69,23,1,1.00
2461,8095721,Paracetamol 120mg suppositories (Alliance Healthcare (Distribution) Ltd) [10],10.00,10,,98,57,19,1,1.00
31824,4052452,Epimax excetra cream (Aspire Pharma Ltd) [500],500.00,500,,93,63,201,1,1.00
12513,1159144,Risperidone 4mg tablets (Almus Pharmaceuticals Ltd) [60],60.00,60,,126,60,56,1,1.00
13816,3707486,Aquacel Foam dressing (adhesive) 19.8cm x 14cm heel (ConvaTec Ltd) [5],5.00,5,,293,206,39,1,1.00
48079,8077414,Mycophenolate mofetil 1g/5ml oral suspension sugar free (Alliance Healthcare (Distribution) Ltd) [160],160.00,160,,147,60,80,1,1.00
12443,8120891,Leflunomide 20mg tablets (Alliance Healthcare (Distribution) Ltd) [30],30.00,30,,85,51,21,1,1.00
20666,4004578,"InVita D3 50,000units/1ml oral solution (Consilient Health Ltd) [3]",3.00,3,,78,68,19,1,1.00
15724,3819885,Evacal D3 1500mg/400unit chewable tablets (Teva UK Ltd) [56],56.00,56,,164,66,34,1,1.00
40533,4181046,K.Yo semi-solid food 100g pots chocolate (Vitaflo International Ltd) [4],4.00,4,,173,159,53,1,1.00
31724,8076184,Stalevo 75mg/18.75mg/200mg tablets (PI) (Orion Pharma (UK) Ltd) [100],100.00,100,,107,57,56,1,1.00
2721,0901538,"Portia ring pessary 7.5mm thick, 71mm diameter, polythene (Bray Group Ltd) [1]",1.00,1,,198,158,8,1,1.00
34004,8414906,Femoston-conti 0.5mg/2.5mg tablets (PI) (Exeltis UK Ltd) [84],84.00,84,,99,63,32,1,1.00
46475,8055451,Rivaroxaban 2.5mg tablets (Alliance Healthcare (Distribution) Ltd) [56],56.00,56,,105,69,30,1,1.00
2215,0030668,Mercilon 150microgram/20microgram tablets (Organon Pharma (UK) Ltd) [63],63.00,63,,140,48,34,1,1.00
43562,8061780,Desmopressin 240microgram sublingual tablets sugar free (Alliance Healthcare (Distribution) Ltd) [30],30.00,30,,92,50,47,1,1.00
3156,2677375,Flamazine 1% cream (Smith & Nephew Healthcare Ltd) [20],20.00,20,,102,50,33,1,1.00
20109,8441842,EllaOne 30mg tablets (PI) (Omega Pharma Ltd) [1],1.00,1,,97,65,21,1,1.00
37508,4090718,PF Drops Sodium Hyaluronate 0.4% eye drops preservative free (Warneford Healthcare Ltd) [10],10.00,10,,74,31,31,1,1.00
25749,8125981,Performa testing strips (PI) (Roche Diabetes Care Ltd) [50],50.00,50,,71,48,48,1,1.00
36444,4109120,ColeKal-D3 400unit tablets (Essential-Healthcare Ltd) [30],30.00,30,,102,49,19,1,1.00
41595,3819778,Mevalia low protein fusilli (Vitaflo International Ltd) [500],500.00,500,,218,132,74,1,1.00
1279,2325801,Utovlan 5mg tablets (Pfizer Ltd) [90],90.00,90,,94,68,35,1,1.00
42158,1226877,Lacosamide 100mg tablets (Accord-UK Ltd) [56],56.00,56,,73,74,23,1,1.00
15356,3795150,Lecicarbon A suppositories (Aspire Pharma Ltd) [10],10.00,10,,101,60,22,1,1.00
26929,8126088,Firmagon 80mg powder and solvent for solution for injection vials (PI) (Ferring Pharmaceuticals Ltd) [1],1.00,1,,202,117,40,1,1.00
21596,3989431,Viva hypodermic insulin needles for pre-filled / reusable pen injectors screw on 8mm/31gauge (embecta UK Ltd) [90],90.00,90,,130,72,85,1,1.00
2185,0243113,Robaxin 750 tablets (Almirall Ltd) [100],100.00,100,,132,62,62,1,1.00
48544,4262168,Sharpsguard disposal unit 1litre Purple (Daniels Healthcare Ltd) [1],1.00,1,,68,200,120,1,1.00
48647,8091837,4SURE lancets sterile single use 0.32mm/30gauge (PI) (Nipro Medical UK Ltd) [100],100.00,100,,78,40,60,1,1.00
15451,8419327,Cavilon Durable barrier cream (PI) (3M Health Care Ltd) [92],92.00,92,,164,50,46,1,1.00
24810,7104904,Imigran Subject 6mg/0.5ml solution for injection pre-filled syringes with device (PI) (GlaxoSmithKline UK Ltd) [2],2.00,2,,40,74,39,1,1.00
12816,3647765,Allevyn Gentle Border dressing 10cm x 20cm (Smith & Nephew Healthcare Ltd) [10],10.00,10,,300,161,51,1,1.00
1225,7052780,Co-amilofruse 5mg/40mg tablets (Alliance Healthcare (Distribution) Ltd) [28],28.00,28,,128,52,19,1,1.00
32392,2758175,Calshake powder 87g sachets strawberry (Fresenius Kabi Ltd) [7],7.00,7,,191,123,123,1,1.00
13549,3536240,Nebusal 7% inhalation solution 4ml vials (Accord-UK Ltd) [60],60.00,60,,156,87,81,1,1.00
16824,0326421,Elasticated leg bag strap 380812 (Coloplast Ltd) [10],10.00,10,,159,118,26,1,1.00
42163,1256130,Melatonin 2mg modified-release tablets (Accord-UK Ltd) [30],30.00,30,,125,59,31,1,1.00
1647,2439537,Tegretol Prolonged Release 400mg tablets (Novartis Pharmaceuticals UK Ltd) [56],56.00,56,,109,65,44,1,1.00
40386,4199477,Episenta 500mg modified-release granules sachets (Desitin Pharma Ltd) [30],30.00,30,,70,70,95,1,1.00
2020,0251173,Tagamet 200mg/5ml syrup (Rosemont Pharmaceuticals Ltd) [600],600.00,600,,199,81,79,1,1.00
5169,2590842,Activa class II below knee stocking circular knit standard stock size open toe Extra large Sand (L&R Medical UK Ltd) [2],2.00,2,,166,116,33,1,1.00
15312,8094120,Marvelon tablets (PI) (Organon Pharma (UK) Ltd) [63],63.00,63,,139,49,34,1,1.00
12906,8430555,Dicycloverine 20mg tablets (Alliance Healthcare (Distribution) Ltd) [84],84.00,84,,122,49,46,1,1.00
15320,1129931,Ondansetron 4mg tablets (Teva UK Ltd) [30],30.00,30,,125,54,32,1,1.00
25183,8114977,Propranolol 10mg/5ml oral solution sugar free (Alliance Healthcare (Distribution) Ltd) [150],150.00,150,,147,61,56,1,1.00
16419,3854924,CareSens lancets 0.31mm/30gauge (Spirit Healthcare Ltd) [100],100.00,100,,77,61,39,1,1.00
16454,0996272,Iopidine 1% eye drops 0.25ml unit dose (Essential Pharma Ltd) [24],24.00,24,,125,96,55,1,1.00
12916,8426363,Repaglinide 500microgram tablets (Alliance Healthcare (Distribution) Ltd) [30],30.00,30,,122,50,28,1,1.00
4633,3011541,Liquivisc 0.25% eye gel (Thea Pharmaceuticals Ltd) [10],10.00,10,,89,29,30,1,1.00
31792,1209956,Strivit-D3 800unit capsules (Strides Pharma UK Ltd) [30],30.00,30,,88,47,32,1,1.00
6690,2428951,Tegaderm Film dressing 12cm x 12cm (3M Health Care Ltd) [10],10.00,10,,236,156,23,1,1.00
46672,5401468,Rivaroxaban 2.5mg tablets (Accord-UK Ltd) [56],56.00,56,,30,98,55,1,1.00
46375,6331029,Olanzapine 7.5mg tablets (Alliance Healthcare (Distribution) Ltd) [28],28.00,28,,139,62,35,1,1.00
7963,1108927,Oxytetracycline 250mg tablets (Almus Pharmaceuticals Ltd) [28],28.00,28,,96,69,20,1,1.00
31962,4073326,NeoKay 200micrograms/ml oral drops (Neoceuticals Ltd) [25],25.00,25,,98,47,37,1,1.00
6532,2653228,Biatain Non-Adhesive dressing 10cm x 10cm square (Coloplast Ltd) [10],10.00,10,,193,174,53,1,1.00
9145,1118041,Paroxetine 30mg tablets (Almus Pharmaceuticals Ltd) [30],30.00,30,,85,64,33,1,1.00
16416,3812674,GlucoRx FinePoint hypodermic insulin needles for pre-filled / reusable pen injectors screw on 5mm/31gauge (GlucoRx Ltd) [100],100.00,100,,131,72,72,1,1.00
12238,1151786,Clonidine 25microgram tablets (Almus Pharmaceuticals Ltd) [112],112.00,112,,116,45,21,1,1.00
46472,8055618,Rivaroxaban 20mg tablets (Alliance Healthcare (Distribution) Ltd) [100],100.00,100,,128,55,90,1,1.00
47411,8061046,Lamictal 200mg tablets (PI) (GlaxoSmithKline UK Ltd) [60],60.00,60,,114,61,31,1,1.00
6427,2903615,Phlexy-10 tablets (Nutricia Ltd) [75],75.00,75,,43,43,120,1,1.00
44262,8042939,Fosfomycin 3g granules for oral solution sachets (Alliance Healthcare (Distribution) Ltd) [1],1.00,1,,128,73,19,1,1.00
41428,4186763,AAnDD capsules (Essential-Healthcare Ltd) [84],84.00,84,,88,61,63,1,1.00
43541,1120005,Trimethoprim 200mg tablets (Accord-UK Ltd) [6],6.00,6,,118,48,20,1,1.00
30120,1178755,Levetiracetam 250mg tablets (Accord-UK Ltd) [60],60.00,60,,129,48,42,1,1.00
9130,1132570,Pizotifen 500microgram tablets (Almus Pharmaceuticals Ltd) [28],28.00,28,,100,51,35,1,1.00
33436,4073193,EasyChamber Spacer with adult mask 6 years - adult (TriOn Pharma Ltd) [1],1.00,1,,176,87,81,1,1.00
45907,8016362,Ethosuximide 250mg/5ml oral solution sugar free (Alliance Healthcare (Distribution) Ltd) [200],200.00,200,,168,77,77,1,1.00
4387,2491041,Optilast 0.05% eye drops (Ceuta Healthcare Ltd) [8],8.00,8,,73,31,30,1,1.00
13478,6291892,Zolmitriptan 2.5mg tablets (Alliance Healthcare (Distribution) Ltd) [12],12.00,12,,100,47,19,1,1.00
44636,1265974,Ranolazine 750mg modified-release tablets (Teva UK Ltd) [60],60.00,60,,140,81,65,1,1.00
15161,6369615,Fusidic acid 2% cream (Alliance Healthcare (Distribution) Ltd) [30],30.00,30,,132,45,30,1,1.00
46932,6335038,Tramadol 100mg modified-release tablets (Alliance Healthcare (Distribution) Ltd) [60],60.00,60,,109,36,47,1,1.00
14410,8135014,Zamadol SR 200mg capsules (PI) (Viatris UK Healthcare Ltd) [60],60.00,60,,146,61,51,1,1.00
43564,8005365,Agomelatine 25mg tablets (Alliance Healthcare (Distribution) Ltd) [28],28.00,28,,129,84,20,1,1.00
47962,8137408,Zamadol SR 50mg capsules (PI) (Viatris UK Healthcare Ltd) [60],60.00,60,,119,52,46,1,1.00
343,0263384,Innovace 10mg tablets (Organon Pharma (UK) Ltd) [28],28.00,28,,99,51,30,1,1.00
10738,3286382,Maxitram SR 200mg capsules (Chiesi Ltd) [60],60.00,60,,98,68,56,1,1.00
248,7056484,Captopril 25mg tablets (Alliance Healthcare (Distribution) Ltd) [56],56.00,56,,101,62,36,1,1.00
48485,8387169,Alfuzosin 10mg modified-release tablets (Alliance Healthcare (Distribution) Ltd) [30],30.00,30,,98,47,35,1,1.00
45896,5014550,Cimetidine 400mg tablets (Alliance Healthcare (Distribution) Ltd) [60],60.00,60,,113,93,27,1,1.00
1642,0915694,Elocon 0.1% cream (Organon Pharma (UK) Ltd) [30],30.00,30,,135,35,35,1,1.00
40388,4200028,Testogel 40.5mg/2.5g transdermal gel sachets (Besins Healthcare (UK) Ltd) [30],30.00,30,,71,72,74,1,1.00
48347,8105264,Colecalciferol 800unit tablets (NoPL) (Alliance Healthcare (Distribution) Ltd) [30],30.00,30,,34,34,34,1,1.00
1547,2697357,Celebrex 200mg capsules (Viatris UK Healthcare Ltd) [30],30.00,30,,127,49,35,1,1.00
31862,4066809,Doublebase gel (Dermal Laboratories Ltd) [1000],1000.00,1000,,253,105,94,1,1.00
12448,8130551,Pramipexole 700microgram tablets (Alliance Healthcare (Distribution) Ltd) [30],30.00,30,,112,51,18,1,1.00
8777,3172301,Unistik 3 Normal lancets 1.8mm/23gauge (Owen Mumford Ltd) [100],100.00,100,,133,102,95,1,1.00
31692,1218619,Sildenafil 25mg tablets (Almus Pharmaceuticals Ltd) [8],8.00,8,,107,42,23,1,1.00
2846,0334409,Minims artificial tears 0.44% eye drops 0.5ml unit dose (Bausch & Lomb UK Ltd) [20],20.00,20,,87,88,88,1,1.00
33068,4047742,InVita D3 400unit capsules (Forum Health Products Ltd) [28],28.00,28,,89,52,48,1,1.00
1736,0031161,Zovirax 200mg/5ml oral suspension (GlaxoSmithKline UK Ltd) [125],125.00,125,,132,61,53,1,1.00
8599,8384299,Paracetamol 500mg capsules (Alliance Healthcare (Distribution) Ltd) [100],100.00,100,,146,65,47,1,1.00
25678,3866324,imuDERM emollient (CliniSupplies Ltd) [500],500.00,500,,81,80,211,1,1.00
10580,3410594,Forceval capsules (Alliance Pharmaceuticals Ltd) [15],15.00,15,,136,84,26,1,1.00
1189,2318830,Zemtard 300 XL capsules (Galen Ltd) [28],28.00,28,,122,73,23,1,1.00
47200,1276856,Sulfasalazine 500mg tablets (Pfizer Ltd) [112],112.00,112,,115,55,56,1,1.00
5286,3550878,Scholl Softgrip class I below knee stocking circular knit standard stock size closed toe Medium Natural (SSL International Plc) [2],2.00,2,,142,91,31,1,1.00
43764,8457970,Primidone 250mg tablets (PI) (SERB) [100],100.00,100,,154,88,26,1,1.00
40325,4175626,AadFer 140mg/5ml oral solution (Essential-Healthcare Ltd) [200],200.00,200,,150,62,61,1,1.00
7931,1110642,Enalapril 5mg tablets (Almus Pharmaceuticals Ltd) [28],28.00,28,,113,64,18,1,1.00
33334,8001125,Proshield Foam & Spray skin cleanser (PI) 8213 0150 08 (Smith & Nephew Healthcare Ltd) [235],235.00,235,,83,68,151,1,1.00
29764,4027645,OneTouch Verio testing strips (LifeScan) [25],25.00,25,,35,51,31,1,1.00
39929,4180840,VIZhyal 0.2% eye drops preservative free (East Midlands Pharma Ltd) [10],10.00,10,,30,42,86,1,1.00
45628,8059404,Amlodipine 5mg / Valsartan 160mg tablets (Alliance Healthcare (Distribution) Ltd) [28],28.00,28,,90,67,33,1,1.00
9898,1131473,Dihydrocodeine 30mg tablets (Almus Pharmaceuticals Ltd) [30],30.00,30,,117,48,28,1,1.00
33370,4073284,PulmoClear 3% inhalation solution 4ml vials (TriOn Pharma Ltd) [60],60.00,60,,224,83,72,1,1.00
4293,2976660,Telfast 30mg tablets (Opella POM UK Ltd) [60],60.00,60,,130,64,28,1,1.00
3583,0277186,Cyclogest 200mg pessaries (L.D. Collins & Co. Ltd) [15],15.00,15,,101,59,29,1,1.00
26314,1212240,Braltus 10microgram inhalation powder capsules with Zonda inhaler (Teva UK Ltd) [30],30.00,30,,75,74,59,1,1.00
8640,3243110,Complan Shake oral powder 57g sachets vanilla (Nutricia Ltd) [4],4.00,4,,177,120,54,1,1.00
34013,4100244,Altridexamol 1000mg effervescent tablets (TriOn Pharma Ltd) [50],50.00,50,,104,96,98,1,1.00
50708,8109043,Colistimethate 2million unit powder for solution for injection vials (Alliance Healthcare (Distribution) Ltd) [10],10.00,10,,60,138,55,1,1.00
11502,8455529,Alfuzosin 2.5mg tablets (Alliance Healthcare (Distribution) Ltd) [60],60.00,60,,106,41,36,1,1.00
16658,5023841,Tibolone 2.5mg tablets (Alliance Healthcare (Distribution) Ltd) [28],28.00,28,,124,46,18,1,1.00
48113,1279744,Misabri PR 330mg pro-longed release tablets (CNX Therapeutics Ltd) [30],30.00,30,,90,55,55,1,1.00
5255,3550837,Scholl Softgrip class I below knee stocking circular knit standard stock size closed toe Medium Soft-Black (SSL International Plc) [2],2.00,2,,142,91,31,1,1.00
25778,1028281,Calcium folinate 15mg tablets (Pfizer Ltd) [10],10.00,10,,85,48,47,1,1.00
5332,3548633,Scholl Softgrip class II thigh length stocking circular knit standard stock size closed toe Medium Natural (SSL International Plc) [2],2.00,2,,141,91,30,1,1.00
12253,1156108,Metoprolol 100mg tablets (Almus Pharmaceuticals Ltd) [28],28.00,28,,105,63,26,1,1.00
43488,0257527,Senokot 7.5mg/5ml Syrup 12 Years Plus (Reckitt Benckiser Healthcare (UK) Ltd) [500],500.00,500,,75,75,177,1,1.00
14378,3397874,Maxalt Melt 10mg oral lyophilisates (Organon Pharma (UK) Ltd) [12],12.00,12,,99,102,91,1,1.00
31866,4069514,Epimax ointment (Aspire Pharma Ltd) [125],125.00,125,,78,64,64,1,1.00
41829,0314781,Juvela gluten free loaf unsliced (Juvela Ltd) [400],400.00,400,,214,153,104,1,1.00
8263,0414532,"Heparin sodium 25,000units/5ml solution for injection vials (C P Pharmaceuticals Ltd) [10]",10.00,10,,110,83,42,1,1.00
21234,4006623,Briviact 10mg/ml oral solution (UCB Pharma Ltd) [300],300.00,300,,167,90,72,1,1.00
33576,7121841,Imigran 20mg nasal spray (PI) (GlaxoSmithKline UK Ltd) [2],2.00,2,,118,88,35,1,1.00
7941,1110998,Zopiclone 7.5mg tablets (Almus Pharmaceuticals Ltd) [28],28.00,28,,107,61,25,1,1.00
40848,4100145,SunVit-D3 400unit with Calcium 600mg chewable tablets tutti frutti (SunVit-D3 Ltd) [56],56.00,56,,49,49,79,1,1.00
6222,8106890,Amlodipine 10mg tablets (Alliance Healthcare (Distribution) Ltd) [28],28.00,28,,161,66,21,1,1.00
21738,3994027,Finetest Lite testing strips (Neon Diagnostics Ltd) [50],50.00,50,,75,65,41,1,1.00
44269,8031890,Amlodipine 10mg tablets (Alliance Healthcare (Distribution) Ltd) [500],500.00,500,,54,54,123,1,1.00
15783,8407728,Januvia 100mg tablets (PI) (Merck Sharp & Dohme (UK) Ltd) [28],28.00,28,,98,50,31,1,1.00
37778,3946324,Stanek 200mg/50mg/200mg tablets (Ennogen Healthcare International Ltd) [30],30.00,30,,81,52,52,1,1.00
30768,4058913,Nyzamac SR 60mg capsules (Martindale Pharmaceuticals Ltd) [28],28.00,28,,156,52,26,1,1.00
27461,4040614,SunVit-D3 400unit capsules (SunVit-D3 Ltd) [28],28.00,28,,122,64,19,1,1.00
36636,8022253,Sirdupla 25micrograms/dose / 125micrograms/dose inhaler (PI) (Viatris UK Healthcare Ltd) [120],120.00,120,,99,57,34,1,1.00
45630,8047482,Amlodipine 5mg / Valsartan 80mg tablets (Alliance Healthcare (Distribution) Ltd) [28],28.00,28,,89,67,22,1,1.00
50786,8112278,Sitagliptin 50mg / Metformin 850mg tablets (Alliance Healthcare (Distribution) Ltd) [56],56.00,56,,148,47,120,1,1.00
45205,8062622,AeroChamber Plus Flow-Vu Anti-Static youth 5+ years (PI) (Trudell Medical UK Ltd) [1],1.00,1,,145,45,45,1,1.00
2179,0018002,Conotrane cream (Evolan Pharma AB) [500],500.00,500,,104,104,80,1,1.00
24542,8072118,Ferrous fumarate 322mg tablets (NoPL) (Alliance Healthcare (Distribution) Ltd) [28],28.00,28,,151,49,17,1,1.00
1588,0486100,Brevinor 500microgram/35microgram tablets (Pfizer Ltd) [63],63.00,63,,92,66,15,1,1.00
29801,1209923,Azithromycin 500mg tablets (Almus Pharmaceuticals Ltd) [3],3.00,3,,75,51,23,1,1.00
49940,3252749,Champix 0.5mg/1mg 2 week treatment initiation pack (Pfizer Ltd) [25],25.00,25,,150,108,24,1,1.00
2410,0453449,Cyklokapron 500mg/5ml solution for injection ampoules (Pfizer Ltd) [10],10.00,10,,153,90,56,1,1.00
43966,8056269,Efexor XL 225mg capsules (PI) (Viatris UK Healthcare Ltd) [28],28.00,28,,128,50,46,1,1.00
44001,6293476,Efexor XL 75mg capsules (PI) (Viatris UK Healthcare Ltd) [28],28.00,28,,127,63,31,1,1.00
3098,2392694,Elleste Duet 1mg tablets (Exeltis UK Ltd) [84],84.00,84,,94,66,26,1,1.00
12410,8108524,Losartan 100mg / Hydrochlorothiazide 12.5mg tablets (Alliance Healthcare (Distribution) Ltd) [28],28.00,28,,125,53,25,1,1.00
1956,1061894,Haloperidol 5mg tablets (Teva UK Ltd) [28],28.00,28,,135,48,16,1,1.00
36285,4101069,"ColeDose D3 4,000unit tablets (TriOn Pharma Ltd) [70]",70.00,70,,82,37,42,1,1.00
25640,2541092,Finger cot small (Bray Group Ltd) [10],10.00,10,,136,71,5,1,1.00
6722,0371229,Inadine dressing 9.5cm x 9.5cm (Systagenix Wound Management Ltd) [10],10.00,10,,138,157,38,1,1.00
45906,5015623,Ethosuximide 250mg capsules (Alliance Healthcare (Distribution) Ltd) [56],56.00,56,,138,71,46,1,1.00
18197,3533825,Biatain Silicone dressing 12.5cm x 12.5cm (Coloplast Ltd) [10],10.00,10,,194,174,53,1,1.00
13526,1173269,Atorvastatin 40mg tablets (Teva UK Ltd) [28],28.00,28,,106,78,19,1,1.00
9969,1141241,Phenindione 25mg tablets (Advanz Pharma) [28],28.00,28,,68,46,46,1,1.00
2524,0060103,Vibramycin-D 100mg dispersible tablets (Pfizer Ltd) [8],8.00,8,,78,59,20,1,1.00
45477,8441578,Exforge 5mg/80mg tablets (PI) (Novartis Pharmaceuticals UK Ltd) [28],28.00,28,,115,62,25,1,1.00
16405,6831622,Escitalopram 5mg tablets (Alliance Healthcare (Distribution) Ltd) [28],28.00,28,,123,88,21,1,1.00
10266,1140417,Lisinopril 20mg / Hydrochlorothiazide 12.5mg tablets (Almus Pharmaceuticals Ltd) [28],28.00,28,,136,46,22,1,1.00
21638,4007761,"SunVit-D3 3,000unit tablets (SunVit-D3 Ltd) [28]",28.00,28,,124,82,19,1,1.00
48681,8069387,Alvesco 80 inhaler (PI) (Covis Pharma GmbH) [120],120.00,120,,100,57,33,1,1.00
10886,3447331,Roaccutane 10mg capsules (Neon Healthcare Ltd) [30],30.00,30,,123,49,47,1,1.00
27217,1178714,Lamotrigine 100mg tablets (Accord-UK Ltd) [56],56.00,56,,118,48,30,1,1.00
32872,1179522,Topiramate 50mg tablets (Accord-UK Ltd) [60],60.00,60,,81,47,40,1,1.00
41633,4057857,Mevalia low protein pane casereccio (Vitaflo International Ltd) [220],220.00,220,,201,127,73,1,1.00
33017,4074167,Yaltormin SR 1000mg tablets (Wockhardt UK Ltd) [56],56.00,56,,101,95,48,1,1.00
6522,2408565,Aquacel Ribbon dressing 2cm x 45cm (ConvaTec Ltd) [5],5.00,5,,193,124,34,1,1.00
42162,1226851,Lacosamide 50mg tablets (Accord-UK Ltd) [14],14.00,14,,73,20,90,1,1.00
51589,8114266,Ethosuximide 250mg/5ml syrup (Alliance Healthcare (Distribution) Ltd) [200],200.00,200,,165,77,60,1,1.00
10718,1144781,Venlafaxine 37.5mg tablets (Teva UK Ltd) [56],56.00,56,,134,48,25,1,1.00
31629,2319283,Blepha EyeBag (Thea Pharmaceuticals Ltd) [1],1.00,1,,141,101,56,1,1.00
13820,3702768,Aquacel Foam dressing (non-adhesive) 15cm x 20cm (ConvaTec Ltd) [5],5.00,5,,291,206,40,1,1.00
33377,4068961,Eyreida 0.3mg/ml eye drops (Aspire Pharma Ltd) [3],3.00,3,,81,30,29,1,1.00
20717,3926193,GluNEO testing strips (Neon Diagnostics Ltd) [50],50.00,50,,40,70,60,1,1.00
11870,3550589,Brava adhesive remover spray 12010 (Coloplast Ltd) [50],50.00,50,,130,40,40,1,1.00
6966,3102357,Qvar 50micrograms/dose Easi-Breathe inhaler (Teva UK Ltd) [200],200.00,200,,116,56,42,1,1.00
602,0283648,Fucidin 20mg/g ointment (LEO Pharma) [15],15.00,15,,111,39,33,1,1.00
6574,0278036,DuoDERM Extra Thin dressing 15cm x 15cm square (ConvaTec Ltd) [10],10.00,10,,221,204,28,1,1.00
2817,2533073,Isotard 25XL tablets (Evolan Pharma AB) [28],28.00,28,,104,53,17,1,1.00
10076,3383577,Toviaz 4mg modified-release tablets (Pfizer Ltd) [28],28.00,28,,112,63,40,1,1.00
13657,3691508,Forceval Soluble tablets (Alliance Pharmaceuticals Ltd) [30],30.00,30,,104,97,38,1,1.00
44181,8099434,Erythromycin ethyl succinate 500mg tablets (Alliance Healthcare (Distribution) Ltd) [28],28.00,28,,88,86,26,1,1.00
13074,3675394,Element testing strips (Neon Diagnostics Ltd) [50],50.00,50,,108,38,19,1,1.00
43566,8019424,Diclofenac 1% gel (Alliance Healthcare (Distribution) Ltd) [100],100.00,100,,180,51,38,1,1.00
34609,1229301,Solifenacin 5mg tablets (Accord-UK Ltd) [30],30.00,30,,112,46,23,1,1.00
2162,2334332,Slow Sodium 600mg tablets (Stirling Anglian Pharmaceuticals Ltd) [100],100.00,100,,46,46,59,1,1.00
21801,8112419,Co-trimoxazole 160mg/800mg tablets (Alliance Healthcare (Distribution) Ltd) [100],100.00,100,,123,107,65,1,1.00
14588,8121238,Neupro 4mg/24hours transdermal patches (PI) (UCB Pharma Ltd) [28],28.00,28,,151,150,28,1,1.00
45845,1224633,Enalapril 20mg tablets (Accord-UK Ltd) [28],28.00,28,,115,66,19,1,1.00
27301,1178433,Clarithromycin 500mg tablets (Accord-UK Ltd) [14],14.00,14,,102,84,23,1,1.00
2478,7102023,Metoclopramide 10mg/2ml solution for injection ampoules (Alliance Healthcare (Distribution) Ltd) [10],10.00,10,,86,79,32,1,1.00
41426,4199873,Aa BPC Vitamin capsules (Essential-Healthcare Ltd) [1000],1000.00,1000,,76,76,124,1,1.00
44369,4257341,Ceyesto 1mg/ml oral solution (Alturix Ltd) [150],150.00,150,,66,68,145,1,1.00
9114,1117977,Amlodipine 5mg tablets (Almus Pharmaceuticals Ltd) [28],28.00,28,,110,44,18,1,1.00
42425,4200150,Knoxzy 0.9% inhalation solution 2.5ml vials (Biovantic Pharma Ltd) [20],20.00,20,,190,79,30,1,1.00
4160,2946986,Ezetrol 10mg tablets (Organon Pharma (UK) Ltd) [28],28.00,28,,97,50,25,1,1.00
12221,1153055,Quinine bisulfate 300mg tablets (Almus Pharmaceuticals Ltd) [28],28.00,28,,130,51,23,1,1.00
2876,2091882,Galfer 140mg/5ml syrup (Thornton & Ross Ltd) [300],300.00,300,,164,68,67,1,1.00
41786,2115178,Glutafin gluten free pasta spirals (Dr Schar UK Ltd) [500],500.00,500,,221,134,74,1,1.00
21338,2364479,Gaviscon Advance oral suspension aniseed (Reckitt Benckiser Healthcare (UK) Ltd) [500],500.00,500,,74,74,177,1,1.00
46609,8048274,Xetinin XL 500mg tablets (Alliance Healthcare (Distribution) Ltd) [14],14.00,14,,48,120,30,1,1.00
7978,1117852,Ramipril 2.5mg capsules (Almus Pharmaceuticals Ltd) [28],28.00,28,,114,50,26,1,1.00
44029,8943789,Amoxicillin 500mg/5ml oral suspension sugar free (Alliance Healthcare (Distribution) Ltd) [100],100.00,100,,135,57,57,1,1.00
26956,3990876,palmdoc lancets sterile single use 0.38mm/30gauge (Palmdoc Ltd) [100],100.00,100,,77,63,42,1,1.00
13457,1170745,Sondate XL 300mg tablets (Teva UK Ltd) [60],60.00,60,,140,67,50,1,1.00
1172,2391027,Zemtard 180 XL capsules (Galen Ltd) [28],28.00,28,,122,71,23,1,1.00
13942,6305205,Paracetamol 500mg/5ml oral suspension sugar free (Alliance Healthcare (Distribution) Ltd) [150],150.00,150,,144,80,59,1,1.00
4590,2150498,Fybogel 3.5g effervescent granules sachets plain SF (Reckitt Benckiser Healthcare (UK) Ltd) [30],30.00,30,,155,97,137,1,2.00
26704,3999760,Evolve HA 0.2% eye drops preservative free (GB) (Medicom Healthcare Ltd) [10],10.00,10,,80,29,80,1,1.00
5170,2590834,Activa class II below knee stocking circular knit standard stock size open toe Large Sand (L&R Medical UK Ltd) [2],2.00,2,,166,116,33,1,1.00
7261,3127081,Estradot 75micrograms/24hours patches (Sandoz Ltd) [8],8.00,8,,91,86,22,1,1.00
3107,2869105,Protopic 0.03% ointment (LEO Pharma) [60],60.00,60,,162,55,39,1,1.00
29869,1212471,Co-amoxiclav 500mg/125mg tablets (Almus Pharmaceuticals Ltd) [21],21.00,21,,126,85,31,1,1.00
13204,8466211,Valsartan 160mg capsules (Alliance Healthcare (Distribution) Ltd) [28],28.00,28,,108,66,47,1,1.00
26310,4033460,Acidex Advance oral suspension aniseed (Wockhardt UK Ltd) [250],250.00,250,,145,60,60,1,1.00
19498,3979580,"Thorens 10,000units/ml oral drops (Galen Ltd) [10]",10.00,10,,101,53,34,1,1.00
50736,8077349,Dienogest 2mg tablets (Alliance Healthcare (Distribution) Ltd) [28],28.00,28,,112,43,22,1,1.00
958,2730745,Cica-Care sheet 15cm x 12cm rectangular (Smith & Nephew Healthcare Ltd) [1],1.00,1,,184,153,12,1,1.00
26849,8129959,Metformin 850mg/5ml oral solution sugar free (Alliance Healthcare (Distribution) Ltd) [150],150.00,150,,162,70,69,1,1.00
51256,8086969,Amoxicillin 500mg tablets (Alliance Healthcare (Distribution) Ltd) [15],15.00,15,,85,80,21,1,1.00
46013,8046443,Vildagliptin 50mg tablets (Alliance Healthcare (Distribution) Ltd) [56],56.00,56,,125,57,59,1,1.00
19956,1199520,Lymecycline 408mg capsules (Almus Pharmaceuticals Ltd) [56],56.00,56,,150,76,70,1,1.00
3882,0332890,Nozinan 25mg/1ml solution for injection ampoules (Neuraxpharm UK Ltd) [10],10.00,10,,100,40,136,1,1.00
17158,3934262,Epimax original cream (Aspire Pharma Ltd) [100],100.00,100,,37,36,180,1,1.00
31684,1218585,Methotrexate 2.5mg tablets (Almus Pharmaceuticals Ltd) [24],24.00,24,,108,45,23,1,1.00
7259,3127065,Estradot 37.5micrograms/24hours patches (Sandoz Ltd) [8],8.00,8,,92,97,22,1,1.00
19897,8436933,Flutiform 250micrograms/dose / 10micrograms/dose inhaler (PI) (Napp Pharmaceuticals Ltd) [120],120.00,120,,128,76,41,1,1.00
4628,1111715,Ramipril 10mg tablets (Teva UK Ltd) [28],28.00,28,,124,55,40,1,1.00
42137,1220250,Rosuvastatin 10mg tablets (Accord-UK Ltd) [28],28.00,28,,129,78,23,1,1.00
12436,3598752,Proshield Foam & Spray skin cleanser 8213 0150 08 (Smith & Nephew Healthcare Ltd) [235],235.00,235,,83,68,151,1,1.00
306,2467199,Losec 20mg gastro-resistant capsules (Neon Healthcare Ltd) [28],28.00,28,,145,90,43,1,1.00
16490,6832026,Epilim Chronosphere MR 100mg granules sachets (PI) (Sanofi) [30],30.00,30,,110,79,44,1,1.00
3908,2630481,Topamax 50mg sprinkle capsules (Janssen-Cilag Ltd) [60],60.00,60,,144,71,65,1,1.00
2847,2161560,Lamictal 200mg tablets (GlaxoSmithKline UK Ltd) [56],56.00,56,,114,61,31,1,1.00
13981,3702800,Aquacel Foam dressing (adhesive) 17.5cm x 17.5cm (ConvaTec Ltd) [10],10.00,10,,272,231,63,1,1.00
47980,5402953,Mirabegron 25mg modified-release tablets (Astellas Pharma Ltd) [30],30.00,30,,115,65,28,1,1.00
46449,4267597,AAA Ispaghula husk 3.5g/dose effervescent granules gluten free sugar free (TriOn Pharma Ltd) [300],300.00,300,,125,125,205,1,1.00
13940,8093684,Entacapone 200mg tablets (Alliance Healthcare (Distribution) Ltd) [30],30.00,30,,120,64,33,1,1.00
39714,4197695,Wynzora 50micrograms/g / 0.5mg/g cream (Almirall Ltd) [60],60.00,60,,50,52,35,1,1.00
78,2763951,Cardura XL 4mg tablets (Viatris UK Healthcare Ltd) [28],28.00,28,,139,72,40,1,1.00
33773,4094231,Fixapost 50micrograms/ml / 5mg/ml eye drops 0.2ml unit dose (Thea Pharmaceuticals Ltd) [30],30.00,30,,114,76,63,1,1.00
3047,2798023,Symbicort 200/6 Turbohaler (AstraZeneca UK Ltd) [120],120.00,120,,102,44,44,1,1.00
44229,8041485,Phenobarbital 200mg/1ml solution for injection ampoules (Alliance Healthcare (Distribution) Ltd) [10],10.00,10,,98,77,33,1,1.00
45908,3997871,"Fragmin Graduated Syringe 10,000units/1ml solution for injection pre-filled syringes (Pfizer Ltd) [5]",5.00,5,,166,130,28,1,1.00
15329,6328355,Fenofibrate micronised 160mg tablets (Alliance Healthcare (Distribution) Ltd) [28],28.00,28,,130,61,23,1,1.00
12068,3355120,Blephasol lotion (Thea Pharmaceuticals Ltd) [100],100.00,100,,142,47,47,1,1.00
6790,3059490,Lyrica 75mg capsules (Viatris UK Healthcare Ltd) [56],56.00,56,,126,49,35,1,1.00
27954,1209089,Olanzapine 2.5mg tablets (Accord-UK Ltd) [28],28.00,28,,109,66,23,1,1.00
51121,5018312,Tiloket 2.5% gel (Alliance Healthcare (Distribution) Ltd) [50],50.00,50,,147,40,39,1,1.00
4037,2941391,Hydromol ointment (Alliance Pharmaceuticals Ltd) [500],500.00,500,,105,105,108,1,1.00
50045,4259529,Hydromol Relief cream (Alliance Pharmaceuticals Ltd) [100],100.00,100,,195,49,32,1,1.00
148,1060391,Naftidrofuryl 100mg capsules (Accord-UK Ltd) [84],84.00,84,,120,61,55,1,1.00
39597,1178078,Allopurinol 100mg tablets (Accord-UK Ltd) [28],28.00,28,,105,40,19,1,1.00
19188,3948783,Lecicarbon C suppositories (Aspire Pharma Ltd) [10],10.00,10,,101,56,23,1,1.00
706,7125099,Trazodone 50mg capsules (Alliance Healthcare (Distribution) Ltd) [84],84.00,84,,105,63,55,1,1.00
33202,4068953,Eythalm 1mg/ml eye drops (Aspire Pharma Ltd) [6],6.00,6,,82,29,28,1,1.00
30197,4052486,Skilarence 30mg gastro-resistant tablets (Almirall Ltd) [42],42.00,42,,122,43,24,1,1.00
3401,1021054,Cetomacrogol cream (Formula A) (Thornton & Ross Ltd) [500],500.00,500,,103,103,107,1,1.00
41589,3315041,Loprofin low protein pasta penne (Nutricia Ltd) [500],500.00,500,,213,162,72,1,1.00
7568,6336457,Lamotrigine 5mg dispersible tablets sugar free (Alliance Healthcare (Distribution) Ltd) [28],28.00,28,,135,48,16,1,1.00
51429,8071938,Salbutamol 2.5mg/2.5ml nebuliser liquid unit dose ampoules (Alliance Healthcare (Distribution) Ltd) [30],30.00,30,,77,75,170,1,1.00
41916,8048969,Invokana 300mg tablets (PI) (A. Menarini Farmaceutica Internazionale SRL) [30],30.00,30,,128,71,42,1,1.00
3046,2798031,Symbicort 100/6 Turbohaler (AstraZeneca UK Ltd) [120],120.00,120,,102,44,44,1,1.00
2886,0376392,Colpermin IBS Relief gastro-resistant modified-release capsules (McNeil Products Ltd) [100],100.00,100,,95,84,66,1,1.00
50753,8046765,Lacosamide 150mg tablets (Alliance Healthcare (Distribution) Ltd) [14],14.00,14,,89,66,32,1,1.00
2733,0903518,"Portia ring pessary 1.25cm thick, 59mm diameter, PVC (Bray Group Ltd) [1]",1.00,1,,196,155,13,1,1.00
42157,1226844,Lacosamide 100mg tablets (Accord-UK Ltd) [14],14.00,14,,91,74,22,1,1.00
11512,8436230,Topiramate 100mg tablets (Alliance Healthcare (Distribution) Ltd) [60],60.00,60,,129,56,38,1,1.00
14661,1130541,Paracetamol 500mg caplets (Almus Pharmaceuticals Ltd) [32],32.00,32,,71,65,30,1,1.00
19388,6839518,Glucoject lancets PLUS 0.2mm/33gauge (PI) (A. Menarini Diagnostics Ltd) [100],100.00,100,,91,64,60,1,1.00
2667,2727790,Supralip 160mg tablets (Viatris UK Healthcare Ltd) [28],28.00,28,,92,64,41,1,1.00
50750,6832307,Ivabradine 7.5mg tablets (Alliance Healthcare (Distribution) Ltd) [56],56.00,56,,113,54,42,1,1.00
19652,8455271,Sodium bicarbonate 600mg tablets (NoPL) (Alliance Healthcare (Distribution) Ltd) [100],100.00,100,,48,48,83,1,1.00
3133,2842995,Relpax 20mg tablets (Viatris UK Healthcare Ltd) [6],6.00,6,,90,54,31,1,1.00
43561,8061806,Desmopressin 240microgram sublingual tablets sugar free (Alliance Healthcare (Distribution) Ltd) [100],100.00,100,,95,51,47,1,1.00
12716,3591682,Allevyn Gentle Border Lite dressing 10cm x 10cm (Smith & Nephew Healthcare Ltd) [10],10.00,10,,150,143,34,1,1.00
12021,3564408,Laxido Orange oral powder sachets sugar free (Galen Ltd) [30],30.00,30,,131,130,102,1,1.00
12904,8431439,Dicycloverine 10mg/5ml oral solution (Alliance Healthcare (Distribution) Ltd) [120],120.00,120,,150,76,59,1,1.00
3603,0461137,Nitronal 50mg/50ml solution for infusion vials (Beaumont Pharma Ltd) [1],1.00,1,,85,45,45,1,1.00
7598,3164266,Flomaxtra XL 400microgram tablets (Astellas Pharma Ltd) [30],30.00,30,,124,52,23,1,1.00
19452,1198696,Pregabalin 25mg capsules (Teva UK Ltd) [84],84.00,84,,140,56,49,1,1.00
2633,7118649,Metoclopramide 5mg/5ml oral solution sugar free (Alliance Healthcare (Distribution) Ltd) [150],150.00,150,,160,65,65,1,1.00
1345,8461691,Co-amilozide 5mg/50mg tablets (Alliance Healthcare (Distribution) Ltd) [28],28.00,28,,131,61,25,1,1.00
10276,3403953,Solaraze 3% gel (Almirall Ltd) [50],50.00,50,,154,43,33,1,1.00
34749,4101135,CyanocoB12 1mg modified-release tablets (TriOn Pharma Ltd) [50],50.00,50,,112,51,35,1,1.00
16480,3806387,Clobavate 0.05% ointment (Teva UK Ltd) [100],100.00,100,,184,48,38,1,1.00
3235,2893725,Malarone Paediatric 62.5mg/25mg tablets (GlaxoSmithKline UK Ltd) [12],12.00,12,,129,59,19,1,1.00
10774,3433703,Ranexa 375mg modified-release tablets (A. Menarini Farmaceutica Internazionale SRL) [60],60.00,60,,134,80,55,1,1.00
50036,8108649,Ethosuximide 500mg/5ml oral solution sugar free (Alliance Healthcare (Distribution) Ltd) [200],200.00,200,,165,77,77,1,1.00
3669,0180612,Minims fluorescein sodium 2% eye drops 0.5ml unit dose (Bausch & Lomb UK Ltd) [20],20.00,20,,89,89,92,1,1.00
14449,8135105,Zamadol SR 150mg capsules (PI) (Viatris UK Healthcare Ltd) [60],60.00,60,,152,61,51,1,1.00
1552,7149503,Alfacalcidol 250nanogram capsules (Alliance Healthcare (Distribution) Ltd) [30],30.00,30,,79,46,45,1,1.00
20650,3998531,Fostair NEXThaler 200micrograms/dose / 6micrograms/dose dry powder inhaler (Chiesi Ltd) [120],120.00,120,,167,91,40,1,1.00
42184,1056464,Aciclovir 800mg tablets (Accord-UK Ltd) [35],35.00,35,,116,62,45,1,1.00
21719,3814662,Space Chamber Plus with medium mask (Medical Developments International Ltd) [1],1.00,1,,184,106,106,1,1.00
47942,1117290,Co-amoxiclav 125mg/31mg/5ml oral suspension (Almus Pharmaceuticals Ltd) [100],100.00,100,,123,55,55,1,1.00
17012,3918968,Aptamil Pepti 2 powder (Nutricia Ltd) [800],800.00,800,,129,129,164,1,1.00
9585,6805659,Midazolam 5mg/5ml solution for injection ampoules (Alliance Healthcare (Distribution) Ltd) [10],10.00,10,,102,94,40,1,1.00
12209,1148485,Aciclovir 200mg tablets (Almus Pharmaceuticals Ltd) [25],25.00,25,,94,66,36,1,1.00
7368,3137155,Sodium chloride 0.9% irrigation solution 20ml Irripod unit dose (Crest Medical Ltd) [25],25.00,25,,114,96,113,1,1.00
7982,1115732,Imipramine 25mg tablets (Almus Pharmaceuticals Ltd) [28],28.00,28,,104,37,26,1,1.00
51108,1288869,Guanfacine 1mg modified-release tablets (Accord-UK Ltd) [28],28.00,28,,27,115,64,1,1.00
1531,0044735,Diprosalic 0.05%/3% ointment (Organon Pharma (UK) Ltd) [30],30.00,30,,135,35,34,1,1.00
15086,7025141,Tegaderm Film dressing 15cm x 20cm (PI) (3M Health Care Ltd) [10],10.00,10,,297,202,8,1,1.00
51172,8070302,Levomepromazine 25mg/1ml solution for injection ampoules (Alliance Healthcare (Distribution) Ltd) [10],10.00,10,,30,95,75,1,1.00
12225,1152230,Ciprofloxacin 750mg tablets (Almus Pharmaceuticals Ltd) [10],10.00,10,,92,69,21,1,1.00
6893,3023231,Creon Micro Pancreatin 60.12mg gastro-resistant granules (Viatris UK Healthcare Ltd) [20],20.00,20,,67,38,42,1,1.00
418,0212282,Opticrom Aqueous 2% eye drops (Thornton & Ross Ltd) [13.50],13.50,0,,83,42,42,1,1.00
9586,6833834,Perindopril erbumine 2mg tablets (Alliance Healthcare (Distribution) Ltd) [30],30.00,30,,92,66,22,1,1.00
41616,2120277,Slozem 120mg capsules (Zentiva Pharma UK Ltd) [28],28.00,28,,156,52,32,1,1.00
16639,6332068,Prednisolone 5mg gastro-resistant tablets (Alliance Healthcare (Distribution) Ltd) [30],30.00,30,,108,38,23,1,1.00
44566,4230553,Knoxzy 3% inhalation solution 4ml vials (Biovantic Pharma Ltd) [30],30.00,30,,112,82,71,1,1.00
34760,8011132,Stalevo 100mg/25mg/200mg tablets (PI) (Orion Pharma (UK) Ltd) [30],30.00,30,,106,58,55,1,1.00
1697,0237529,Neurontin 100mg capsules (Viatris UK Healthcare Ltd) [100],100.00,100,,125,50,80,1,1.00
43661,8011330,Atomoxetine 100mg capsules (Alliance Healthcare (Distribution) Ltd) [28],28.00,28,,88,72,48,1,1.00
7938,1108802,Erythromycin 250mg gastro-resistant tablets (Almus Pharmaceuticals Ltd) [28],28.00,28,,100,60,22,1,1.00
9854,3338936,Doublebase emollient bath additive (Dermal Laboratories Ltd) [500],500.00,500,,223,101,58,1,1.00
29616,8155731,GlucoMen areo Sensor testing strips (PI) (A. Menarini Diagnostics Ltd) [50],50.00,50,,69,60,46,1,1.00
17007,3871381,CosmoCol Lemon and Lime Flavour oral powder sachets (Stirling Anglian Pharmaceuticals Ltd) [30],30.00,30,,168,122,125,1,1.00
43530,8465080,Femara 2.5mg tablets (PI) (Novartis Pharmaceuticals UK Ltd) [30],30.00,30,,87,42,38,1,1.00
14672,8121758,Clindamycin 300mg capsules (Alliance Healthcare (Distribution) Ltd) [30],30.00,30,,115,65,41,1,1.00
3201,7002017,Lidocaine 100mg/5ml (2%) solution for injection ampoules (Alliance Healthcare (Distribution) Ltd) [10],10.00,10,,100,94,41,1,1.00
33065,8111528,Binosto 70mg effervescent tablets (PI) (Internis Pharmaceuticals Ltd) [4],4.00,4,,129,76,35,1,1.00
1769,0484733,Epilim 200mg/5ml syrup (Sanofi) [300],300.00,300,,163,68,68,1,1.00
9118,1132497,Carvedilol 6.25mg tablets (Almus Pharmaceuticals Ltd) [28],28.00,28,,137,49,17,1,1.00
48368,1275353,Varenicline 1mg tablets (Accord-UK Ltd) [28],28.00,28,,25,116,48,1,1.00
13038,1167063,Phenoxybenzamine 10mg capsules (Advanz Pharma) [30],30.00,30,,97,72,20,1,1.00
27486,6359442,Allevyn Gentle Border dressing 12.5cm x 12.5cm (PI) (Smith & Nephew Healthcare Ltd) [10],10.00,10,,209,191,49,1,1.00
45824,8118598,Mobile cassette (PI) (Roche Diabetes Care Ltd) [50],50.00,50,,89,46,37,1,1.00
13897,3716719,Forxiga 10mg tablets (AstraZeneca UK Ltd) [28],28.00,28,,150,74,32,1,1.00
33333,8425811,Braltus 10microgram inhalation powder capsules with Zonda inhaler (PI) (Teva UK Ltd) [30],30.00,30,,75,72,58,1,1.00
15158,3241486,Tubifast 2-way stretch stockinette 20cm (Molnlycke Health Care Ltd) [5],5.00,5,,228,89,87,1,1.00
6235,1136183,Amlodipine 5mg tablets (Teva UK Ltd) [28],28.00,28,,136,47,22,1,1.00
45760,8085151,Betamethasone valerate 0.1% ointment (Alliance Healthcare (Distribution) Ltd) [30],30.00,30,,149,43,30,1,1.00
70,2462638,Amias 16mg tablets (Neon Healthcare Ltd) [28],28.00,28,,105,44,36,1,1.00
31898,4057618,Softacort 3.35mg/ml eye drops 0.4ml unit dose (Thea Pharmaceuticals Ltd) [30],30.00,30,,174,77,31,1,1.00
41512,8041261,Neupro 1mg/24hours transdermal patches (BUK) (UCB Pharma Ltd) [28],28.00,28,,151,150,26,1,1.00
1261,0183459,Naprosyn EC 500mg tablets (Atnahs Pharma UK Ltd) [56],56.00,56,,112,61,37,1,1.00
44297,8030173,Spironolactone 12.5mg tablets (Alliance Healthcare (Distribution) Ltd) [28],28.00,28,,76,51,20,1,1.00
1622,2891760,Comfifast stockinette 7.5cm (Vernacare International Ltd) [1],1.00,1,,141,95,25,1,1.00
2659,2149839,Beconase Hayfever 50micrograms/dose nasal spray (Omega Pharma Ltd) [180],180.00,180,,119,48,38,1,1.00
51008,8383598,Cholestagel 625mg tablets (PI) (Neon Healthcare Ltd) [180],180.00,180,,136,72,72,1,1.00
7926,1110626,Doxazosin 4mg tablets (Almus Pharmaceuticals Ltd) [28],28.00,28,,136,49,23,1,1.00
43998,8136319,Celebrex 100mg capsules (PI) (Viatris UK Healthcare Ltd) [60],60.00,60,,130,130,70,1,1.00
50972,8069395,"Jext 150micrograms/0.15ml (1 in 1,000) solution for injection auto-injectors (PI) (ALK-Abello Ltd) [1]",1.00,1,,170,36,34,1,1.00
16537,1082296,Midazolam 10mg/2ml solution for injection ampoules (Advanz Pharma) [10],10.00,10,,106,101,26,1,1.00
12009,3554847,Scholl Softgrip class II ribbed sock standard stock size Large Black (SSL International Plc) [2],2.00,2,,142,91,32,1,1.00
1722,2327831,Topamax 25mg tablets (Janssen-Cilag Ltd) [60],60.00,60,,92,51,50,1,1.00
2859,0435164,FML Liquifilm 0.1% ophthalmic suspension (AbbVie Ltd) [10],10.00,10,,82,31,29,1,1.00
48568,1282680,Medroxyprogesterone 10mg tablets (Pfizer Ltd) [90],90.00,90,,29,63,113,1,1.00
3214,0027003,Norgalax 120mg/10g enema (Essential Pharma Ltd) [6],6.00,6,,132,79,46,1,1.00
45202,8062648,AeroChamber Plus Flow-Vu Anti-Static with adult large mask (PI) (Trudell Medical UK Ltd) [1],1.00,1,,190,90,90,1,1.00
48264,8082000,FemSeven Conti patches (PI) (Theramex HQ UK Ltd) [12],12.00,12,,72,75,13,1,1.00
13161,1164565,Ferrous sulfate 200mg tablets (Almus Pharmaceuticals Ltd) [100],100.00,100,,95,53,48,1,1.00
50013,8092231,Topiramate 20mg/ml oral solution sugar free (Alliance Healthcare (Distribution) Ltd) [150],150.00,150,,54,74,148,1,1.00
12986,8437436,Levetiracetam 750mg tablets (Alliance Healthcare (Distribution) Ltd) [60],60.00,60,,122,66,59,1,1.00
8007,3202629,Procoralan 5mg tablets (Servier Laboratories Ltd) [56],56.00,56,,116,52,26,1,1.00
31956,8123358,Lormetazepam 500microgram tablets (Alliance Healthcare (Distribution) Ltd) [30],30.00,30,,95,40,27,1,1.00
35402,8011231,Unifine Pentips hypodermic insulin needles for pre-filled / reusable pen injectors screw on 4mm/32gauge (PI) (Owen Mumford Ltd) [100],100.00,100,,103,94,70,1,1.00
26818,4017760,GlucoMen areo Ketone Sensor testing strips 48106 (A. Menarini Diagnostics Ltd) [10],10.00,10,,158,75,32,1,1.00
18884,3949542,Magnaspartate 243mg (magnesium 10mmol) oral powder sachets (KoRa Healthcare) [10],10.00,10,,145,75,54,1,1.00
13529,3718053,Brava elastic tape 12070 (Coloplast Ltd) [20],20.00,20,,30,170,100,1,1.00
18793,0251686,Instillagel gel (CliniMed Ltd) [60],60.00,60,,157,195,57,1,1.00
11682,8437758,Clobazam 10mg tablets (Alliance Healthcare (Distribution) Ltd) [30],30.00,30,,95,40,26,1,1.00
15895,3820586,Relvar Ellipta 184micrograms/dose / 22micrograms/dose dry powder inhaler (GlaxoSmithKline UK Ltd) [30],30.00,30,,107,92,46,1,1.00
30452,8387854,Stalevo 125mg/31.25mg/200mg tablets (PI) (Orion Pharma (UK) Ltd) [30],30.00,30,,107,57,57,1,1.00
2878,2105435,Hirudoid 0.3% cream (Thornton & Ross Ltd) [50],50.00,50,,169,40,32,1,1.00
41558,8046823,Sitagliptin 25mg tablets (Alliance Healthcare (Distribution) Ltd) [28],28.00,28,,104,41,21,1,1.00
30148,1179423,Simvastatin 20mg tablets (Accord-UK Ltd) [28],28.00,28,,107,41,20,1,1.00
2565,2272706,Estraderm MX 25 patches (Norgine Pharmaceuticals Ltd) [24],24.00,24,,82,67,28,1,1.00
7997,1110774,Lisinopril 20mg tablets (Almus Pharmaceuticals Ltd) [28],28.00,28,,116,51,16,1,1.00
7570,6336440,Lamotrigine 100mg dispersible tablets sugar free (Alliance Healthcare (Distribution) Ltd) [56],56.00,56,,51,53,24,1,1.00
26491,1140342,Thiamine 50mg tablets (Almus Pharmaceuticals Ltd) [100],100.00,100,,89,44,46,1,1.00
47064,1262476,Pyridostigmine bromide 60mg tablets (Flynn Pharma Ltd) [200],200.00,200,,112,71,69,1,1.00
7258,3127057,Estradot 25micrograms/24hours patches (Sandoz Ltd) [8],8.00,8,,92,85,22,1,1.00
34606,1229319,Solifenacin 10mg tablets (Accord-UK Ltd) [30],30.00,30,,113,47,26,1,1.00
41780,2312981,Glutafin gluten free multipurpose white mix (Dr Schar UK Ltd) [500],500.00,500,,195,144,50,1,1.00
13193,8465593,Co-codamol 15mg/500mg tablets (Alliance Healthcare (Distribution) Ltd) [100],100.00,100,,83,74,58,1,1.00
45633,8051732,Levetiracetam 250mg granules for oral solution sachets sugar free (Alliance Healthcare (Distribution) Ltd) [60],60.00,60,,107,97,89,1,1.00
2022,2616340,Sinemet 12.5mg/50mg tablets (Organon Pharma (UK) Ltd) [90],90.00,90,,110,52,58,1,1.00
16631,3885886,"Fultium-D3 3,200unit capsules (Internis Pharmaceuticals Ltd) [90]",90.00,90,,105,62,50,1,1.00
43688,1054865,Water for injections 20ml ampoules (B.Braun Medical Ltd) [20],20.00,20,,115,102,109,1,1.00
34598,4101549,VIZhyal 0.1% eye drops preservative free (East Midlands Pharma Ltd) [10],10.00,10,,88,41,30,1,1.00
9470,3091485,Clipper 5mg gastro-resistant modified-release tablets (Chiesi Ltd) [30],30.00,30,,96,57,23,1,1.00
46660,1273937,Prucalopride 2mg tablets (Accord-UK Ltd) [28],28.00,28,,128,58,26,1,1.00
425,7042724,Sodium cromoglicate 2% eye drops (Alliance Healthcare (Distribution) Ltd) [13.50],13.50,0,,98,32,30,1,1.00
33330,1209196,Oxybutynin 2.5mg tablets (Accord-UK Ltd) [56],56.00,56,,115,48,36,1,1.00
3058,2253722,Norimode 2mg tablets (Tillomed Laboratories Ltd) [30],30.00,30,,102,51,21,1,1.00
31003,1178177,Amlodipine 10mg tablets (Accord-UK Ltd) [28],28.00,28,,118,49,27,1,1.00
15544,6289177,Seretide 125 Evohaler (PI) (GlaxoSmithKline UK Ltd) [120],120.00,120,,93,52,34,1,1.00
806,0293464,Tubigrip bandage 6.75cm size C (Molnlycke Health Care Ltd) [1],1.00,1,,154,72,41,1,1.00
51586,1265867,Bimatoprost 300micrograms/ml eye drops (Neon Healthcare Ltd) [3],3.00,3,,160,42,41,1,1.00
32922,4079083,Combisal 25micrograms/dose / 250micrograms/dose inhaler (Aspire Pharma Ltd) [120],120.00,120,,95,55,42,1,1.00
2029,1068535,Co-careldopa 25mg/100mg tablets (Teva UK Ltd) [100],100.00,100,,137,53,48,1,1.00
51246,8073272,Melatonin 1mg/ml oral solution sugar free (Alliance Healthcare (Distribution) Ltd) [60],60.00,60,,155,68,68,1,1.00
2290,0903120,Uniroid HC suppositories (Essential Generics Ltd) [12],12.00,12,,118,67,28,1,1.00
11094,1123843,Pantoprazole 20mg gastro-resistant tablets (Accord-UK Ltd) [28],28.00,28,,136,59,30,1,1.00
28909,4040598,Sereflo 25micrograms/dose / 125micrograms/dose inhaler (Cipla EU Ltd) [120],120.00,120,,152,81,42,1,1.00
15696,8427775,Nexium 20mg gastro-resistant tablets (PI) (Grunenthal Ltd) [28],28.00,28,,116,69,31,1,1.00
20734,1195668,Alzest 9.5mg/24hours transdermal patches (Dr Reddy's Laboratories (UK) Ltd) [30],30.00,30,,85,81,32,1,1.00
50570,8113169,Tacrolimus 0.1% ointment (Alliance Healthcare (Distribution) Ltd) [60],60.00,60,,45,140,45,1,1.00
2597,0171991,Bactroban 2% nasal ointment (GlaxoSmithKline UK Ltd) [3],3.00,3,,102,27,22,1,1.00
14278,8093007,Rabeprazole 10mg gastro-resistant tablets (Alliance Healthcare (Distribution) Ltd) [28],28.00,28,,123,59,25,1,1.00
250,7056450,Captopril 50mg tablets (Alliance Healthcare (Distribution) Ltd) [56],56.00,56,,120,62,36,1,1.00
12630,1159656,Pantoprazole 20mg gastro-resistant tablets (Almus Pharmaceuticals Ltd) [28],28.00,28,,80,54,28,1,1.00
32485,8132383,Ezetimibe 10mg tablets (Alliance Healthcare (Distribution) Ltd) [28],28.00,28,,107,44,22,1,1.00
2660,2272722,Estraderm MX 50 patches (Norgine Pharmaceuticals Ltd) [24],24.00,24,,82,81,29,1,1.00
42594,1261593,Vildagliptin 50mg / Metformin 1g tablets (Teva UK Ltd) [60],60.00,60,,151,143,63,1,1.00
41846,3193497,Juvela gluten free pasta tagliatelle (Juvela Ltd) [250],250.00,250,,241,152,84,1,1.00
16669,3670015,Unistik 3 Gentle lancets 1.5mm/30gauge (Owen Mumford Ltd) [100],100.00,100,,140,102,93,1,1.00
14214,2724466,Nexium 20mg gastro-resistant tablets (Grunenthal Ltd) [28],28.00,28,,108,74,32,1,1.00
2758,0948083,Corsodyl Mint 0.2% mouthwash (Haleon UK Trading Ltd) [300],300.00,300,,63,64,146,1,1.00
1166,2391035,Zemtard 120 XL capsules (Galen Ltd) [28],28.00,28,,122,72,23,1,1.00
45889,8043580,Apixaban 5mg tablets (Alliance Healthcare (Distribution) Ltd) [56],56.00,56,,113,46,39,1,1.00
8576,3248861,Erdotin 300mg capsules (Galen Ltd) [20],20.00,20,,93,63,20,1,1.00
48310,1282136,Diclofenac 2.32% gel (Teva UK Ltd) [50],50.00,50,,110,36,36,1,1.00
43986,1248202,Duloxetine 60mg gastro-resistant capsules (Accord-UK Ltd) [28],28.00,28,,130,54,28,1,1.00
7477,3108263,Alvesco 160 inhaler (Covis Pharma GmbH) [60],60.00,60,,100,58,35,1,1.00
3250,2479442,Minims dexamethasone 0.1% eye drops 0.5ml unit dose (Bausch & Lomb UK Ltd) [20],20.00,20,,88,88,93,1,1.00
14790,2021418,Sodium valproate 200mg/5ml oral solution sugar free (Wockhardt UK Ltd) [300],300.00,300,,68,67,66,1,1.00
3906,2630440,Topamax 15mg sprinkle capsules (Janssen-Cilag Ltd) [60],60.00,60,,107,62,62,1,1.00
11543,3484755,Hydromol Intensive 10% cream (Alliance Pharmaceuticals Ltd) [30],30.00,30,,122,39,28,1,1.00
5200,3548724,Scholl Softgrip class II below knee stocking circular knit standard stock size closed toe Large Natural (SSL International Plc) [2],2.00,2,,142,91,31,1,1.00
50650,8111221,Betamethasone 0.1% ear/eye/nose drops (Alliance Healthcare (Distribution) Ltd) [5],5.00,5,,26,26,70,1,1.00
33424,6328686,Carbomer 0.2% eye gel (Alliance Healthcare (Distribution) Ltd) [10],10.00,10,,108,31,21,1,1.00
2865,0025023,Pred Forte 1% eye drops (AbbVie Ltd) [10],10.00,10,,82,31,29,1,1.00
12242,1152008,Dexamethasone 2mg tablets (Almus Pharmaceuticals Ltd) [50],50.00,50,,95,39,25,1,1.00
3494,2729416,Aknemycin Plus solution (Almirall Ltd) [25],25.00,25,,102,36,35,1,1.00
2670,2517621,Lipantil Micro 267 capsules (Viatris UK Healthcare Ltd) [28],28.00,28,,128,64,26,1,1.00
13047,3636651,Mylife lancets 0.3mm/30gauge (Pikdare S.p.A.) [200],200.00,200,,112,67,50,1,1.00
14628,8121659,Chlordiazepoxide 5mg capsules (Alliance Healthcare (Distribution) Ltd) [100],100.00,100,,81,46,45,1,1.00
12235,1151950,Clonazepam 500microgram tablets (Almus Pharmaceuticals Ltd) [100],100.00,100,,105,66,47,1,1.00
22696,2671063,Eltroxin 25microgram tablets (Advanz Pharma) [28],28.00,28,,134,50,20,1,1.00
7745,2959385,Ultra Lite bandage 10cm x 4.5m (Robinson Healthcare) [1],1.00,1,,100,46,46,1,1.00
1914,2146751,Neoral 25mg capsules (Novartis Pharmaceuticals UK Ltd) [30],30.00,30,,165,59,37,1,1.00
1201,0115626,Tildiem Retard 90mg tablets (Sanofi) [56],56.00,56,,131,84,36,1,1.00
6914,6327860,Glimepiride 2mg tablets (Alliance Healthcare (Distribution) Ltd) [30],30.00,30,,136,48,23,1,1.00
11375,3450368,UrgoKTwo multi-layer compression bandage kit (12cm) 25cm-32cm ankle circumference (Urgo Ltd) [1],1.00,1,,196,155,101,1,1.00
15396,3108404,Seretide 50 Evohaler (GlaxoSmithKline UK Ltd) [120],120.00,120,,92,52,34,1,1.00
3311,0861989,Exocin 0.3% eye drops (AbbVie Ltd) [5],5.00,5,,66,32,30,1,1.00
14640,8457004,Regurin 20mg tablets (PI) (Viatris UK Healthcare Ltd) [60],60.00,60,,107,45,30,1,1.00
2397,0769620,Sodium chloride 0.9% solution for injection 10ml ampoules (Alliance Healthcare (Distribution) Ltd) [10],10.00,10,,107,121,46,1,1.00
6626,3035573,Mepilex Lite dressing 10cm x 10cm (Molnlycke Health Care Ltd) [5],5.00,5,,158,144,27,1,1.00
8138,2905768,Zanidip 20mg tablets (Recordati Pharmaceuticals Ltd) [28],28.00,28,,82,70,17,1,1.00
13166,1164607,Prednisolone 5mg gastro-resistant tablets (Almus Pharmaceuticals Ltd) [28],28.00,28,,105,36,18,1,1.00
12211,1148527,Aciclovir 800mg tablets (Almus Pharmaceuticals Ltd) [35],35.00,35,,95,66,44,1,1.00
88,2383131,Natrilix SR 1.5mg tablets (Servier Laboratories Ltd) [30],30.00,30,,116,53,28,1,1.00
7923,1110592,Dosulepin 75mg tablets (Almus Pharmaceuticals Ltd) [28],28.00,28,,102,59,20,1,1.00
46528,1249671,Quetiapine 100mg tablets (Almus Pharmaceuticals Ltd) [60],60.00,60,,119,47,37,1,1.00
3165,2270908,Elleste Duet 2mg tablets (Exeltis UK Ltd) [84],84.00,84,,98,68,27,1,1.00
1746,7118599,Amitriptyline 25mg/5ml oral solution sugar free (Alliance Healthcare (Distribution) Ltd) [150],150.00,150,,136,55,55,1,1.00
9142,1134550,Meloxicam 15mg tablets (Almus Pharmaceuticals Ltd) [30],30.00,30,,109,52,23,1,1.00
6414,3054681,Zerobase 11% cream (Thornton & Ross Ltd) [500],500.00,500,,213,81,81,1,1.00
3755,2933356,Elidel 1% cream (Viatris UK Healthcare Ltd) [100],100.00,100,,206,50,38,1,1.00
34416,4027017,GlucoRx Safety Pen hypodermic insulin needles for pre-filled / reusable pen injectors screw on 5mm/30gauge (GlucoRx Ltd) [100],100.00,100,,157,99,97,1,1.00
12503,1159060,Bisoprolol 2.5mg tablets (Almus Pharmaceuticals Ltd) [28],28.00,28,,117,59,22,1,1.00
40444,8042392,Acnecide 5% gel (PI) (Galderma (UK) Ltd) [40],40.00,40,,134,40,27,1,1.00
14497,3174166,Hedrin 4% lotion (Thornton & Ross Ltd) [50],50.00,50,,122,41,28,1,1.00
5622,2439263,Urisleeve leg bag holder medium 150121 36cm-55cm (Bard Ltd) [4],4.00,4,,205,201,38,1,1.00
2658,2272714,Estraderm MX 50 patches (Norgine Pharmaceuticals Ltd) [8],8.00,8,,82,82,19,1,1.00
7950,1108919,Metformin 850mg tablets (Almus Pharmaceuticals Ltd) [56],56.00,56,,133,60,38,1,1.00
19531,1157114,Glyceryl trinitrate 400micrograms/dose pump sublingual spray (Accord-UK Ltd) [180],180.00,180,,111,32,30,1,1.00
7208,3131414,Amias 32mg tablets (Neon Healthcare Ltd) [28],28.00,28,,105,43,35,1,1.00
9202,3276433,CliniFast stockinette 7.5cm (CliniSupplies Ltd) [3],3.00,3,,87,64,62,1,1.00
26640,1152164,Phenobarbital 30mg tablets (TEV) (Almus Pharmaceuticals Ltd) [28],28.00,28,,137,49,17,1,1.00
18909,3948882,Ipinnia XL 6mg tablets (Ethypharm UK Ltd) [28],28.00,28,,146,74,57,1,1.00
74,7164932,Celiprolol 200mg tablets (Alliance Healthcare (Distribution) Ltd) [28],28.00,28,,112,51,30,1,1.00
3324,2065381,Ciloxan 0.3% eye drops (Novartis Pharmaceuticals UK Ltd) [5],5.00,5,,73,30,30,1,1.00
230,2560068,Frusol 40mg/5ml oral solution (Rosemont Pharmaceuticals Ltd) [150],150.00,150,,138,56,54,1,1.00
579,1081165,Levothyroxine sodium 100microgram tablets (Accord-UK Ltd) [28],28.00,28,,107,38,20,1,1.00
13524,1173244,Atorvastatin 10mg tablets (Teva UK Ltd) [28],28.00,28,,109,79,24,1,1.00
11642,0450874,Avoca 75% silver nitrate applicators (Bray Group Ltd) [100],100.00,100,,183,70,46,1,1.00
16612,3851748,Glucoject lancets PLUS 0.2mm/33gauge (A. Menarini Diagnostics Ltd) [100],100.00,100,,92,64,60,1,1.00
13661,3730546,Efracea 40mg modified-release capsules (Galderma (UK) Ltd) [14],14.00,14,,114,70,25,1,1.00
2614,0402040,Zovirax 5% cream (GlaxoSmithKline UK Ltd) [2],2.00,2,,70,38,21,1,1.00
2656,0483875,Evorel 50 patches (Theramex HQ UK Ltd) [8],8.00,8,,82,79,21,1,1.00
630,8099335,Hydrocortisone 2.5% cream (Alliance Healthcare (Distribution) Ltd) [15],15.00,15,,127,43,33,1,1.00
6963,2935369,Sebco ointment (Derma UK Ltd) [100],100.00,100,,180,54,39,1,1.00
1524,2434488,Telfast 180mg tablets (Opella POM UK Ltd) [30],30.00,30,,124,66,22,1,1.00
12210,1148519,Aciclovir 400mg tablets (Almus Pharmaceuticals Ltd) [56],56.00,56,,135,47,30,1,1.00
33124,1224476,Gabapentin 50mg/ml oral solution sugar free (Teva UK Ltd) [150],150.00,150,,150,77,58,1,1.00
13812,3702784,Aquacel Foam dressing (adhesive) 10cm x 10cm (ConvaTec Ltd) [10],10.00,10,,63,155,62,1,1.00
2046,1083252,Phenobarbital 60mg tablets (Teva UK Ltd) [28],28.00,28,,136,47,24,1,1.00
1452,2437978,Efexor XL 75mg capsules (Viatris UK Healthcare Ltd) [28],28.00,28,,127,62,30,1,1.00
5210,3550787,Scholl Softgrip class II below knee stocking circular knit standard stock size open toe Medium Natural (SSL International Plc) [2],2.00,2,,142,90,31,1,1.00
9203,3276441,CliniFast stockinette 7.5cm (CliniSupplies Ltd) [5],5.00,5,,87,77,81,1,1.00
1392,0083618,Zithromax 200mg/5ml oral suspension (Pfizer Ltd) [15],15.00,15,,136,91,49,1,1.00
2818,2163285,Kliofem tablets (Novo Nordisk Ltd) [84],84.00,84,,66,64,35,1,1.00
51308,3710696,Rufinamide 40mg/ml oral suspension sugar free (Eisai Ltd) [460],460.00,460,,206,96,80,1,1.00
3652,2343234,"Fragmin 100,000units/4ml solution for injection vials (Pfizer Ltd) [1]",1.00,1,,91,44,35,1,1.00
2514,2270882,Elleste Solo 1mg tablets (Exeltis UK Ltd) [84],84.00,84,,97,66,20,1,1.00
14288,6332407,Maxalt Melt 10mg oral lyophilisates (PI) (Organon Pharma (UK) Ltd) [6],6.00,6,,94,91,55,1,1.00
11394,3484615,CareSens lancets 0.36mm/28gauge (Spirit Healthcare Ltd) [100],100.00,100,,80,61,41,1,1.00
1983,0368670,Diflucan 50mg/5ml oral suspension (Pfizer Ltd) [35],35.00,35,,102,68,61,1,1.00
7340,3136173,"EpiPen 300micrograms/0.3ml (1 in 1,000) solution for injection auto-injectors (Viatris UK Healthcare Ltd) [2]",2.00,2,,173,83,38,1,1.00
40354,1256031,Atorvastatin 20mg/5ml oral suspension sugar free (Rosemont Pharmaceuticals Ltd) [150],150.00,150,,152,76,55,1,1.00
21660,8442055,Sodium fluoride 1.1% dental paste sugar free (Alliance Healthcare (Distribution) Ltd) [51],51.00,51,,144,37,32,1,1.00
8732,3263019,Exforge 10mg/160mg tablets (Novartis Pharmaceuticals UK Ltd) [28],28.00,28,,104,63,21,1,1.00
7962,1110071,Gliclazide 80mg tablets (Almus Pharmaceuticals Ltd) [60],60.00,60,,91,50,22,1,1.00
7268,2580587,Adipine XL 60mg tablets (Chiesi Ltd) [28],28.00,28,,103,72,18,1,1.00
11294,3445491,Sevikar 40mg/10mg tablets (Daiichi Sankyo UK Ltd) [28],28.00,28,,112,66,18,1,1.00
17827,1184027,Sildenafil 50mg tablets (Teva UK Ltd) [8],8.00,8,,100,54,20,1,1.00
15596,7022767,Seretide 250 Accuhaler (PI) (GlaxoSmithKline UK Ltd) [60],60.00,60,,94,91,36,1,1.00
3754,2933349,Elidel 1% cream (Viatris UK Healthcare Ltd) [60],60.00,60,,174,45,35,1,1.00
38772,8033763,Guide testing strips (PI) (Roche Diabetes Care Ltd) [50],50.00,50,,75,64,44,1,1.00
1880,0430520,Livial 2.5mg tablets (Organon Pharma (UK) Ltd) [28],28.00,28,,104,46,20,1,1.00
642,0282764,Stugeron 15mg tablets (McNeil Products Ltd) [15],15.00,15,,99,72,17,1,1.00
13552,1170810,Esomeprazole 40mg powder for solution for injection vials (Sun Pharma UK Ltd) [1],1.00,1,,74,36,35,1,1.00
31550,1217231,Gliclazide 40mg tablets (Teva UK Ltd) [28],28.00,28,,107,37,19,1,1.00
14651,1108935,Paracetamol 500mg caplets (Almus Pharmaceuticals Ltd) [100],100.00,100,,84,67,56,1,1.00
288,1081447,Amitriptyline 25mg tablets (Teva UK Ltd) [28],28.00,28,,125,55,19,1,1.00
478,8461642,Timolol 0.5% eye drops (Alliance Healthcare (Distribution) Ltd) [5],5.00,5,,73,32,30,1,1.00
19620,1187418,Ferrous gluconate 300mg tablets (Almus Pharmaceuticals Ltd) [28],28.00,28,,98,70,21,1,1.00
14448,8420010,Unifine Pentips hypodermic insulin needles for pre-filled / reusable pen injectors screw on 6mm/31gauge (PI) (Owen Mumford Ltd) [100],100.00,100,,102,95,73,1,1.00
14446,3418449,ViePax XL 150mg tablets (Dexcel-Pharma Ltd) [28],28.00,28,,133,72,19,1,1.00
1252,2240042,Isotard 60XL tablets (Evolan Pharma AB) [28],28.00,28,,105,54,19,1,1.00
39438,4143574,AproDerm emollient starter pack (GB) (Fontus Health Ltd) [1],1.00,1,,238,154,48,1,1.00
4055,1106186,Simvastatin 20mg tablets (Teva UK Ltd) [28],28.00,28,,113,49,22,1,1.00
32944,4080883,Arovi 80mg/0.8ml solution for injection pre-filled syringes (ROVI Biotech Ltd) [10],10.00,10,,167,102,78,1,1.00
30794,8083016,Betamethasone 4mg/1ml solution for injection ampoules (Alliance Healthcare (Distribution) Ltd) [5],5.00,5,,77,73,20,1,1.00
39708,8038366,Carbamazepine 200mg tablets (Medreich Plc) [84],84.00,84,,101,62,35,1,1.00
43460,4236931,Demovo 360micrograms/ml oral solution (Alturix Ltd) [15],15.00,15,,95,41,30,1,1.00
1478,0369769,Dermovate 0.05% cream (GlaxoSmithKline UK Ltd) [100],100.00,100,,168,51,39,1,1.00
1720,0366203,Lariam 250mg tablets (Neon Healthcare Ltd) [8],8.00,8,,113,47,26,1,1.00
11862,3552999,Hylo-Care eye drops preservative free (Scope Ophthalmics Ltd) [10],10.00,10,,112,40,37,1,1.00
6663,2618973,Primapore dressing 10cm x 20cm (Smith & Nephew Healthcare Ltd) [20],20.00,20,,271,136,50,1,1.00
34716,8459380,Paracetamol 500mg effervescent tablets (Alliance Healthcare (Distribution) Ltd) [60],60.00,60,,128,108,37,1,1.00
46370,8118556,Fludroxycortide 4micrograms/square cm tape 7.5cm (Alliance Healthcare (Distribution) Ltd) [20],20.00,20,,94,57,56,1,1.00
48032,8077398,Doxycycline 100mg capsules (Alliance Healthcare (Distribution) Ltd) [6],6.00,6,,110,37,20,1,1.00
1980,2667079,Ferrograd Folic 325mg/350microgram modified-release tablets (Teofarma S.r.l.) [30],30.00,30,,104,88,28,1,1.00
4621,1111541,Ramipril 10mg capsules (Teva UK Ltd) [28],28.00,28,,136,48,23,1,1.00
14488,3564820,Emozul 40mg gastro-resistant capsules (Krka UK Ltd) [28],28.00,28,,135,73,48,1,1.00
19582,8072738,Celecoxib 100mg capsules (Alliance Healthcare (Distribution) Ltd) [60],60.00,60,,92,63,47,1,1.00
16623,3856416,SMA Alfamino powder (Nestle Health Science) [400],400.00,400,,101,103,142,1,1.00
36288,4101010,ColeDose D3 800unit capsules (TriOn Pharma Ltd) [30],30.00,30,,80,58,26,1,1.00
17090,1201649,Olsalazine 250mg capsules (Waymade Healthcare Plc) [112],112.00,112,,119,51,50,1,1.00
49536,8461758,Zonisamide 100mg capsules (Alliance Healthcare (Distribution) Ltd) [56],56.00,56,,117,61,38,1,1.00
34068,1226216,Clonazepam 2mg/5ml oral solution sugar free (Accord-UK Ltd) [150],150.00,150,,147,71,53,1,1.00
2917,2602647,Seretide 500 Accuhaler (GlaxoSmithKline UK Ltd) [60],60.00,60,,95,91,36,1,1.00
12984,8437451,Levetiracetam 250mg tablets (Alliance Healthcare (Distribution) Ltd) [60],60.00,60,,115,67,55,1,1.00
14570,8110975,Tegaderm Foam dressing (adhesive) 10cm x 11cm oval (PI) (3M Health Care Ltd) [10],10.00,10,,258,180,72,1,1.00
2819,2533065,Isotard 50XL tablets (Evolan Pharma AB) [28],28.00,28,,126,49,18,1,1.00
45880,8061665,"Colecalciferol 1,000unit tablets (NoPL) (Alliance Healthcare (Distribution) Ltd) [30]",30.00,30,,15,80,35,1,1.00
7893,1110477,Citalopram 10mg tablets (Almus Pharmaceuticals Ltd) [28],28.00,28,,124,61,22,1,1.00
43720,0451500,Portia dropper bent (Bray Group Ltd) [1],1.00,1,,139,73,18,1,1.00
11240,3466281,Advagraf 3mg modified-release capsules (Astellas Pharma Ltd) [50],50.00,50,,158,78,59,1,1.00
7897,1110493,Citalopram 40mg tablets (Almus Pharmaceuticals Ltd) [28],28.00,28,,123,62,21,1,1.00
2907,2183515,Flixotide 50micrograms/dose Accuhaler (GlaxoSmithKline UK Ltd) [60],60.00,60,,134,106,42,1,1.00
10858,1140904,Co-codamol 8mg/500mg tablets (Almus Pharmaceuticals Ltd) [100],100.00,100,,114,66,51,1,1.00
13147,3685468,Circadin 2mg modified-release tablets (Flynn Pharma Ltd) [30],30.00,30,,123,52,36,1,1.00
48520,4343778,Gaviscon Double Action Liquid aniseed (Reckitt Benckiser Healthcare (UK) Ltd) [250],250.00,250,,65,65,132,1,1.00
6221,8106908,Amlodipine 5mg tablets (Alliance Healthcare (Distribution) Ltd) [28],28.00,28,,115,66,22,1,1.00
43620,8009391,Atomoxetine 40mg capsules (Alliance Healthcare (Distribution) Ltd) [28],28.00,28,,103,67,41,1,1.00
644,0373076,Tegretol 400mg tablets (Novartis Pharmaceuticals UK Ltd) [56],56.00,56,,128,52,41,1,1.00
6793,3059557,Lyrica 200mg capsules (Viatris UK Healthcare Ltd) [84],84.00,84,,129,90,46,1,1.00
8323,3222817,Clairette 2000/35 tablets (Kent Pharma (UK) Ltd) [63],63.00,63,,113,51,24,1,1.00
2470,2139756,Depo-Medrone 40mg/1ml suspension for injection vials (Pfizer Ltd) [10],10.00,10,,154,89,57,1,1.00
38951,4184073,Axpinet 500mg tablets (GlucoRx Ltd) [28],28.00,28,,99,60,20,1,1.00
14560,8449670,Fresubin Protein Energy drink cappuccino (PI) (Fresenius Kabi Ltd) [200],200.00,200,,47,47,140,1,1.00
16081,8385361,Rizatriptan 10mg orodispersible tablets sugar free (Alliance Healthcare (Distribution) Ltd) [6],6.00,6,,80,47,25,1,1.00
50004,3849296,Alogliptin 12.5mg / Metformin 1g tablets (Takeda UK Ltd) [56],56.00,56,,143,71,44,1,1.00
1512,7018179,Erythromycin ethyl succinate 250mg/5ml oral suspension sugar free (Alliance Healthcare (Distribution) Ltd) [100],100.00,100,,127,50,50,1,1.00
8565,3490174,Hydromoor 0.3% eye drops 0.4ml unit dose preservative free (Rayner Pharmaceuticals Ltd) [30],30.00,30,,174,77,30,1,1.00
267,1073584,Zopiclone 7.5mg tablets (Accord-UK Ltd) [28],28.00,28,,107,37,19,1,1.00
8386,1128073,Omeprazole 20mg gastro-resistant capsules (Almus Pharmaceuticals Ltd) [28],28.00,28,,96,75,35,1,1.00
14919,3287281,Calpol Six Plus 250mg/5ml oral suspension sugar free (McNeil Products Ltd) [200],200.00,200,,163,65,61,1,1.00
33580,3731908,Nutilis Clear powder (Nutricia Ltd) [175],175.00,175,,101,101,82,1,1.00
1641,0915710,Elocon 0.1% scalp lotion (Organon Pharma (UK) Ltd) [30],30.00,30,,111,51,29,1,1.00
43652,1186568,Primidone 250mg tablets (Teva UK Ltd) [100],100.00,100,,83,47,46,1,1.00
2148,0302448,Hydromol 2.5% cream (Alliance Pharmaceuticals Ltd) [100],100.00,100,,187,48,40,1,1.00
12509,1159102,Risperidone 1mg tablets (Almus Pharmaceuticals Ltd) [20],20.00,20,,126,60,31,1,1.00
8623,3257151,Ko-Flex Long bandage 10cm x 7m (Urgo Ltd) [1],1.00,1,,80,79,129,1,1.00
20018,0003715,Hydromol Bath & Shower emollient (Alliance Pharmaceuticals Ltd) [1000],1000.00,1000,,86,86,236,1,1.00
17091,3879467,Incruse Ellipta 55micrograms/dose dry powder inhaler (GlaxoSmithKline UK Ltd) [30],30.00,30,,107,93,49,1,1.00
41636,3817152,Mevalia low protein penne (Vitaflo International Ltd) [500],500.00,500,,218,132,75,1,1.00
9197,3276383,CliniFast stockinette 3.5cm (CliniSupplies Ltd) [1],1.00,1,,42,40,36,1,1.00
51140,8056681,Simvastatin 80mg / Ezetimibe 10mg tablets (Alliance Healthcare (Distribution) Ltd) [28],28.00,28,,24,178,72,1,1.00
3752,0545228,Dexamethasone (base) 6.6mg/2ml solution for injection vials (Pfizer Ltd) [5],5.00,5,,115,93,20,1,1.00
13813,3702792,Aquacel Foam dressing (adhesive) 12.5cm x 12.5cm (ConvaTec Ltd) [10],10.00,10,,218,180,61,1,1.00
5983,0052456,Cidomycin 80mg/2ml solution for injection vials (Advanz Pharma) [5],5.00,5,,157,92,30,1,1.00
13534,6304893,Candesartan 4mg tablets (Alliance Healthcare (Distribution) Ltd) [7],7.00,7,,115,61,19,1,1.00
34071,0184903,Glyceryl trinitrate 400micrograms/dose pump sublingual spray (Aspire Pharma Ltd) [200],200.00,200,,112,32,31,1,1.00
33044,4066437,Emcozin 30mg/500mg tablets (GlucoRx Ltd) [100],100.00,100,,119,68,53,1,1.00
6757,6834790,Tizanidine 2mg tablets (Alliance Healthcare (Distribution) Ltd) [120],120.00,120,,97,54,51,1,1.00
46460,8057515,Primidone 250mg tablets (Aspire) (Alliance Healthcare (Distribution) Ltd) [100],100.00,100,,95,45,55,1,1.00
14648,6277719,Telmisartan 40mg tablets (Alliance Healthcare (Distribution) Ltd) [28],28.00,28,,138,64,22,1,1.00
11373,3450350,UrgoKTwo multi-layer compression bandage kit (12cm) 18cm-25cm ankle circumference (Urgo Ltd) [1],1.00,1,,187,139,103,1,1.00
4011,2670446,Charcodote 200mg/ml oral suspension (Teva UK Ltd) [250],250.00,250,,56,63,205,1,1.00
12262,1152032,Gabapentin 300mg capsules (Almus Pharmaceuticals Ltd) [100],100.00,100,,139,82,60,1,1.00
46371,6832273,Ivabradine 2.5mg tablets (Alliance Healthcare (Distribution) Ltd) [56],56.00,56,,111,56,25,1,1.00
42804,1139963,Fluoxetine 20mg/5ml oral solution (Almus Pharmaceuticals Ltd) [70],70.00,70,,114,53,52,1,1.00
9229,1135383,Mirtazapine 45mg tablets (Accord-UK Ltd) [28],28.00,28,,134,46,22,1,1.00
19954,1202563,Clarithromycin 125mg/5ml oral suspension (Almus Pharmaceuticals Ltd) [70],70.00,70,,131,83,57,1,1.00
15316,8121642,Chlordiazepoxide 10mg capsules (Alliance Healthcare (Distribution) Ltd) [100],100.00,100,,79,46,45,1,1.00
13077,3668589,Allevyn Gentle Border dressing 15cm x 15cm (Smith & Nephew Healthcare Ltd) [10],10.00,10,,208,193,47,1,1.00
2039,2605277,Sinemet CR 50mg/200mg tablets (Organon Pharma (UK) Ltd) [60],60.00,60,,110,56,34,1,1.00
44218,1086164,Fluoxetine 20mg capsules (Accord-UK Ltd) [30],30.00,30,,116,47,26,1,1.00
14451,6291157,Mestinon 60mg tablets (PI) (Viatris UK Healthcare Ltd) [200],200.00,200,,55,56,54,1,1.00
50592,4223368,SunVit-D3 400unit/1500mg effervescent tablets (SunVit-D3 Ltd) [56],56.00,56,,130,77,77,1,1.00
305,1099704,Omeprazole 20mg gastro-resistant capsules (Teva UK Ltd) [28],28.00,28,,108,79,41,1,1.00
17950,3941788,Biquelle XL 400mg tablets (Aspire Pharma Ltd) [60],60.00,60,,105,67,67,1,1.00
8332,2771376,Clenil Modulite 50micrograms/dose inhaler (Chiesi Ltd) [200],200.00,200,,109,51,35,1,1.00
1713,2749711,Keppra 500mg tablets (UCB Pharma Ltd) [60],60.00,60,,112,61,56,1,1.00
3275,2412930,Sandrena 1mg gel sachets (Orion Pharma (UK) Ltd) [28],28.00,28,,86,80,49,1,1.00
13466,6291199,Clonazepam 500micrograms/5ml oral solution sugar free (Alliance Healthcare (Distribution) Ltd) [150],150.00,150,,71,71,55,1,1.00
37079,4140794,AlfacalEss 0.25microgram capsules (Essential-Healthcare Ltd) [30],30.00,30,,93,51,30,1,1.00
20244,3926029,Luventa XL 16mg capsules (GB) (Fontus Health Ltd) [28],28.00,28,,103,66,31,1,1.00
18889,3946142,CosmoCol Plain oral powder sachets (Stirling Anglian Pharmaceuticals Ltd) [30],30.00,30,,167,117,122,1,1.00
44154,4240438,Mepilex Border Comfort Lite dressing 7.5cm x 7.5cm (Molnlycke Health Care Ltd) [10],10.00,10,,143,122,42,1,1.00
7796,0332734,Viscopaste PB7 bandage 7.5cm x 6m (Evolan Pharma AB) [1],1.00,1,,117,58,57,1,1.00
7661,3172392,Fosavance tablets (Organon Pharma (UK) Ltd) [4],4.00,4,,127,66,29,1,1.00
2875,2105880,Hirudoid 0.3% gel (Thornton & Ross Ltd) [50],50.00,50,,170,40,31,1,1.00
12530,8157364,Nicorandil 20mg tablets (Alliance Healthcare (Distribution) Ltd) [60],60.00,60,,120,50,32,1,1.00
45903,8388258,Docusate 12.5mg/5ml oral solution sugar free (Alliance Healthcare (Distribution) Ltd) [300],300.00,300,,169,77,72,1,1.00
50460,1207687,Zonisamide 50mg capsules (Accord-UK Ltd) [56],56.00,56,,49,110,45,1,1.00
1809,2322808,Dermol 500 lotion (Dermal Laboratories Ltd) [500],500.00,500,,185,90,87,1,1.00
40510,8439945,Gaalin 24mg modified-release capsules (Alliance Healthcare (Distribution) Ltd) [28],28.00,28,,125,70,27,1,1.00
15534,6329825,Nexium 40mg gastro-resistant tablets (PI) (Grunenthal Ltd) [28],28.00,28,,129,70,32,1,1.00
14045,3781630,Flexitol 25% Urea Heel Balm (Thornton & Ross Ltd) [40],40.00,40,,135,50,40,1,1.00
2139,2304509,"BD Micro-Fine + hypodermic U100 insulin syringe sterile single use / single patient use 0.5ml with 8mm needle 0.3mm/30gauge (Becton, Dickinson UK Ltd) [10]",10.00,10,,177,146,86,1,10.00
2502,3108461,Seretide 250 Evohaler (GlaxoSmithKline UK Ltd) [120],120.00,120,,94,51,35,1,1.00
19431,3977139,Laxido Paediatric Plain oral powder 6.9g sachets (Galen Ltd) [30],30.00,30,,137,101,130,1,1.00
26660,8127847,Bezalip Mono 400mg modified-release tablets (BUK) (Teva UK Ltd) [30],30.00,30,,119,50,26,1,1.00
31825,4051454,Epimax excetra cream (Aspire Pharma Ltd) [100],100.00,100,,183,55,34,1,1.00
50638,8111213,Lansoprazole 30mg gastro-resistant capsules (Alliance Healthcare (Distribution) Ltd) [100],100.00,100,,400,325,325,1,1.00
2398,0105429,Nizoral 2% shampoo (Thornton & Ross Ltd) [120],120.00,120,,150,69,41,1,1.00
11505,8455867,Ciprofibrate 100mg tablets (Alliance Healthcare (Distribution) Ltd) [28],28.00,28,,120,48,18,1,1.00
6751,6834733,Clindamycin 150mg capsules (Alliance Healthcare (Distribution) Ltd) [100],100.00,100,,97,85,68,1,1.00
9924,1132554,Omeprazole 40mg gastro-resistant capsules (Almus Pharmaceuticals Ltd) [7],7.00,7,,151,61,24,1,1.00
40823,8043705,Oxybutynin 10mg modified-release tablets (Alliance Healthcare (Distribution) Ltd) [28],28.00,28,,78,46,46,1,1.00
43504,8459497,Levocarnitine 1.5g/5ml (30%) oral solution paediatric (PI) (Alliance Healthcare (Distribution) Ltd) [20],20.00,20,,97,41,40,1,1.00
1241,0856088,Elantan LA25 capsules (Forum Health Products Ltd) [28],28.00,28,,93,64,20,1,1.00
46494,8057846,Metformin 500mg/5ml oral solution sugar free (Alliance Healthcare (Distribution) Ltd) [100],100.00,100,,125,55,76,1,1.00
1162,2129955,Angitil SR 90 capsules (Ethypharm UK Ltd) [56],56.00,56,,156,52,38,1,1.00
3617,0180430,Minims tetracaine hydrochloride 1% eye drops 0.5ml unit dose (Bausch & Lomb UK Ltd) [20],20.00,20,,87,87,86,1,1.00
703,7118557,Cefradine 500mg capsules (Alliance Healthcare (Distribution) Ltd) [20],20.00,20,,120,65,22,1,1.00
7952,1110022,Vitamin B compound strong tablets (Almus Pharmaceuticals Ltd) [28],28.00,28,,107,37,23,1,1.00
26651,7159056,Simple linctus paediatric (Alliance Healthcare (Distribution) Ltd) [200],200.00,200,,144,56,56,1,1.00
14792,3418415,ViePax XL 75mg tablets (Dexcel-Pharma Ltd) [28],28.00,28,,100,65,18,1,1.00
13073,3675410,GlucoLab testing strips (Neon Diagnostics Ltd) [50],50.00,50,,75,69,43,1,1.00
44018,8043747,Apixaban 2.5mg tablets (Alliance Healthcare (Distribution) Ltd) [20],20.00,20,,111,51,24,1,1.00
14798,0330399,Voltarol 1.16% Emulgel (Haleon UK Trading Ltd) [100],100.00,100,,173,57,47,1,1.00
9733,3244746,Natecal D3 600mg/400unit chewable tablets (Chiesi Ltd) [60],60.00,60,,98,61,61,1,1.00
3143,2869329,Arcoxia 90mg tablets (Organon Pharma (UK) Ltd) [28],28.00,28,,126,60,35,1,1.00
732,7028749,Erythromycin ethyl succinate 250mg/5ml oral suspension (Alliance Healthcare (Distribution) Ltd) [100],100.00,100,,126,51,51,1,1.00
7899,1117688,Amoxicillin 125mg/5ml oral suspension sugar free (Almus Pharmaceuticals Ltd) [100],100.00,100,,139,62,56,1,1.00
36184,4101770,Clinitas Multi 0.2% eye drops preservative free (Altacor Ltd) [10],10.00,10,,78,36,34,1,1.00
19057,3674629,Thirty:30 ointment (Ennogen Healthcare Ltd) [125],125.00,125,,71,71,74,1,1.00
37534,4155602,CyanocoMinn 100microgram tablets (Essential-Healthcare Ltd) [50],50.00,50,,85,37,30,1,1.00
8114,2294460,Neupro 6mg/24hours transdermal patches (UCB Pharma Ltd) [28],28.00,28,,151,150,27,1,1.00
7929,1110147,Bumetanide 1mg tablets (Almus Pharmaceuticals Ltd) [28],28.00,28,,135,48,22,1,1.00
13035,1144195,Dihydrocodeine 30mg tablets (Almus Pharmaceuticals Ltd) [28],28.00,28,,108,38,19,1,1.00
10860,2186856,Mesna 600mg tablets (Baxter Healthcare Ltd) [10],10.00,10,,133,76,16,1,1.00
44667,8044638,Dexamethasone 0.1% / Tobramycin 0.3% eye drops (Alliance Healthcare (Distribution) Ltd) [5],5.00,5,,27,37,26,1,1.00
48484,1007368,Tamoxifen 20mg tablets (Wockhardt UK Ltd) [30],30.00,30,,96,40,25,1,1.00
12237,1152982,Mirtazapine 15mg tablets (Almus Pharmaceuticals Ltd) [28],28.00,28,,75,51,22,1,1.00
1334,2432896,Deponit 5 transdermal patches (Forum Health Products Ltd) [28],28.00,28,,67,64,26,1,1.00
1761,2763175,CoAprovel 300mg/12.5mg tablets (Sanofi) [28],28.00,28,,127,66,21,1,1.00
13109,1143650,Marol 100mg modified-release tablets (Teva UK Ltd) [60],60.00,60,,103,46,43,1,1.00
10695,1142868,Hydrocortisone 0.5% cream (Essential Generics Ltd) [30],30.00,30,,154,44,35,1,1.00
4576,2907517,Salofalk 1g gastro-resistant modified-release granules sachets (Dr. Falk Pharma UK Ltd) [50],50.00,50,,85,78,72,1,1.00
1315,1098615,Cetirizine 10mg tablets (Teva UK Ltd) [30],30.00,30,,85,35,30,1,1.00
44340,8038325,Calcipotriol 0.005% / Betamethasone dipropionate 0.05% gel (Alliance Healthcare (Distribution) Ltd) [60],60.00,60,,198,45,35,1,1.00
6489,2734606,Allevyn Adhesive dressing 17cm x 17cm anatomically shaped sacral (Smith & Nephew Healthcare Ltd) [10],10.00,10,,253,229,50,1,1.00
10994,8431553,Loratadine 5mg/5ml oral solution (Alliance Healthcare (Distribution) Ltd) [100],100.00,100,,122,56,50,1,1.00
5842,3035268,Singulair Paediatric 4mg granules sachets (Organon Pharma (UK) Ltd) [28],28.00,28,,85,68,61,1,1.00
1277,1099100,Codeine 30mg tablets (Accord-UK Ltd) [28],28.00,28,,106,37,17,1,1.00
67,2462612,Amias 4mg tablets (Neon Healthcare Ltd) [28],28.00,28,,106,44,36,1,1.00
1700,0237388,Neurontin 400mg capsules (Viatris UK Healthcare Ltd) [100],100.00,100,,125,51,87,1,1.00
48243,1281351,"Ergocalciferol 300,000units/1ml solution for injection ampoules (RPH Pharmaceuticals AB) [5]",5.00,5,,98,22,82,1,1.00
50699,8110942,Diclofenac 1.16% gel (Alliance Healthcare (Distribution) Ltd) [100],100.00,100,,165,58,45,1,1.00
8193,3222726,Profore #3 latex free bandage 10cm x 8.7m (Smith & Nephew Healthcare Ltd) [1],1.00,1,,59,64,118,1,1.00
15206,3702776,Aquacel Foam dressing (non-adhesive) 20cm x 20cm (ConvaTec Ltd) [5],5.00,5,,303,266,42,1,1.00
694,7118540,Cefradine 250mg capsules (Alliance Healthcare (Distribution) Ltd) [20],20.00,20,,120,65,21,1,1.00
10101,3383247,ReQuip XL 4mg tablets (GlaxoSmithKline UK Ltd) [28],28.00,28,,131,59,28,1,1.00
13939,8105603,Desogestrel 75microgram tablets (Alliance Healthcare (Distribution) Ltd) [84],84.00,84,,113,46,20,1,1.00
11528,3482379,Zebinix 800mg tablets (BIAL Pharma UK Ltd) [30],30.00,30,,102,85,30,1,1.00
16423,3590858,Clinitas Carbomer 0.2% eye gel (Altacor Ltd) [10],10.00,10,,118,31,19,1,1.00
19079,1198498,Gazylan XL 16mg capsules (Teva UK Ltd) [28],28.00,28,,104,67,31,1,1.00
10733,3406535,Panadol Advance 500mg tablets (Haleon UK Trading Ltd) [16],16.00,16,,104,76,11,1,1.00
20654,8096729,Gentamicin 0.3% ear/eye drops (Alliance Healthcare (Distribution) Ltd) [10],10.00,10,,87,32,30,1,1.00
9350,3284981,Advagraf 1mg modified-release capsules (Astellas Pharma Ltd) [50],50.00,50,,124,56,45,1,1.00
2881,0237057,Arthrotec 50 gastro-resistant tablets (Pfizer Ltd) [60],60.00,60,,150,60,52,1,1.00
13571,3715851,Allevyn Gentle Border Lite Multisite dressing 8cm x 8.4cm (Smith & Nephew Healthcare Ltd) [10],10.00,10,,160,134,39,1,1.00
7784,3140886,Actico bandage 8cm x 6m (L&R Medical UK Ltd) [1],1.00,1,,89,71,69,1,1.00
29659,4044715,Vencarm XL 75mg capsules (Aspire Pharma Ltd) [28],28.00,28,,115,65,24,1,1.00
43615,8943771,Olopatadine 1mg/ml eye drops (Alliance Healthcare (Distribution) Ltd) [5],5.00,5,,78,35,31,1,1.00
1541,2593671,One-Alpha 1microgram capsules (Neon Healthcare Ltd) [30],30.00,30,,98,59,30,1,1.00
46826,1245729,Doxycycline 100mg capsules (Almus Pharmaceuticals Ltd) [50],50.00,50,,120,47,38,1,1.00
2030,7089238,Co-careldopa 25mg/100mg tablets (Alliance Healthcare (Distribution) Ltd) [100],100.00,100,,149,65,55,1,1.00
41521,8011652,Keppra 100mg/ml oral solution (BUK) (UCB Pharma Ltd) [300],300.00,300,,178,94,75,1,1.00
7955,1110675,Fluoxetine 20mg capsules (Almus Pharmaceuticals Ltd) [30],30.00,30,,87,61,34,1,1.00
12864,3594637,Prostap SR DCS 3.75mg powder and solvent for prolonged-release suspension for injection pre-filled syringes (Takeda UK Ltd) [1],1.00,1,,188,89,35,1,1.00
24679,3933280,Desitrend 500mg/5ml concentrate for solution for infusion ampoules (Desitin Pharma Ltd) [10],10.00,10,,180,75,75,1,1.00
39003,4139606,Epimax moisturising cream (Aspire Pharma Ltd) [500],500.00,500,,93,62,201,1,1.00
7225,3126083,Tegaderm + Pad dressing 5cm x 7cm (3M Health Care Ltd) [50],50.00,50,,149,96,59,1,1.00
3206,2827988,Xyzal 5mg tablets (UCB Pharma Ltd) [30],30.00,30,,104,53,20,1,1.00
526,1082742,Folic acid 5mg tablets (Accord-UK Ltd) [28],28.00,28,,108,38,19,1,1.00
3049,0417766,Balneum 84.75% bath oil (Almirall Ltd) [500],500.00,500,,188,70,70,1,1.00
6551,2827780,Comfeel Plus Transparent dressing 10cm x 10cm square (Coloplast Ltd) [10],10.00,10,,156,139,36,1,1.00
2368,2210326,Powergel 2.5% gel (A. Menarini Farmaceutica Internazionale SRL) [100],100.00,100,,173,53,37,1,1.00
32335,4043642,MagnaPhos 97.2mg (4mmol) chewable tablets (TriOn Pharma Ltd) [50],50.00,50,,108,53,52,1,1.00
1031,0402354,Diprosone 0.05% ointment (Organon Pharma (UK) Ltd) [30],30.00,30,,135,34,34,1,1.00
16517,3854239,Invokana 100mg tablets (A. Menarini Farmaceutica Internazionale SRL) [30],30.00,30,,131,72,32,1,1.00
39238,8037418,Propranolol 40mg/5ml oral solution sugar free (Alliance Healthcare (Distribution) Ltd) [150],150.00,150,,51,61,56,1,1.00
7946,1110089,Ferrous sulfate 200mg tablets (Almus Pharmaceuticals Ltd) [28],28.00,28,,117,47,18,1,1.00
709,7125081,Trazodone 100mg capsules (Alliance Healthcare (Distribution) Ltd) [56],56.00,56,,119,69,40,1,1.00
2975,0455204,Buscopan 20mg/1ml solution for injection ampoules (Opella POM UK Ltd) [10],10.00,10,,94,77,31,1,1.00
12832,3622396,Apercap 0.2ml gastro-resistant capsules (Teva UK Ltd) [84],84.00,84,,129,59,51,1,1.00
51119,7119514,Tiloket 2.5% gel (Alliance Healthcare (Distribution) Ltd) [100],100.00,100,,195,48,38,1,1.00
9587,6833818,Perindopril erbumine 4mg tablets (Alliance Healthcare (Distribution) Ltd) [30],30.00,30,,126,55,23,1,1.00
8393,3242971,Flaminal Hydro gel dressing (Flen Health UK Ltd) [75],75.00,75,,160,127,21,1,1.00
11562,3509551,Solaraze 3% gel (Almirall Ltd) [100],100.00,100,,186,50,39,1,1.00
11222,3467677,Allevyn Ag Gentle Border dressing 7.5cm x 7.5cm (Smith & Nephew Healthcare Ltd) [10],10.00,10,,161,135,48,1,1.00
1645,2343853,Elocon 0.1% ointment (Organon Pharma (UK) Ltd) [100],100.00,100,,197,48,42,1,1.00
6819,6835177,Ibuprofen 400mg tablets (Alliance Healthcare (Distribution) Ltd) [24],24.00,24,,99,57,27,1,1.00
11828,3172723,Activa class I below knee stocking circular knit standard stock size open toe XX large Sand (L&R Medical UK Ltd) [2],2.00,2,,166,116,32,1,1.00
41627,4199865,AaceCa 1500mg chewable tablets (Essential-Healthcare Ltd) [100],100.00,100,,100,86,69,1,1.00
7983,1110865,Quinine sulfate 300mg tablets (Almus Pharmaceuticals Ltd) [28],28.00,28,,134,47,23,1,1.00
27213,1178631,Glimepiride 2mg tablets (Accord-UK Ltd) [30],30.00,30,,95,62,23,1,1.00
7267,2580041,Adipine XL 30mg tablets (Chiesi Ltd) [28],28.00,28,,102,71,18,1,1.00
14130,1181882,Methotrexate 2.5mg tablets (Teva UK Ltd) [24],24.00,24,,97,47,22,1,1.00
13045,3657160,Dexeryl cream (Pierre Fabre Dermo-Cosmetique) [500],500.00,500,,236,62,62,1,1.00
4411,2037323,Zirtek Allergy 1mg/ml oral solution (UCB Pharma Ltd) [200],200.00,200,,164,72,58,1,1.00
7984,1117803,Indometacin 50mg capsules (Almus Pharmaceuticals Ltd) [28],28.00,28,,90,72,41,1,1.00
32267,4065348,AproDerm ointment (GB) (Fontus Health Ltd) [50],50.00,50,,120,55,33,1,1.00
2067,2245132,Curatoderm 4micrograms/g ointment (Almirall Ltd) [30],30.00,30,,152,36,25,1,1.00
44293,4172326,Lamictal 5mg dispersible tablets (GlaxoSmithKline UK Ltd) [30],30.00,30,,85,51,51,1,1.00
4259,0230664,Dalmane 30mg capsules (Viatris UK Healthcare Ltd) [30],30.00,30,,102,45,18,1,1.00
3502,0462408,Warticon 0.5% solution (Phoenix Labs Ltd) [3],3.00,3,,95,62,30,1,1.00
2849,2084739,Lamictal 25mg dispersible tablets (GlaxoSmithKline UK Ltd) [56],56.00,56,,130,62,33,1,1.00
7987,1115971,Pravastatin 40mg tablets (Almus Pharmaceuticals Ltd) [28],28.00,28,,137,48,23,1,1.00
164,1083161,Propranolol 40mg tablets (Teva UK Ltd) [28],28.00,28,,137,48,22,1,1.00
14887,8104804,Gabapentin 50mg/ml oral solution sugar free (Alliance Healthcare (Distribution) Ltd) [150],150.00,150,,142,78,60,1,1.00
7415,3089125,Mepitac tape 2cm (Molnlycke Health Care Ltd) [3],3.00,3,,61,59,30,1,1.00
2009,1081181,Tetracycline 250mg tablets (Accord-UK Ltd) [28],28.00,28,,134,47,19,1,1.00
6967,3102365,Qvar 100micrograms/dose Easi-Breathe inhaler (Teva UK Ltd) [200],200.00,200,,113,55,43,1,1.00
426,0220194,Alomide 0.1% eye drops (Novartis Pharmaceuticals UK Ltd) [10],10.00,10,,85,38,37,1,1.00
36977,4155685,Ambelina 150microgram/30microgram tablets (Crescent Pharma Ltd) [63],63.00,63,,102,52,26,1,1.00
4611,1108174,Gabapentin 300mg capsules (Teva UK Ltd) [100],100.00,100,,110,92,69,1,1.00
2736,0903724,"Portia ring pessary 1.25cm thick, 68mm diameter, PVC (Bray Group Ltd) [1]",1.00,1,,190,156,13,1,1.00
43999,6334726,Celebrex 200mg capsules (PI) (Viatris UK Healthcare Ltd) [30],30.00,30,,127,51,36,1,1.00
2367,2210334,Powergel 2.5% gel (A. Menarini Farmaceutica Internazionale SRL) [50],50.00,50,,152,41,30,1,1.00
32393,8433518,Calshake powder 87g sachets strawberry (PI) (Fresenius Kabi Ltd) [7],7.00,7,,125,125,192,1,1.00
8571,2842375,Mepore dressing 11cm x 15cm (Molnlycke Health Care Ltd) [40],40.00,40,,226,150,95,1,1.00
43510,1197680,Piroxicam 0.5% gel (Accord-UK Ltd) [60],60.00,60,,166,44,35,1,1.00
17357,3884707,Latuda 18.5mg tablets (CNX Therapeutics Ltd) [28],28.00,28,,145,90,28,1,1.00
299,1082635,Amitriptyline 50mg tablets (Accord-UK Ltd) [28],28.00,28,,106,36,18,1,1.00
16440,1196419,Escitalopram 10mg tablets (Teva UK Ltd) [28],28.00,28,,97,60,22,1,1.00
29827,1178482,Finasteride 5mg tablets (Accord-UK Ltd) [28],28.00,28,,112,46,21,1,1.00
12027,3559465,TriRegol tablets (Gedeon Richter (UK) Ltd) [63],63.00,63,,114,50,30,1,1.00
9897,1139526,Demeclocycline 150mg capsules (Advanz Pharma) [28],28.00,28,,201,96,21,1,1.00
20771,1140292,Clonazepam 2mg tablets (Teva UK Ltd) [100],100.00,100,,100,47,46,1,1.00
1194,2467272,Angitil XL 300 capsules (Ethypharm UK Ltd) [28],28.00,28,,155,51,23,1,1.00
15617,7155385,Flixotide 250micrograms/dose Evohaler (PI) (GlaxoSmithKline UK Ltd) [120],120.00,120,,92,53,33,1,1.00
11848,3531332,Multaq 400mg tablets (Sanofi) [60],60.00,60,,117,71,50,1,1.00
12028,3558509,Keppra 100mg/ml oral solution (UCB Pharma Ltd) [150],150.00,150,,141,70,62,1,1.00
41727,1154475,Ocufresh Carbomer 0.2% lubricating eye gel (Blumont Healthcare Ltd) [10],10.00,10,,111,31,21,1,1.00
13431,6290985,Donepezil 5mg orodispersible tablets sugar free (Alliance Healthcare (Distribution) Ltd) [28],28.00,28,,124,70,20,1,1.00
10433,3269768,Activa Leg Ulcer Hosiery Kit (10mmHg) closed toe compression liner pack medium Sand (L&R Medical UK Ltd) [3],3.00,3,,166,116,32,1,1.00
15223,3585338,Priligy 30mg tablets (A. Menarini Farmaceutica Internazionale SRL) [3],3.00,3,,123,55,13,1,1.00
7746,2393619,K-Lite bandage 5cm x 4.5m (Urgo Ltd) [1],1.00,1,,64,57,73,1,1.00
2181,0204693,Algesal cream (Thornton & Ross Ltd) [50],50.00,50,,162,44,34,1,1.00
11931,8439085,Azithromycin 200mg/5ml oral suspension (Alliance Healthcare (Distribution) Ltd) [15],15.00,15,,133,71,54,1,1.00
8620,3257177,K-Soft Long bandage 10cm x 4.5m (Urgo Ltd) [1],1.00,1,,77,68,137,1,1.00
51387,1288992,Fluticasone propionate 50micrograms/dose / Azelastine 137micrograms/dose nasal spray (Accord-UK Ltd) [120],120.00,120,,40,45,119,1,1.00
9119,1132489,Carvedilol 12.5mg tablets (Almus Pharmaceuticals Ltd) [28],28.00,28,,138,49,17,1,1.00
11169,2324333,Cutimed Sorbact Contact swab 7cm x 9cm (Essity UK Ltd) [5],5.00,5,,138,121,32,1,1.00
12983,8437592,Levetiracetam 100mg/ml oral solution sugar free (Alliance Healthcare (Distribution) Ltd) [300],300.00,300,,175,104,73,1,1.00
126,7112196,Methyldopa 250mg tablets (Alliance Healthcare (Distribution) Ltd) [56],56.00,56,,118,48,28,1,1.00
11055,3456696,Sterimar 75% hypertonic nasal spray (Church & Dwight UK Ltd) [50],50.00,50,,158,40,40,1,1.00
9291,3286762,Complan Shake oral powder 57g sachets banana (Nutricia Ltd) [4],4.00,4,,172,117,58,1,1.00
9288,3267879,Budenofalk 2mg/application foam enema (Dr. Falk Pharma UK Ltd) [14],14.00,14,,156,113,86,1,1.00
40323,1251230,Hy-Opti 0.2% eye drops preservative free (Alissa Healthcare Research Ltd) [12],12.00,12,,110,44,42,1,1.00
8183,2539302,Olmetec Plus 20mg/12.5mg tablets (Daiichi Sankyo UK Ltd) [28],28.00,28,,114,67,19,1,1.00
4592,2150514,Fybogel Orange 3.5g effervescent granules sachets SF (Reckitt Benckiser Healthcare (UK) Ltd) [30],30.00,30,,152,137,96,1,2.00
18899,1195205,Cardide SR 1.5mg tablets (Teva UK Ltd) [30],30.00,30,,137,49,17,1,1.00
1594,2112969,Anhydrol Forte 20% solution (Dermal Laboratories Ltd) [60],60.00,60,,108,41,40,1,1.00
19479,3442829,Fresubin 2kcal Creme dessert chocolate (Fresenius Kabi Ltd) [500],500.00,500,,187,98,90,1,1.00
3009,2858793,Questran Light 4g oral powder sachets (Neon Healthcare Ltd) [50],50.00,50,,131,120,97,1,1.00
13532,6293716,Hydroxychloroquine 200mg tablets (Alliance Healthcare (Distribution) Ltd) [60],60.00,60,,99,51,39,1,1.00
6631,3038932,Mepitel dressing 5cm x 7cm (Molnlycke Health Care Ltd) [5],5.00,5,,160,112,24,1,1.00
2635,7019599,Hydrocortisone 1% ointment (Alliance Healthcare (Distribution) Ltd) [30],30.00,30,,152,40,30,1,1.00
10408,3423472,LMX 4 cream (Ferndale Pharmaceuticals Ltd) [5],5.00,5,,92,30,30,1,1.00
32871,1179514,Topiramate 25mg tablets (Accord-UK Ltd) [60],60.00,60,,91,60,60,1,1.00
13694,6359624,Irbesartan 150mg tablets (Alliance Healthcare (Distribution) Ltd) [28],28.00,28,,100,69,19,1,1.00
2899,2544724,Qvar 50 inhaler (Teva UK Ltd) [200],200.00,200,,100,58,35,1,1.00
12233,1151612,Clomipramine 25mg capsules (Almus Pharmaceuticals Ltd) [28],28.00,28,,137,49,17,1,1.00
13900,1176676,Clopidogrel 75mg tablets (Almus Pharmaceuticals Ltd) [28],28.00,28,,92,50,25,1,1.00
34507,3353760,Clinipore tape 2.5cm (CliniSupplies Ltd) [10],10.00,10,,136,94,55,1,1.00
2835,0464149,Pulmicort 200 Turbohaler (AstraZeneca UK Ltd) [100],100.00,100,,103,45,44,1,1.00
1516,0309377,Ditropan 5mg tablets (Neon Healthcare Ltd) [84],84.00,84,,128,68,24,1,1.00
32971,4074415,Mepilex Border Comfort dressing 7.5cm x 7.5cm (Molnlycke Health Care Ltd) [10],10.00,10,,157,143,39,1,1.00
11254,8449787,Lercanidipine 10mg tablets (Alliance Healthcare (Distribution) Ltd) [28],28.00,28,,82,70,16,1,1.00
559,7126576,Flucloxacillin 250mg capsules (Alliance Healthcare (Distribution) Ltd) [100],100.00,100,,62,58,58,1,1.00
9125,1117795,Indometacin 25mg capsules (Almus Pharmaceuticals Ltd) [28],28.00,28,,89,60,23,1,1.00
16308,3761590,GlucoRx FinePoint hypodermic insulin needles for pre-filled / reusable pen injectors screw on 8mm/31gauge (GlucoRx Ltd) [100],100.00,100,,132,72,72,1,1.00
20803,3494945,MagnaPhate (magnesium 97.2mg (4mmol)) chewable tablets (Arjun Products Ltd) [50],50.00,50,,43,44,82,1,1.00
14935,3227493,Dulcolax Twelve Plus 10mg suppositories (Opella Healthcare UK Ltd) [12],12.00,12,,118,63,22,1,1.00
1684,2577724,Coracten XL 30mg capsules (Teofarma S.r.l.) [28],28.00,28,,142,60,23,1,1.00
26570,4028304,"SunVit-D3 2,000units/ml oral drops (SunVit-D3 Ltd) [20]",20.00,20,,85,37,35,1,1.00
1026,0848069,Coracten SR 20mg capsules (Teofarma S.r.l.) [60],60.00,60,,142,60,45,1,1.00
2767,2557163,Kliovance tablets (Novo Nordisk Ltd) [84],84.00,84,,65,63,35,1,1.00
6785,2991818,Cardioplen XL 10mg tablets (Chiesi Ltd) [28],28.00,28,,155,68,30,1,1.00
3204,7001977,Lidocaine 50mg/5ml (1%) solution for injection ampoules (Alliance Healthcare (Distribution) Ltd) [10],10.00,10,,101,95,40,1,1.00
44635,1265966,Ranolazine 500mg modified-release tablets (Teva UK Ltd) [60],60.00,60,,138,67,60,1,1.00
12963,8424277,Pioglitazone 15mg tablets (Alliance Healthcare (Distribution) Ltd) [28],28.00,28,,122,70,23,1,1.00
2620,7087943,Aciclovir 5% cream (Alliance Healthcare (Distribution) Ltd) [10],10.00,10,,115,41,30,1,1.00
28910,4040606,Sereflo 25micrograms/dose / 250micrograms/dose inhaler (Cipla EU Ltd) [120],120.00,120,,154,81,42,1,1.00
4402,2490514,Anadin Extra tablets (Haleon UK Trading Ltd) [32],32.00,32,,87,66,39,1,1.00
11323,3418233,Octenisan Antimicrobial wash (Schulke & Mayr UK Ltd) [500],500.00,500,,73,69,170,1,1.00
2005,0253948,Sudocrem antiseptic healing cream (Teva UK Ltd) [125],125.00,125,,59,60,67,1,1.00
11560,1154046,Venlablue XL 75mg capsules (Zentiva Pharma UK Ltd) [28],28.00,28,,117,65,24,1,1.00
45203,8056970,AeroChamber Plus Flow-Vu Anti-Static with medium mask child 1-5 years (PI) (Trudell Medical UK Ltd) [1],1.00,1,,170,90,70,1,1.00
12363,1156280,Amisulpride 50mg tablets (Almus Pharmaceuticals Ltd) [60],60.00,60,,124,57,42,1,1.00
9204,3276458,CliniFast stockinette 10.75cm (CliniSupplies Ltd) [1],1.00,1,,132,38,40,1,1.00
45890,4154308,Calvive 1000 effervescent tablets (Haleon UK Trading Ltd) [30],30.00,30,,127,112,48,1,1.00
3466,0298141,Synarel 200micrograms/dose nasal spray (Pfizer Ltd) [60],60.00,60,,105,78,34,1,1.00
11255,8449779,Lercanidipine 20mg tablets (Alliance Healthcare (Distribution) Ltd) [28],28.00,28,,81,70,16,1,1.00
7153,3102555,Comfifast Easywrap stockinette vest long sleeve 2-5 years (Vernacare International Ltd) [1],1.00,1,,168,121,34,1,1.00
12096,3484367,Medi peak flow meter low range 60536 (Medicareplus International Ltd) [1],1.00,1,,167,67,42,1,1.00
41427,4213799,Aa BPC Vitamin capsules (Essential-Healthcare Ltd) [84],84.00,84,,37,37,69,1,1.00
12263,1149061,Lofepramine 70mg tablets (Almus Pharmaceuticals Ltd) [56],56.00,56,,135,48,31,1,1.00
12180,3413325,Medi Derma-S barrier cream (Medicareplus International Ltd) [90],90.00,90,,180,43,42,1,1.00
2638,2358356,Balneum Plus cream (Almirall Ltd) [100],100.00,100,,188,54,38,1,1.00
7310,2102929,IntraSite Gel dressing (Smith & Nephew Healthcare Ltd) [80],80.00,80,,214,176,67,1,1.00
16103,8094187,Femoston-conti 1mg/5mg tablets (PI) (Exeltis UK Ltd) [84],84.00,84,,58,57,19,1,1.00
9761,3302197,Inovelon 100mg tablets (Eisai Ltd) [10],10.00,10,,132,74,31,1,1.00
10124,8131666,Sodium picosulfate 5mg/5ml oral solution sugar free (Alliance Healthcare (Distribution) Ltd) [100],100.00,100,,128,65,56,1,1.00
17159,6332829,Xalatan 50micrograms/ml eye drops (PI) (Viatris UK Healthcare Ltd) [2.5],2.50,0,,68,32,25,1,1.00
41743,8048753,Isotard 60XL tablets (PI) (Evolan Pharma AB) [28],28.00,28,,105,54,19,1,1.00
11812,1150143,Losartan 25mg tablets (Teva UK Ltd) [28],28.00,28,,107,80,24,1,1.00
38770,6332613,Xarelto 20mg tablets (PI) (Bayer Plc) [28],28.00,28,,98,66,31,1,1.00
5138,3550993,Scholl Softgrip class I thigh length stocking circular knit standard stock size closed toe Medium Natural (SSL International Plc) [2],2.00,2,,141,91,32,1,1.00
2431,0067314,Brufen Retard 800mg tablets (Viatris UK Healthcare Ltd) [56],56.00,56,,104,92,47,1,1.00
2105,0277368,Cyclogest 400mg pessaries (L.D. Collins & Co. Ltd) [15],15.00,15,,103,59,30,1,1.00
2604,2515559,Estraderm MX 75 patches (Norgine Pharmaceuticals Ltd) [24],24.00,24,,100,99,29,1,1.00
17127,1199041,Gentamicin 0.3% / Hydrocortisone acetate 1% ear drops (Advanz Pharma) [10],10.00,10,,82,40,40,1,1.00
34591,8414799,Dymista 137micrograms/dose / 50micrograms/dose nasal spray (PI) (Viatris UK Healthcare Ltd) [120],120.00,120,,123,47,37,1,1.00
7968,1110824,Phenoxymethylpenicillin 250mg tablets (Almus Pharmaceuticals Ltd) [28],28.00,28,,120,50,25,1,1.00
48230,1264613,Metformin 500mg tablets (Accord-UK Ltd) [28],28.00,28,,110,138,43,1,1.00
1193,0947994,Tildiem LA 300 capsules (Sanofi) [28],28.00,28,,125,65,22,1,1.00
59,0083931,Aldactone 100mg tablets (Pfizer Ltd) [28],28.00,28,,128,44,17,1,1.00
10797,8158032,Ropinirole 1mg tablets (Alliance Healthcare (Distribution) Ltd) [84],84.00,84,,112,62,34,1,1.00
1968,6305536,Famotidine 20mg tablets (Alliance Healthcare (Distribution) Ltd) [28],28.00,28,,128,50,26,1,1.00
44267,8942138,Olanzapine 7.5mg tablets (Alliance Healthcare (Distribution) Ltd) [56],56.00,56,,106,62,52,1,1.00
12095,3473634,Medi peak flow meter standard range 60482 (Medicareplus International Ltd) [1],1.00,1,,167,68,43,1,1.00
3088,0178574,Migraleve tablets (McNeil Products Ltd) [12],12.00,12,,112,65,23,1,1.00
43918,8011314,Atomoxetine 60mg capsules (Alliance Healthcare (Distribution) Ltd) [28],28.00,28,,104,68,41,1,1.00
2898,2544732,Qvar 100 inhaler (Teva UK Ltd) [200],200.00,200,,98,57,35,1,1.00
15735,8382681,Irbesartan 300mg / Hydrochlorothiazide 12.5mg tablets (Alliance Healthcare (Distribution) Ltd) [28],28.00,28,,140,57,22,1,1.00
2441,2291847,Creon 10000 gastro-resistant capsules (Viatris UK Healthcare Ltd) [100],100.00,100,,92,52,48,1,1.00
9588,6831903,Perindopril erbumine 8mg tablets (Alliance Healthcare (Distribution) Ltd) [30],30.00,30,,101,74,20,1,1.00
41827,2477875,Juvela gluten free harvest mix (Juvela Ltd) [500],500.00,500,,192,126,48,1,1.00
43247,8388472,Nozinan 25mg/1ml solution for injection ampoules (PI) (Neuraxpharm UK Ltd) [10],10.00,10,,96,85,31,1,1.00
5996,0399550,Esenta Stomahesive paste 183910 (ConvaTec Ltd) [60],60.00,60,,152,39,32,1,1.00
48330,1278589,Parecoxib 40mg powder for solution for injection vials (Pfizer Ltd) [10],10.00,10,,114,52,53,1,1.00
26630,8137622,Diamicron 30mg MR tablets (PI) (Servier Laboratories Ltd) [56],56.00,56,,51,52,26,1,1.00
1931,2380566,Periactin 4mg tablets (Teva UK Ltd) [30],30.00,30,,97,39,20,1,1.00
7921,1110584,Dosulepin 25mg capsules (Almus Pharmaceuticals Ltd) [28],28.00,28,,135,47,16,1,1.00
14057,3748282,Dymista 137micrograms/dose / 50micrograms/dose nasal spray (Viatris UK Healthcare Ltd) [120],120.00,120,,123,47,36,1,1.00
44124,8025892,Omeprazole 20mg gastro-resistant capsules (Alliance Healthcare (Distribution) Ltd) [250],250.00,250,,98,62,62,1,1.00
17075,3912524,"Hux D3 20,000unit capsules (Huxley Europe Ltd) [30]",30.00,30,,80,60,25,1,1.00
580,1022151,Levothyroxine sodium 100microgram tablets (Accord-UK Ltd) [1000],1000.00,1000,,156,81,61,1,1.00
47494,1275064,Darifenacin 15mg modified-release tablets (Accord-UK Ltd) [28],28.00,28,,25,110,70,1,1.00
1394,0083667,Zithromax 200mg/5ml oral suspension (Pfizer Ltd) [30],30.00,30,,135,90,49,1,1.00
5975,2528941,Cavilon No Sting barrier film foam 1ml applicator 3343P (3M Health Care Ltd) [5],5.00,5,,151,67,32,1,1.00
7989,1110840,Prednisolone 5mg tablets (Almus Pharmaceuticals Ltd) [28],28.00,28,,106,37,18,1,1.00
7405,2925337,Omacor capsules (Ceuta Healthcare Ltd) [100],100.00,100,,127,69,69,1,1.00
13072,8439937,Prednisolone 20mg/application foam enema (Alliance Healthcare (Distribution) Ltd) [14],14.00,14,,160,120,56,1,1.00
3739,2922334,Zoton FasTab 15mg (Pfizer Ltd) [28],28.00,28,,114,62,33,1,1.00
14184,7031594,Sinemet Plus 25mg/100mg tablets (PI) (Organon Pharma (UK) Ltd) [100],100.00,100,,150,65,56,1,1.00
14487,3564838,Emozul 20mg gastro-resistant capsules (Krka UK Ltd) [28],28.00,28,,100,70,40,1,1.00
13962,1180454,Sondate XL 150mg tablets (Teva UK Ltd) [60],60.00,60,,134,64,46,1,1.00
13227,3038940,Mepitel dressing 8cm x 10cm (Molnlycke Health Care Ltd) [5],5.00,5,,186,140,28,1,1.00
3141,2869311,Arcoxia 60mg tablets (Organon Pharma (UK) Ltd) [28],28.00,28,,116,61,24,1,1.00
3929,1077874,Trangina XL 60mg tablets (Accord-UK Ltd) [28],28.00,28,,117,48,19,1,1.00
48636,3847399,Aripiprazole 400mg powder and solvent for prolonged-release suspension for injection vials (Otsuka Pharmaceuticals (U.K.) Ltd) [1],1.00,1,,203,127,51,1,1.00
51003,4362323,Fortisip PlantBased 2kcal liquid cafe latte (Nutricia Ltd) [200],200.00,200,,59,59,130,1,1.00
43632,4232047,Puradex 1mg/ml eye drops (Aspire Pharma Ltd) [6],6.00,6,,78,40,39,1,1.00
31937,4062071,"ColeKal-D3 1,000unit capsules (Essential-Healthcare Ltd) [30]",30.00,30,,75,59,31,1,1.00
44646,8047474,Lacosamide 10mg/ml oral solution sugar free (Alliance Healthcare (Distribution) Ltd) [200],200.00,200,,164,90,69,1,1.00
2599,0029769,Bactroban 2% ointment (GlaxoSmithKline UK Ltd) [15],15.00,15,,126,36,29,1,1.00
15309,6288930,Keppra 250mg tablets (PI) (UCB Pharma Ltd) [60],60.00,60,,121,60,60,1,1.00
1389,0083600,Zithromax 250mg capsules (Pfizer Ltd) [6],6.00,6,,92,57,19,1,1.00
41784,2115160,Glutafin gluten free pasta long-cut spaghetti (Dr Schar UK Ltd) [500],500.00,500,,273,70,37,1,1.00
33923,4090791,PyridoxEss 10mg tablets (Essential-Healthcare Ltd) [28],28.00,28,,109,36,16,1,1.00
7900,1117670,Amoxicillin 250mg/5ml oral suspension sugar free (Almus Pharmaceuticals Ltd) [100],100.00,100,,137,63,55,1,1.00
7905,1117407,Ascorbic acid 500mg tablets (Almus Pharmaceuticals Ltd) [28],28.00,28,,53,53,61,1,1.00
11772,1152396,Lercanidipine 10mg tablets (Teva UK Ltd) [28],28.00,28,,134,35,32,1,1.00
37795,8439861,Metformin 1g modified-release tablets (Alliance Healthcare (Distribution) Ltd) [28],28.00,28,,106,95,25,1,1.00
2909,2183531,Flixotide 250micrograms/dose Accuhaler (GlaxoSmithKline UK Ltd) [60],60.00,60,,133,106,41,1,1.00
16297,6832364,Spiriva 18microgram inhalation powder capsules with HandiHaler (PI) (Boehringer Ingelheim Ltd) [30],30.00,30,,96,76,59,1,1.00
50240,1277474,Atorvastatin 20mg tablets (Teva UK Ltd) [56],56.00,56,,0,0,0,1,1.00
47091,4285193,Solpadeine Max 12.8mg/500mg tablets (Omega Pharma Ltd) [24],24.00,24,,86,70,18,1,1.00
4447,2991503,Tritace 10mg tablets (Sanofi) [28],28.00,28,,88,65,20,1,1.00
19637,6293674,Nebivolol 10mg tablets (Alliance Healthcare (Distribution) Ltd) [28],28.00,28,,98,52,15,1,1.00
9232,3279882,Synalar 0.025% gel (Reig Jofre UK Ltd) [60],60.00,60,,155,43,34,1,1.00
13563,3715125,Fortisip Compact Protein liquid strawberry (Nutricia Ltd) [500],500.00,500,,107,106,106,1,1.00
301,1098904,Omeprazole 20mg gastro-resistant capsules (Accord-UK Ltd) [28],28.00,28,,88,50,21,1,1.00
3061,1105071,Loratadine 10mg tablets (Teva UK Ltd) [30],30.00,30,,135,48,23,1,1.00
11768,3449626,Dermatonics Once Heel Balm (Dermatonics Ltd) [200],200.00,200,,184,60,59,1,1.00
2174,2116051,Voltarol 50mg suppositories (Novartis Pharmaceuticals UK Ltd) [10],10.00,10,,123,65,25,1,1.00
14520,3735164,"Fragmin 5,000units/0.2ml solution for injection pre-filled syringes (Pfizer Ltd) [10]",10.00,10,,147,131,46,1,1.00
35013,8016909,Nifedipine 10mg capsules (Alliance Healthcare (Distribution) Ltd) [90],90.00,90,,111,96,53,1,1.00
10268,1140284,Naproxen 500mg tablets (Almus Pharmaceuticals Ltd) [28],28.00,28,,127,61,20,1,1.00
3335,7122765,Loratadine 10mg tablets (Alliance Healthcare (Distribution) Ltd) [30],30.00,30,,86,50,18,1,1.00
533,1082148,Warfarin 3mg tablets (Teva UK Ltd) [28],28.00,28,,135,47,22,1,1.00
1925,7013956,Propylthiouracil 50mg tablets (Alliance Healthcare (Distribution) Ltd) [100],100.00,100,,69,48,47,1,1.00
51176,8004830,Paracetamol 1g suppositories (Alliance Healthcare (Distribution) Ltd) [10],10.00,10,,114,60,22,1,1.00
227,2647345,Teveten 600mg tablets (Viatris UK Healthcare Ltd) [28],28.00,28,,128,77,26,1,1.00
2720,0901520,"Portia ring pessary 7.5mm thick, 68mm diameter, polythene (Bray Group Ltd) [1]",1.00,1,,197,156,8,1,1.00
46009,5401369,Duaklir 340micrograms/dose / 12micrograms/dose Genuair (GB) (Covis Pharma GmbH) [60],60.00,60,,150,97,46,1,1.00
1812,2322790,Saliveze mouth spray (Wyvern Medical Ltd) [50],50.00,50,,127,37,37,1,1.00
14999,3735156,"Fragmin 2,500units/0.2ml solution for injection pre-filled syringes (Pfizer Ltd) [10]",10.00,10,,147,130,47,1,1.00
433,0353201,Trental 400 modified-release tablets (Neuraxpharm UK Ltd) [90],90.00,90,,65,82,90,1,1.00
2961,7056658,Ipratropium bromide 250micrograms/1ml nebuliser liquid unit dose vials (Alliance Healthcare (Distribution) Ltd) [20],20.00,20,,191,78,31,1,1.00
34096,4098646,Soprobec 200micrograms/dose inhaler (Glenmark Pharmaceuticals Europe Ltd) [200],200.00,200,,99,50,36,1,1.00
14667,8121279,Neupro 8mg/24hours transdermal patches (PI) (UCB Pharma Ltd) [28],28.00,28,,151,150,29,1,1.00
12580,3597424,Fortisip Compact liquid chocolate (Nutricia Ltd) [500],500.00,500,,107,104,104,1,1.00
38889,2592053,Procyclidine 2.5mg/5ml oral solution sugar free (Rosemont Pharmaceuticals Ltd) [150],150.00,150,,135,55,54,1,1.00
7260,3127073,Estradot 50micrograms/24hours patches (Sandoz Ltd) [8],8.00,8,,93,86,23,1,1.00
7747,2393627,K-Lite bandage 7cm x 4.5m (Urgo Ltd) [1],1.00,1,,81,44,44,1,1.00
4645,2897577,Vascalpha 10mg modified-release tablets (Accord-UK Ltd) [28],28.00,28,,116,47,18,1,1.00
14125,3748464,Sayana Press 104mg/0.65 ml suspension for injection pre-filled disposable devices (Pfizer Ltd) [1],1.00,1,,131,64,31,1,1.00
46396,8060527,Betahistine 8mg tablets (Alliance Healthcare (Distribution) Ltd) [120],120.00,120,,98,54,42,1,1.00
963,3771334,Polycal liquid neutral (Nutricia Ltd) [200],200.00,200,,130,58,58,1,1.00
848,2856573,Acti-Fast 2-way stretch stockinette 7.5cm (L&R Medical UK Ltd) [5],5.00,5,,94,77,78,1,1.00
45909,8027971,Glycopyrronium bromide 1mg tablets (Alliance Healthcare (Distribution) Ltd) [30],30.00,30,,68,43,42,1,1.00
13544,1170562,Risedronate sodium 35mg tablets (Almus Pharmaceuticals Ltd) [4],4.00,4,,92,40,19,1,1.00
9115,1117969,Amlodipine 10mg tablets (Almus Pharmaceuticals Ltd) [28],28.00,28,,102,46,19,1,1.00
3809,0377192,Minims phenylephrine hydrochloride 2.5% eye drops 0.5ml unit dose (Bausch & Lomb UK Ltd) [20],20.00,20,,89,88,88,1,1.00
7943,1109222,Metformin 500mg tablets (Almus Pharmaceuticals Ltd) [28],28.00,28,,106,64,24,1,1.00
32967,4074423,Mepilex Border Comfort dressing 10cm x 10cm (Molnlycke Health Care Ltd) [10],10.00,10,,158,143,39,1,1.00
46287,8057663,Supralip 160mg tablets (PI) (Viatris UK Healthcare Ltd) [28],28.00,28,,92,65,41,1,1.00
12948,3654753,Peel-Easy medical adhesive remover spray 300714 (C D Medical Ltd) [50],50.00,50,,125,36,36,1,1.00
26557,4032637,Soltel 25micrograms/dose inhaler CFC free (Cipla EU Ltd) [120],120.00,120,,86,50,36,1,1.00
18424,3884723,Latuda 74mg tablets (CNX Therapeutics Ltd) [28],28.00,28,,155,91,24,1,1.00
13627,3719911,Allevyn Gentle Border Sacrum dressing 21.6cm x 23cm (Smith & Nephew Healthcare Ltd) [10],10.00,10,,310,286,48,1,1.00
13201,8465759,Rivastigmine 6mg capsules (Alliance Healthcare (Distribution) Ltd) [28],28.00,28,,130,62,23,1,1.00
2495,2151801,Depo-Medrone with Lidocaine suspension for injection 2ml vials (Pfizer Ltd) [10],10.00,10,,153,88,56,1,1.00
20767,1133172,Dexamethasone 2mg tablets (Teva UK Ltd) [50],50.00,50,,98,40,25,1,1.00
37095,4155313,Insupen Original hypodermic insulin needles for pre-filled / reusable pen injectors screw on 4mm/32gauge (Spirit Healthcare Ltd) [100],100.00,100,,125,72,74,1,1.00
4056,1106194,Simvastatin 40mg tablets (Teva UK Ltd) [28],28.00,28,,137,49,23,1,1.00
32505,4076501,GreenFine hypodermic insulin needles for pre-filled / reusable pen injectors screw on 4mm/32gauge (Neon Diagnostics Ltd) [100],100.00,100,,130,72,71,1,1.00
18792,0251538,Instillagel gel (CliniMed Ltd) [110],110.00,110,,195,157,55,1,1.00
4803,2438992,"Combihesive Natura two piece ostomy system urostomy bag with tap, standard S7352 45mm Clear (ConvaTec Ltd) [10]",10.00,10,,212,175,62,1,1.00
1269,0109546,Imigran 100mg tablets (GlaxoSmithKline UK Ltd) [6],6.00,6,,84,59,19,1,1.00
6807,1115203,Pravastatin 20mg tablets (Teva UK Ltd) [28],28.00,28,,136,48,23,1,1.00
2751,2145621,Peptac liquid aniseed (Teva UK Ltd) [500],500.00,500,,75,75,176,1,1.00
40103,8041147,Cefalexin 125mg/5ml oral suspension (Alliance Healthcare (Distribution) Ltd) [100],100.00,100,,125,57,61,1,1.00
9872,3339199,Piriton Allergy 4mg tablets (Haleon UK Trading Ltd) [60],60.00,60,,88,73,25,1,1.00
39225,1059021,Metronidazole 400mg tablets (Accord-UK Ltd) [21],21.00,21,,92,76,28,1,1.00
408,2644714,Losec MUPS 40mg gastro-resistant tablets (Neon Healthcare Ltd) [7],7.00,7,,145,91,29,1,1.00
659,1094606,Ofloxacin 200mg tablets (Teva UK Ltd) [10],10.00,10,,137,49,23,1,1.00
6817,6835151,Ibuprofen 200mg tablets (Alliance Healthcare (Distribution) Ltd) [24],24.00,24,,98,55,25,1,1.00
6907,3344868,Fybogel Hi-Fibre Orange 3.5g effervescent granules sachets (Reckitt Benckiser Healthcare (UK) Ltd) [30],30.00,30,,152,98,68,1,1.00
9703,3331147,Allevyn Ag Adhesive dressing 10cm x 10cm square (Smith & Nephew Healthcare Ltd) [10],10.00,10,,191,160,51,1,1.00
27,0200931,Istin 5mg tablets (Viatris UK Healthcare Ltd) [28],28.00,28,,126,51,30,1,1.00
36112,6332498,Contour Next testing strips (PI) (Ascensia Diabetes Care UK Ltd) [50],50.00,50,,60,47,44,1,1.00
51157,8062234,Valaciclovir 1g tablets (Alliance Healthcare (Distribution) Ltd) [21],21.00,21,,82,68,41,1,1.00
1712,2749729,Keppra 250mg tablets (UCB Pharma Ltd) [60],60.00,60,,112,58,61,1,1.00
6575,0278150,DuoDERM Extra Thin dressing 5cm x 10cm rectangular (ConvaTec Ltd) [10],10.00,10,,166,106,25,1,1.00
901,0386326,Hypafix tape 10cm (Essity UK Ltd) [10],10.00,10,,104,82,83,1,1.00
1759,2035251,Colofac MR 200mg capsules (Ceuta Healthcare Ltd) [60],60.00,60,,99,76,41,1,1.00
26583,8129942,Metformin 1g/5ml oral solution sugar free (Alliance Healthcare (Distribution) Ltd) [150],150.00,150,,160,70,68,1,1.00
1431,0903708,Solpadol 30mg/500mg effervescent tablets (Phoenix Labs Ltd) [100],100.00,100,,248,102,45,1,1.00
15288,6293468,Prograf 500microgram capsules (PI) (Astellas Pharma Ltd) [30],30.00,30,,121,56,38,1,1.00
37385,8018301,Briviact 75mg tablets (PI) (UCB Pharma Ltd) [56],56.00,56,,111,57,38,1,1.00
6592,0045336,Granuflex Bordered dressing 6cm x 6cm square (ConvaTec Ltd) [5],5.00,5,,127,128,35,1,1.00
12959,2996544,Emla 5% cream (Aspen Pharma Trading Ltd) [25],25.00,25,,127,78,35,1,1.00
2037,0146886,Multi-Action Actifed 60mg/2.5mg tablets (McNeil Products Ltd) [12],12.00,12,,110,65,18,1,1.00
3363,0094326,Avloclor 250mg tablets (Alliance Pharmaceuticals Ltd) [20],20.00,20,,126,46,20,1,1.00
41791,0045187,Glutafin gluten free Select multipurpose white mix (Dr Schar UK Ltd) [500],500.00,500,,196,145,50,1,1.00
20583,1204619,Mariosea XL 2mg capsules (Teva UK Ltd) [28],28.00,28,,128,65,31,1,1.00
35008,8015059,Cyclizine 50mg/1ml solution for injection ampoules (Alliance Healthcare (Distribution) Ltd) [5],5.00,5,,104,100,26,1,1.00
22345,8453896,Cosmopor E dressing 5cm x 7.2cm (PI) (Paul Hartmann Ltd) [50],50.00,50,,89,88,91,1,1.00
3416,2714616,Indivina 1mg/2.5mg tablets (Orion Pharma (UK) Ltd) [84],84.00,84,,117,82,22,1,1.00
11555,3509544,Balneum Intensiv cream (Almirall Ltd) [50],50.00,50,,98,43,43,1,1.00
12065,3488459,Movelat cream (Thornton & Ross Ltd) [125],125.00,125,,198,53,40,1,1.00
2059,0954305,Acnecide 5% gel (Galderma (UK) Ltd) [60],60.00,60,,131,52,38,1,1.00
50615,8111106,Zonisamide 200mg capsules (Alliance Healthcare (Distribution) Ltd) [28],28.00,28,,60,24,132,1,1.00
16739,6352447,Epilim Chronosphere MR 1000mg granules sachets (PI) (Sanofi) [30],30.00,30,,101,86,41,1,1.00
43700,1054824,Water for injections 5ml ampoules (B.Braun Medical Ltd) [20],20.00,20,,114,99,64,1,1.00
21777,6839112,DuoResp Spiromax 320micrograms/dose / 9micrograms/dose dry powder inhaler (PI) (Teva UK Ltd) [60],60.00,60,,184,81,51,1,1.00
6792,3059508,Lyrica 150mg capsules (Viatris UK Healthcare Ltd) [56],56.00,56,,125,50,35,1,1.00
2263,2828846,Travatan 40micrograms/ml eye drops (Novartis Pharmaceuticals UK Ltd) [2.50],2.50,0,,105,44,34,1,1.00
33925,4090825,PyridoxEss 50mg tablets (Essential-Healthcare Ltd) [28],28.00,28,,110,37,17,1,1.00
11251,3428497,Dextrogel 40% gel (Neoceuticals Ltd) [75],75.00,75,,136,55,35,1,1.00
36318,1236785,Omeprazole 10mg/5ml oral suspension sugar free (Rosemont Pharmaceuticals Ltd) [75],75.00,75,,203,96,72,1,1.00
14642,3465614,Azarga 10mg/ml / 5mg/ml eye drops (Novartis Pharmaceuticals UK Ltd) [5],5.00,5,,85,36,36,1,1.00
33472,4078242,ColeKal-D3 400unit capsules (Essential-Healthcare Ltd) [30],30.00,30,,75,59,31,1,1.00
43501,1085422,Dihydrocodeine 30mg tablets (Accord-UK Ltd) [100],100.00,100,,123,59,48,1,1.00
2948,2722114,Evorel Conti patches (Theramex HQ UK Ltd) [24],24.00,24,,82,79,28,1,1.00
32011,4068631,Sofradex ear/eye drops (Neon Healthcare Ltd) [8],8.00,8,,95,42,42,1,1.00
46025,8062788,Elocon 0.1% ointment (PI) (Organon Pharma (UK) Ltd) [100],100.00,100,,197,48,42,1,1.00
3831,0216861,Xylocaine 10mg/dose spray (Aspen Pharma Trading Ltd) [50],50.00,50,,128,64,47,1,1.00
9678,1136530,Liothyronine 20microgram tablets (Advanz Pharma) [28],28.00,28,,75,47,47,1,1.00
32190,4034997,Flolan 1.5mg powder and solvent for solution for infusion vials (GlaxoSmithKline UK Ltd) [1],1.00,1,,102,98,56,1,1.00
603,0372656,Fucidin 20mg/g ointment (LEO Pharma) [30],30.00,30,,146,38,27,1,1.00
38621,8027393,Tegretol Prolonged Release 200mg tablets (PI) (Novartis Pharmaceuticals UK Ltd) [60],60.00,60,,107,65,43,1,1.00
12240,1130426,Clotrimazole 1% cream (Almus Pharmaceuticals Ltd) [20],20.00,20,,127,34,31,1,1.00
5972,2771079,Cavilon Durable barrier cream (3M Health Care Ltd) [92],92.00,92,,163,51,46,1,1.00
29813,1217405,Etoricoxib 60mg tablets (Teva UK Ltd) [28],28.00,28,,131,54,19,1,1.00
15263,6359566,Proguanil 100mg / Atovaquone 250mg tablets (Alliance Healthcare (Distribution) Ltd) [12],12.00,12,,125,71,19,1,1.00
3662,2804722,Virgan 0.15% eye gel (Thea Pharmaceuticals Ltd) [5],5.00,5,,120,35,26,1,1.00
6018,2764413,SpeediCath catheter female 10Ch 28510 (Coloplast Ltd) [30],30.00,30,,287,184,42,1,1.00
2118,2185940,Zoladex LA 10.8mg implant SafeSystem pre-filled syringes (AstraZeneca UK Ltd) [1],1.00,1,,26,90,218,1,1.00
34677,8455339,Vera-Til SR 120mg tablets (Alliance Healthcare (Distribution) Ltd) [28],28.00,28,,118,48,25,1,1.00
14948,8121006,Zumenon 1mg tablets (PI) (Exeltis UK Ltd) [84],84.00,84,,97,58,58,1,1.00
16300,3759255,GlucoRx FinePoint hypodermic insulin needles for pre-filled / reusable pen injectors screw on 4mm/31gauge (GlucoRx Ltd) [100],100.00,100,,132,72,71,1,1.00
17513,7155401,Elocon 0.1% ointment (PI) (Organon Pharma (UK) Ltd) [30],30.00,30,,134,36,34,1,1.00
87,0114827,Motens 4mg tablets (GlaxoSmithKline UK Ltd) [28],28.00,28,,131,59,28,1,1.00
44474,5400718,Hydrocortisone sodium succinate 100mg powder and solvent for solution for injection vials (Pfizer Ltd) [1],1.00,1,,74,45,33,1,1.00
17182,3883873,Jardiance 10mg tablets (Boehringer Ingelheim Ltd) [28],28.00,28,,115,63,32,1,1.00
3154,0017517,Flamazine 1% cream (Smith & Nephew Healthcare Ltd) [250],250.00,250,,105,72,72,1,1.00
19469,1203264,Gentamicin 20mg/2ml solution for injection ampoules (Wockhardt UK Ltd) [5],5.00,5,,100,81,21,1,1.00
9132,1117860,Ramipril 5mg capsules (Almus Pharmaceuticals Ltd) [28],28.00,28,,114,50,26,1,1.00
18908,3939709,Zaluron XL 150mg tablets (GB) (Fontus Health Ltd) [60],60.00,60,,104,57,42,1,1.00
3758,0175158,Medrone 4mg tablets (Pfizer Ltd) [30],30.00,30,,90,55,31,1,1.00
10751,3440104,Biocath Comprehensive Care Foley Tray catheter male 12Ch D22655M12 10ml balloon (Bard Ltd) [1],1.00,1,,232,217,104,1,1.00
43638,8041444,Glycopyrronium bromide 200micrograms/1ml solution for injection ampoules (Alliance Healthcare (Distribution) Ltd) [10],10.00,10,,97,79,33,1,1.00
51242,8105355,Varenicline 1mg tablets and Varenicline 500microgram tablets (Alliance Healthcare (Distribution) Ltd) [25],25.00,25,,14,79,126,1,1.00
3622,7001498,Atropine 600micrograms/1ml solution for injection ampoules (Alliance Healthcare (Distribution) Ltd) [10],10.00,10,,97,76,31,1,1.00
48281,8078735,Carmellose 0.5% eye drops (Alliance Healthcare (Distribution) Ltd) [10],10.00,10,,34,34,70,1,1.00
5156,2590800,Activa class II below knee stocking circular knit standard stock size closed toe Extra large Black (L&R Medical UK Ltd) [2],2.00,2,,170,121,31,1,1.00
16568,3836517,Olena 20mg dispersible tablets (Advanz Pharma) [28],28.00,28,,119,46,19,1,1.00
19534,0073528,Diamox Sodium Parenteral 500mg powder for solution for injection vials (Advanz Pharma) [1],1.00,1,,73,42,32,1,1.00
55,1075233,Bumetanide 1mg tablets (Teva UK Ltd) [28],28.00,28,,137,48,23,1,1.00
39426,4190278,Ryaltris 25micrograms/dose / 600micrograms/dose nasal spray (Glenmark Pharmaceuticals Europe Ltd) [240],240.00,240,,120,42,42,1,1.00
1706,2713295,Neurontin 800mg tablets (Viatris UK Healthcare Ltd) [100],100.00,100,,128,87,50,1,1.00
14318,2528958,Cavilon No Sting barrier film foam 3ml applicator 3345P (3M Health Care Ltd) [5],5.00,5,,146,73,40,1,1.00
21173,8071243,Pregabalin 75mg capsules (Alliance Healthcare (Distribution) Ltd) [56],56.00,56,,140,57,34,1,1.00
11640,3513256,Acticoat Flex 3 dressing 10cm x 10cm square (Smith & Nephew Healthcare Ltd) [5],5.00,5,,187,169,23,1,1.00
6540,2527364,CarboFlex dressing 10cm x 10cm (ConvaTec Ltd) [10],10.00,10,,189,164,68,1,1.00
16058,1174135,Repinex XL 4mg tablets (Aspire Pharma Ltd) [28],28.00,28,,143,80,30,1,1.00
1591,0486118,Norimin 1mg/35microgram tablets (Pfizer Ltd) [63],63.00,63,,94,67,34,1,1.00
46546,8057879,Movelat cream (PI) (Thornton & Ross Ltd) [125],125.00,125,,198,53,40,1,1.00
38474,4171625,Fixkoh Airmaster 50micrograms/dose / 250micrograms/dose dry powder inhaler (Genus Pharmaceuticals Holdings Ltd) [60],60.00,60,,114,112,41,1,1.00
12246,1110576,Dihydrocodeine 30mg tablets (Almus Pharmaceuticals Ltd) [100],100.00,100,,123,48,59,1,1.00
50721,8054983,Digoxin 62.5microgram tablets (Alliance Healthcare (Distribution) Ltd) [30],30.00,30,,110,59,18,1,1.00
20664,3998903,Intuniv 3mg modified-release tablets (Takeda UK Ltd) [28],28.00,28,,134,64,35,1,1.00
8312,1129436,Sumatriptan 50mg tablets (Teva UK Ltd) [6],6.00,6,,94,42,21,1,1.00
1050,0178178,Micropore tape 2.5cm (3M Health Care Ltd) [5],5.00,5,,47,46,29,1,1.00
15731,8105082,Keppra 100mg/ml oral solution (PI) (UCB Pharma Ltd) [150],150.00,150,,144,72,64,1,1.00
48075,8078206,Relosorb XL 60mg tablets (Alliance Healthcare (Distribution) Ltd) [28],28.00,28,,80,20,69,1,1.00
2910,2183549,Flixotide 500micrograms/dose Accuhaler (GlaxoSmithKline UK Ltd) [60],60.00,60,,135,105,38,1,1.00
15722,6274781,"BD Micro-Fine Ultra hypodermic insulin needles for pre-filled / reusable pen injectors screw on 4mm/32gauge (PI) (Becton, Dickinson UK Ltd) [100]",100.00,100,,127,87,71,1,1.00
16193,8416513,Cymbalta 60mg gastro-resistant capsules (PI) (Eli Lilly and Company Ltd) [28],28.00,28,,97,71,24,1,1.00
11372,3450335,UrgoKTwo multi-layer compression bandage kit (8cm) 18cm-25cm ankle circumference (Urgo Ltd) [1],1.00,1,,189,123,102,1,1.00
1714,2650273,Arava 10mg tablets (Sanofi) [30],30.00,30,,109,43,43,1,1.00
5111,2681526,Activa class I below knee stocking circular knit standard stock size open toe Large Sand (L&R Medical UK Ltd) [2],2.00,2,,166,115,33,1,1.00
6439,2972172,Tegaderm Foam dressing 10cm x 20cm rectangular (3M Health Care Ltd) [5],5.00,5,,302,220,42,1,1.00
51451,1282508,Mupirocin 2% nasal ointment (InfectoPharm Ltd) [5],5.00,5,,34,23,110,1,1.00
16514,3585841,Acnecide 5% gel (Galderma (UK) Ltd) [30],30.00,30,,134,40,27,1,1.00
7666,3184488,Peptac liquid peppermint (Teva UK Ltd) [500],500.00,500,,74,74,177,1,1.00
45841,8118366,Domperidone 1mg/ml oral suspension sugar free (Alliance Healthcare (Distribution) Ltd) [200],200.00,200,,144,63,63,1,1.00
5992,0428490,Comfeel barrier cream 4720 (Coloplast Ltd) [60],60.00,60,,124,32,32,1,1.00
46533,8048225,Crestor 40mg tablets (PI) (AstraZeneca UK Ltd) [28],28.00,28,,167,87,36,1,1.00
7719,2834802,Hospiform bandage 10cm x 4m (Paul Hartmann Ltd) [1],1.00,1,,100,100,100,1,20.00
11819,8458325,Losartan 100mg / Hydrochlorothiazide 25mg tablets (Alliance Healthcare (Distribution) Ltd) [28],28.00,28,,77,61,21,1,1.00
31663,4061354,Omnican Fine hypodermic insulin needles for pre-filled / reusable pen injectors screw on 6mm/32gauge (B.Braun Medical Ltd) [100],100.00,100,,130,70,70,1,1.00
2935,2534220,Maxalt Melt 10mg oral lyophilisates (Organon Pharma (UK) Ltd) [3],3.00,3,,90,89,29,1,1.00
6630,3038957,Mepitel dressing 12cm x 15cm (Molnlycke Health Care Ltd) [5],5.00,5,,252,170,27,1,1.00
2957,2008969,Atrovent 250micrograms/1ml nebuliser liquid UDVs (Boehringer Ingelheim Ltd) [20],20.00,20,,190,79,31,1,1.00
14916,8130825,Memantine 10mg tablets (Alliance Healthcare (Distribution) Ltd) [28],28.00,28,,119,67,24,1,1.00
34133,3465143,Betesil 2.25mg medicated plasters (Derma UK Ltd) [4],4.00,4,,154,136,21,1,1.00
31,2384253,Lipitor 10mg tablets (Viatris UK Healthcare Ltd) [28],28.00,28,,100,42,25,1,1.00
7207,2935351,Sebco ointment (Derma UK Ltd) [40],40.00,40,,160,39,30,1,1.00
29666,4046322,Zeroveen cream (Thornton & Ross Ltd) [100],100.00,100,,189,49,38,1,1.00
45476,6802714,Exforge 10mg/160mg tablets (PI) (Novartis Pharmaceuticals UK Ltd) [28],28.00,28,,106,63,21,1,1.00
14218,0814657,Co-codamol 8mg/500mg capsules (Alliance Healthcare (Distribution) Ltd) [100],100.00,100,,107,61,60,1,1.00
43569,8120545,Cimetidine 200mg tablets (Alliance Healthcare (Distribution) Ltd) [60],60.00,60,,110,51,46,1,1.00
10772,3432531,Epaderm cream (Molnlycke Health Care Ltd) [50],50.00,50,,45,45,95,1,1.00
13977,3778057,Desitrend 250mg granules sachets (Desitin Pharma Ltd) [60],60.00,60,,95,70,66,1,1.00
1535,1081702,Baclofen 10mg tablets (Accord-UK Ltd) [84],84.00,84,,108,37,30,1,1.00
9179,3272887,AirZone peak flow meter standard range 3130160 (Clement Clarke International Ltd) [1],1.00,1,,150,51,49,1,1.00
49579,8113417,Propranolol 80mg modified-release capsules (Alliance Healthcare (Distribution) Ltd) [28],28.00,28,,111,66,20,1,1.00
49220,4282620,AactiMed Liquid Paraffin & White Soft Paraffin 50:50 ointment (TriOn Pharma Ltd) [500],500.00,500,,40,40,80,1,1.00
4058,2164424,Meronem 500mg powder for solution for injection vials (Pfizer Ltd) [10],10.00,10,,152,70,63,1,1.00
18801,3264389,Alvita crepe bandage 5cm x 4.5m (Alliance Healthcare (Distribution) Ltd) [1],1.00,1,,62,58,69,1,1.00
544,1022144,Levothyroxine sodium 50microgram tablets (Accord-UK Ltd) [1000],1000.00,1000,,157,81,61,1,1.00
14813,3672524,Fresubin YOcreme dessert biscuit (Fresenius Kabi Ltd) [500],500.00,500,,300,76,64,1,1.00
7919,1110105,Digoxin 250microgram tablets (Almus Pharmaceuticals Ltd) [28],28.00,28,,116,51,15,1,1.00
555,7148968,Isosorbide dinitrate 10mg tablets (Alliance Healthcare (Distribution) Ltd) [56],56.00,56,,57,46,45,1,1.00
46671,8162745,Zineryt lotion (PI) (Neon Healthcare Ltd) [30],30.00,30,,126,68,33,1,1.00
41800,3167848,Glutafin gluten free shortbread biscuits (Dr Schar UK Ltd) [100],100.00,100,,197,68,45,1,1.00
9906,1134667,Clotrimazole 1% cream (Almus Pharmaceuticals Ltd) [50],50.00,50,,135,48,38,1,1.00
46945,8037244,Calcium and Ergocalciferol tablets (NoPL) (Alliance Healthcare (Distribution) Ltd) [28],28.00,28,,24,30,75,1,1.00
6492,2206720,Allevyn Adhesive dressing 7.5cm x 7.5cm square (Smith & Nephew Healthcare Ltd) [10],10.00,10,,159,134,48,1,1.00
13209,8466161,Valsartan 160mg / Hydrochlorothiazide 25mg tablets (Alliance Healthcare (Distribution) Ltd) [28],28.00,28,,106,65,22,1,1.00
12231,1148774,Clarithromycin 500mg tablets (Almus Pharmaceuticals Ltd) [14],14.00,14,,98,62,21,1,1.00
8077,3209855,Conveen Optima latex free self-sealing Urisheath standard length 22030 30mm (Coloplast Ltd) [30],30.00,30,,157,136,66,1,1.00
46003,8032906,Prucalopride 2mg tablets (Alliance Healthcare (Distribution) Ltd) [28],28.00,28,,138,63,29,1,1.00
2149,0302539,Hydromol 2.5% cream (Alliance Pharmaceuticals Ltd) [500],500.00,500,,80,80,212,1,1.00
1250,2490787,Chemydur 60XL tablets (Advanz Pharma) [28],28.00,28,,129,49,20,1,1.00
47981,5402961,Mirabegron 50mg modified-release tablets (Astellas Pharma Ltd) [30],30.00,30,,116,66,28,1,1.00
1680,2771814,Neoclarityn 5mg tablets (Organon Pharma (UK) Ltd) [30],30.00,30,,102,65,18,1,1.00
6658,2804912,OpSite Plus dressing 8.5cm x 9.5cm (Smith & Nephew Healthcare Ltd) [20],20.00,20,,186,121,55,1,1.00
6515,2601714,Allevyn dressing (non-adhesive) 10.5cm x 13.5cm heel (cup shaped) (Smith & Nephew Healthcare Ltd) [5],5.00,5,,163,138,92,1,1.00
1693,0437962,Locoid 0.1% ointment (Neon Healthcare Ltd) [100],100.00,100,,188,52,38,1,1.00
16748,8410821,Onglyza 5mg tablets (PI) (AstraZeneca UK Ltd) [28],28.00,28,,152,75,31,1,1.00
13681,3675931,Flexitol 25% Urea Heel Balm (Thornton & Ross Ltd) [500],500.00,500,,211,81,81,1,1.00
11878,8458713,Nebivolol 2.5mg tablets (Alliance Healthcare (Distribution) Ltd) [28],28.00,28,,85,51,16,1,1.00
12215,1151588,Trimethoprim 50mg/5ml oral suspension sugar free (Almus Pharmaceuticals Ltd) [100],100.00,100,,131,64,59,1,1.00
12008,3554854,Scholl Softgrip class II ribbed sock standard stock size Extra large Black (SSL International Plc) [2],2.00,2,,142,91,32,1,1.00
1310,2713550,Lipitor 80mg tablets (Viatris UK Healthcare Ltd) [28],28.00,28,,125,70,35,1,1.00
19451,1198688,Pregabalin 25mg capsules (Teva UK Ltd) [56],56.00,56,,137,49,37,1,1.00
3329,0466599,Hiprex 1g tablets (Viatris UK Healthcare Ltd) [60],60.00,60,,103,55,53,1,1.00
45292,1266329,Docusate 100mg/5ml oral solution sugar free (Rosemont Pharmaceuticals Ltd) [150],150.00,150,,64,64,153,1,1.00
10673,1144963,Azithromycin 250mg capsules (Teva UK Ltd) [4],4.00,4,,66,63,20,1,1.00
1450,0143198,Eumovate 0.05% cream (GlaxoSmithKline UK Ltd) [30],30.00,30,,153,35,29,1,1.00
40359,8041451,Glycopyrronium bromide 600micrograms/3ml solution for injection ampoules (Alliance Healthcare (Distribution) Ltd) [10],10.00,10,,129,86,42,1,1.00
3284,2764801,Diamicron 30mg MR tablets (Servier Laboratories Ltd) [56],56.00,56,,116,52,26,1,1.00
11538,1145275,Trazodone 50mg capsules (Accord-UK Ltd) [84],84.00,84,,106,65,45,1,1.00
7251,3126091,Abilify 5mg tablets (Otsuka Pharmaceuticals (U.K.) Ltd) [28],28.00,28,,120,61,29,1,1.00
1325,7097520,Clotrimazole 500mg pessaries (Alliance Healthcare (Distribution) Ltd) [1],1.00,1,,158,43,20,1,1.00
41841,8394371,Canesten Thrush External 2% cream (PI) (Bayer Plc) [20],20.00,20,,152,45,35,1,1.00
3085,0178590,Migraleve Pink tablets (McNeil Products Ltd) [12],12.00,12,,111,65,23,1,1.00
2286,0456798,Voltarol 100mg suppositories (Novartis Pharmaceuticals UK Ltd) [10],10.00,10,,122,66,25,1,1.00
1051,0113407,Scanpor tape 2.5cm (Bio-Diagnostics Ltd) [5],5.00,5,,48,46,32,1,1.00
1948,2128304,Prograf 5mg capsules (Astellas Pharma Ltd) [50],50.00,50,,123,56,45,1,1.00
174,7150519,Propranolol 80mg tablets (Alliance Healthcare (Distribution) Ltd) [56],56.00,56,,117,48,27,1,1.00
9206,3276474,CliniFast stockinette 10.75cm (CliniSupplies Ltd) [5],5.00,5,,133,80,78,1,1.00
5201,3548682,Scholl Softgrip class II below knee stocking circular knit standard stock size closed toe Large Soft-Black (SSL International Plc) [2],2.00,2,,143,90,30,1,1.00
32549,1209220,Oxybutynin 5mg tablets (Accord-UK Ltd) [84],84.00,84,,114,48,42,1,1.00
9737,3269446,Mezavant XL 1200mg tablets (Takeda UK Ltd) [60],60.00,60,,181,104,44,1,1.00
814,0293472,Tubigrip bandage 7.5cm size D (Molnlycke Health Care Ltd) [1],1.00,1,,155,78,45,1,1.00
12683,3626447,ZeroAQS emollient cream (Thornton & Ross Ltd) [500],500.00,500,,103,103,109,1,1.00
14548,3735180,"Fragmin 10,000units/0.4ml solution for injection pre-filled syringes (Pfizer Ltd) [5]",5.00,5,,145,130,27,1,1.00
15382,3795234,Mylife Unio testing strips (Pikdare S.p.A.) [50],50.00,50,,64,54,50,1,1.00
1418,0953141,Solpadol 30mg/500mg caplets (Phoenix Labs Ltd) [100],100.00,100,,85,60,74,1,1.00
8009,3148533,Calpol Infant 120mg/5ml oral suspension sugar free (McNeil Products Ltd) [200],200.00,200,,166,65,61,1,1.00
30109,1178276,Bisoprolol 5mg tablets (Accord-UK Ltd) [28],28.00,28,,122,69,22,1,1.00
8065,3100963,Easyhaler Budesonide 200micrograms/dose dry powder inhaler (Orion Pharma (UK) Ltd) [200],200.00,200,,130,82,46,1,1.00
9406,3293701,Utrogestan 100mg capsules (Besins Healthcare (UK) Ltd) [30],30.00,30,,92,55,26,1,1.00
45339,4254413,AgaMatrix Comfort Twist lancets 0.32mm/30gauge (AgaMatrix Europe Ltd) [100],100.00,100,,70,55,50,1,1.00
14748,7126204,Topamax 100mg tablets (PI) (Janssen-Cilag Ltd) [60],60.00,60,,145,54,44,1,1.00
9934,3270550,Cetraben cream (Thornton & Ross Ltd) [1050],1050.00,1050,,210,114,114,1,1.00
2722,0901728,"Portia ring pessary 7.5mm thick, 74mm diameter, polythene (Bray Group Ltd) [1]",1.00,1,,197,159,8,1,1.00
11185,3472040,Biatain Adhesive dressing 12.5cm x 12.5cm square (Coloplast Ltd) [10],10.00,10,,193,173,51,1,1.00
21185,8071227,Pregabalin 25mg capsules (Alliance Healthcare (Distribution) Ltd) [84],84.00,84,,141,63,55,1,1.00
12745,1159201,Dorzolamide 20mg/ml eye drops (Accord-UK Ltd) [5],5.00,5,,83,39,38,1,1.00
2986,2364750,Cacit D3 effervescent granules sachets (Theramex HQ UK Ltd) [30],30.00,30,,127,86,70,1,1.00
20271,3978939,Lixiana 30mg tablets (Daiichi Sankyo UK Ltd) [28],28.00,28,,110,66,25,1,1.00
7896,1108661,Amoxicillin 500mg capsules (Almus Pharmaceuticals Ltd) [21],21.00,21,,109,92,19,1,1.00
19962,1203959,Orlistat 120mg capsules (Almus Pharmaceuticals Ltd) [84],84.00,84,,143,76,59,1,1.00
3958,7028707,Fenofibrate micronised 200mg capsules (Alliance Healthcare (Distribution) Ltd) [28],28.00,28,,82,67,41,1,1.00
9113,3245156,Moviprep oral powder sachets (Forum Health Products Ltd) [4],4.00,4,,212,146,43,1,1.00
14165,3795309,Voltarol 12 Hour Emulgel P 2.32% gel (Haleon UK Trading Ltd) [30],30.00,30,,133,36,32,1,1.00
7597,2853356,Nootropil 1200mg tablets (Advanz Pharma) [60],60.00,60,,112,57,59,1,1.00
13414,3703105,Zeroderm ointment (Thornton & Ross Ltd) [125],125.00,125,,67,66,67,1,1.00
2355,0296541,Voltarol 75mg/3ml solution for injection ampoules (Novartis Pharmaceuticals UK Ltd) [10],10.00,10,,121,105,21,1,1.00
1480,0369785,Dermovate 0.05% ointment (GlaxoSmithKline UK Ltd) [100],100.00,100,,172,68,43,1,1.00
12492,1158856,Bisoprolol 5mg tablets (Almus Pharmaceuticals Ltd) [28],28.00,28,,118,59,21,1,1.00
5162,2590743,Activa class II below knee stocking circular knit standard stock size closed toe Large Sand (L&R Medical UK Ltd) [2],2.00,2,,165,116,31,1,1.00
6573,0277897,DuoDERM Extra Thin dressing 10cm x 10cm square (ConvaTec Ltd) [10],10.00,10,,168,144,27,1,1.00
51194,1283803,Lansoprazole 30mg gastro-resistant capsules (Teva UK Ltd) [56],56.00,56,,0,0,0,1,1.00
34605,8414948,Sirdupla 25micrograms/dose / 250micrograms/dose inhaler (PI) (Viatris UK Healthcare Ltd) [120],120.00,120,,112,52,35,1,1.00
16790,1164573,Flucloxacillin 125mg/5ml oral solution sugar free (Almus Pharmaceuticals Ltd) [100],100.00,100,,180,80,57,1,1.00
3391,0297937,Lipobase cream (Karo Healthcare UK Ltd) [50],50.00,50,,151,48,38,1,1.00
2416,0043950,Catapres 150micrograms/1ml solution for injection ampoules (Glenwood GmbH) [5],5.00,5,,98,67,26,1,1.00
1296,1099118,Codeine 60mg tablets (Accord-UK Ltd) [28],28.00,28,,105,36,17,1,1.00
5262,3550928,Scholl Softgrip class I below knee stocking circular knit standard stock size open toe Large Natural (SSL International Plc) [2],2.00,2,,142,90,31,1,1.00
9981,1139872,Prochlorperazine 5mg tablets (Almus Pharmaceuticals Ltd) [28],28.00,28,,107,37,19,1,1.00
43613,8010787,Prednisolone sodium phosphate 0.5% ear/eye drops (Alliance Healthcare (Distribution) Ltd) [10],10.00,10,,83,30,30,1,1.00
40989,1209725,Aripiprazole 15mg tablets (Accord-UK Ltd) [28],28.00,28,,145,57,75,1,1.00
9938,8076549,Trandolapril 4mg capsules (Alliance Healthcare (Distribution) Ltd) [28],28.00,28,,103,66,39,1,1.00
9207,3276482,CliniFast stockinette 17.5cm (CliniSupplies Ltd) [1],1.00,1,,202,37,37,1,1.00
208,0062331,Trandate 200mg tablets (RPH Pharmaceuticals AB) [56],56.00,56,,124,53,32,1,1.00
292,1099712,Omeprazole 40mg gastro-resistant capsules (Teva UK Ltd) [7],7.00,7,,132,50,25,1,1.00
11078,3464211,Oilatum Junior bath additive (Thornton & Ross Ltd) [600],600.00,600,,59,91,212,1,1.00
14493,3735198,"Fragmin 15,000units/0.6ml solution for injection pre-filled syringes (Pfizer Ltd) [5]",5.00,5,,144,130,26,1,1.00
46521,8060774,Fluticasone 400microgram/unit dose nasal drops (Alliance Healthcare (Distribution) Ltd) [30],30.00,30,,118,77,57,1,1.00
19965,1202597,Tolterodine 1mg tablets (Almus Pharmaceuticals Ltd) [56],56.00,56,,101,56,26,1,1.00
6462,3040631,Activon Tulle gauze dressing 5cm x 5cm (Advancis Medical) [5],5.00,5,,159,141,15,1,1.00
22811,8095952,Pregabalin 20mg/ml oral solution sugar free (Alliance Healthcare (Distribution) Ltd) [473],473.00,473,,203,81,80,1,1.00
12257,1154392,Fluconazole 50mg capsules (Almus Pharmaceuticals Ltd) [7],7.00,7,,122,71,20,1,1.00
14164,3795291,Voltarol 12 Hour Emulgel P 2.32% gel (Haleon UK Trading Ltd) [50],50.00,50,,168,50,37,1,1.00
5279,3550886,Scholl Softgrip class I below knee stocking circular knit standard stock size closed toe Large Natural (SSL International Plc) [2],2.00,2,,143,91,29,1,1.00
14025,3774627,Lumigan 300micrograms/ml eye drops 0.4ml unit dose (AbbVie Ltd) [30],30.00,30,,102,79,53,1,1.00
37229,4157764,Dyzantil 200mg modified-release tablets (Aspire Pharma Ltd) [30],30.00,30,,142,81,21,1,1.00
19597,1197524,Dapsone 50mg tablets (Almus Pharmaceuticals Ltd) [28],28.00,28,,107,37,19,1,1.00
7966,1115880,Spironolactone 100mg tablets (Almus Pharmaceuticals Ltd) [28],28.00,28,,134,48,19,1,1.00
44571,4235727,Natklor 5% eye drops preservative free (Blumont Healthcare Ltd) [10],10.00,10,,89,35,26,1,1.00
9349,3284973,Advagraf 0.5mg modified-release capsules (Astellas Pharma Ltd) [50],50.00,50,,123,56,45,1,1.00
4036,2941409,Hydromol ointment (Alliance Pharmaceuticals Ltd) [125],125.00,125,,68,68,68,1,1.00
2103,0301416,Ventolin 2mg/5ml syrup (GlaxoSmithKline UK Ltd) [150],150.00,150,,138,64,57,1,1.00
11653,3536232,Levest 150/30 tablets (Morningside Healthcare Ltd) [63],63.00,63,,110,41,28,1,1.00
41741,8048738,Isotard 40XL tablets (PI) (Evolan Pharma AB) [28],28.00,28,,105,54,18,1,1.00
1681,0014894,Anusol suppositories (Church & Dwight UK Ltd) [12],12.00,12,,119,58,25,1,1.00
1482,7164569,Ascorbic acid 100mg tablets (Alliance Healthcare (Distribution) Ltd) [28],28.00,28,,53,53,88,1,1.00
46543,4263406,Solpadeine Max soluble tablets (Omega Pharma Ltd) [24],24.00,24,,108,107,30,1,1.00
39833,1250067,Melatonin 1mg/ml oral solution sugar free (Colonis Pharma Ltd) [60],60.00,60,,155,68,684,1,1.00
7312,0063859,IntraSite Gel dressing (Smith & Nephew Healthcare Ltd) [250],250.00,250,,211,170,65,1,1.00
2471,0071407,Depo-Medrone 40mg/1ml suspension for injection vials (Pfizer Ltd) [1],1.00,1,,74,35,35,1,1.00
4333,2990109,Clinipore tape 2.5cm (CliniSupplies Ltd) [5],5.00,5,,43,43,29,1,1.00
47089,4284386,Rozex 0.75% gel (Galderma (UK) Ltd) [50],50.00,50,,139,50,37,1,1.00
7765,0344424,K-Band bandage 15cm x 4m (Urgo Ltd) [1],1.00,1,,188,38,42,1,1.00
8334,2771392,Clenil Modulite 200micrograms/dose inhaler (Chiesi Ltd) [200],200.00,200,,108,52,37,1,1.00
43635,8029613,Zolmitriptan 5mg tablets (Alliance Healthcare (Distribution) Ltd) [6],6.00,6,,102,55,20,1,1.00
10421,3403615,Vimpat 100mg tablets (UCB Pharma Ltd) [14],14.00,14,,108,62,31,1,1.00
7980,1117845,Ramipril 1.25mg capsules (Almus Pharmaceuticals Ltd) [28],28.00,28,,110,61,20,1,1.00
13067,8440190,Olanzapine 5mg tablets (Alliance Healthcare (Distribution) Ltd) [28],28.00,28,,100,56,25,1,1.00
2161,2393452,"BD Micro-Fine + hypodermic insulin needles for pre-filled / reusable pen injectors screw on 8mm/31gauge (Becton, Dickinson UK Ltd) [100]",100.00,100,,129,89,71,1,1.00
35457,8015679,Omnican Fine hypodermic insulin needles for pre-filled / reusable pen injectors screw on 6mm/31gauge (PI) (B.Braun Medical Ltd) [100],100.00,100,,131,75,73,1,1.00
17993,1130350,Ondansetron 8mg/4ml solution for injection ampoules (Viatris UK Healthcare Ltd) [5],5.00,5,,104,99,22,1,1.00
2618,1085190,Vitamin B compound strong tablets (Accord-UK Ltd) [28],28.00,28,,108,38,23,1,1.00
16627,3865961,Treclin 1%/0.025% gel (Viatris UK Healthcare Ltd) [30],30.00,30,,138,36,25,1,1.00
25,2036101,Half Securon SR 120mg tablets (Viatris UK Healthcare Ltd) [28],28.00,28,,129,62,30,1,1.00
3168,7107485,Aspirin 300mg dispersible tablets (Alliance Healthcare (Distribution) Ltd) [32],32.00,32,,89,71,24,1,1.00
11863,3491354,GlucoRx lancets 0.31mm/30gauge (GlucoRx Ltd) [200],200.00,200,,127,72,55,1,1.00
389,1099720,Doxazosin 1mg tablets (Teva UK Ltd) [28],28.00,28,,136,47,24,1,1.00
261,1076074,Zopiclone 3.75mg tablets (Accord-UK Ltd) [28],28.00,28,,106,36,17,1,1.00
33769,1208693,Escitalopram 20mg tablets (Accord-UK Ltd) [28],28.00,28,,110,75,23,1,1.00
11810,3549847,FreeStyle lancets 0.5mm/28gauge (Abbott Laboratories Ltd) [200],200.00,200,,107,97,52,1,1.00
16427,3839503,Optive Fusion 0.1% eye drops (Allergan Ltd) [10],10.00,10,,90,46,30,1,1.00
6877,3066099,Vesicare 10mg tablets (Astellas Pharma Ltd) [30],30.00,30,,116,45,22,1,1.00
9584,6805667,Midazolam 2mg/2ml solution for injection ampoules (Alliance Healthcare (Distribution) Ltd) [10],10.00,10,,84,79,31,1,1.00
17011,3871423,CosmoCol Orange Flavour oral powder sachets (Stirling Anglian Pharmaceuticals Ltd) [30],30.00,30,,168,117,121,1,1.00
14761,8121220,Neupro 2mg/24hours transdermal patches (PI) (UCB Pharma Ltd) [28],28.00,28,,151,150,29,1,1.00
18945,1199967,Vanquoral 50mg capsules (Teva UK Ltd) [30],30.00,30,,186,93,41,1,1.00
8333,2771400,Clenil Modulite 100micrograms/dose inhaler (Chiesi Ltd) [200],200.00,200,,108,52,37,1,1.00
13214,1165968,Buspirone 5mg tablets (Almus Pharmaceuticals Ltd) [30],30.00,30,,103,44,22,1,1.00
12115,8460131,Aspirin 75mg tablets (Alliance Healthcare (Distribution) Ltd) [28],28.00,28,,115,67,16,1,1.00
2197,2031094,Lodine SR 600mg tablets (Almirall Ltd) [30],30.00,30,,125,85,58,1,1.00
13060,1165190,Olanzapine 10mg tablets (Teva UK Ltd) [28],28.00,28,,136,59,28,1,1.00
2003,0184242,Vermox 100mg/5ml oral suspension (Janssen-Cilag Ltd) [30],30.00,30,,110,51,44,1,1.00
13157,3674900,Lipitor 10mg chewable tablets (Viatris UK Healthcare Ltd) [30],30.00,30,,138,72,31,1,1.00
27937,1217256,Cyanocobalamin 50microgram tablets (Advanz Pharma) [50],50.00,50,,98,54,51,1,1.00
31597,8440174,Olanzapine 20mg orodispersible tablets sugar free (Alliance Healthcare (Distribution) Ltd) [28],28.00,28,,108,65,28,1,1.00
13782,3710795,Femoston-conti 0.5mg/2.5mg tablets (Exeltis UK Ltd) [84],84.00,84,,96,57,20,1,1.00
22343,8098642,Atrauman Ag dressing 10cm x 20cm (PI) (Paul Hartmann Ltd) [10],10.00,10,,287,147,14,1,1.00
9953,2619872,Vismed 0.18% eye drops 0.3ml unit dose preservative free (TRB Chemidica (UK) Ltd) [20],20.00,20,,112,95,34,1,1.00
92,2148245,Cozaar 50mg tablets (Organon Pharma (UK) Ltd) [28],28.00,28,,97,51,31,1,1.00
11395,3477916,Onglyza 5mg tablets (AstraZeneca UK Ltd) [28],28.00,28,,150,74,28,1,1.00
657,0220434,Piriton 4mg tablets (Haleon UK Trading Ltd) [500],500.00,500,,75,62,60,1,1.00
49997,1283951,Relugolix 120mg tablets (Accord-UK Ltd) [30],30.00,30,,115,47,52,1,1.00
50649,8111239,Betamethasone 0.1% ear/eye/nose drops (Alliance Healthcare (Distribution) Ltd) [10],10.00,10,,26,26,70,1,1.00
46297,4266698,Movicol-Half oral powder 6.9g sachets (Forum Health Products Ltd) [20],20.00,20,,110,56,150,1,1.00
50219,8111700,Colesevelam 625mg tablets (Alliance Healthcare (Distribution) Ltd) [90],90.00,90,,73,62,126,1,1.00
1429,0317586,Tylex 30mg/500mg capsules (UCB Pharma Ltd) [100],100.00,100,,97,88,70,1,1.00
11088,3463890,Calogen Extra emulsion strawberry (Nutricia Ltd) [200],200.00,200,,56,56,146,1,1.00
1903,7118615,Chlorpromazine 25mg/5ml oral solution (Alliance Healthcare (Distribution) Ltd) [150],150.00,150,,137,55,55,1,1.00
8209,8136616,Glimepiride 1mg tablets (Alliance Healthcare (Distribution) Ltd) [30],30.00,30,,135,48,23,1,1.00
50933,8111171,Guanfacine 5mg modified-release tablets (Alliance Healthcare (Distribution) Ltd) [28],28.00,28,,90,82,65,1,1.00
48309,1282144,Diclofenac 2.32% gel (Teva UK Ltd) [30],30.00,30,,110,36,36,1,1.00
9129,1132604,Ondansetron 8mg tablets (Almus Pharmaceuticals Ltd) [10],10.00,10,,103,45,25,1,1.00
21307,6839716,Xigduo 5mg/1000mg tablets (PI) (AstraZeneca UK Ltd) [56],56.00,56,,158,76,61,1,1.00
9517,3296571,FreeStyle Lite testing strips (Abbott Laboratories Ltd) [50],50.00,50,,72,65,45,1,1.00
11556,3509536,Balneum Intensiv cream (Almirall Ltd) [500],500.00,500,,82,82,213,1,1.00
2188,8461626,Nizatidine 300mg capsules (Alliance Healthcare (Distribution) Ltd) [30],30.00,30,,113,61,35,1,1.00
2629,0484618,Lamictal 100mg tablets (GlaxoSmithKline UK Ltd) [56],56.00,56,,115,62,33,1,1.00
48225,8080541,Ferrous fumarate 210mg tablets (Alliance Healthcare (Distribution) Ltd) [84],84.00,84,,144,50,22,1,1.00
15714,7096498,Chlorhexidine gluconate 0.2% mouthwash plain (Alliance Healthcare (Distribution) Ltd) [300],300.00,300,,65,65,138,1,1.00
10265,1140409,Lisinopril 10mg / Hydrochlorothiazide 12.5mg tablets (Almus Pharmaceuticals Ltd) [28],28.00,28,,118,50,17,1,1.00
48047,8063356,Erythromycin 40mg/ml / Zinc acetate 12mg/ml lotion (PI) (Neon Healthcare Ltd) [30],30.00,30,,128,70,37,1,1.00
493,1050749,Amoxicillin 250mg/5ml oral suspension sugar free (Accord-UK Ltd) [100],100.00,100,,138,62,56,1,1.00
11656,3474020,Unistik 3 Comfort lancets 1.8mm/28gauge (Owen Mumford Ltd) [50],50.00,50,,102,95,69,1,1.00
14388,8120024,Qvar 100 Autohaler (PI) (Teva UK Ltd) [200],200.00,200,,99,56,34,1,1.00
21,7150998,Verapamil 80mg tablets (Alliance Healthcare (Distribution) Ltd) [84],84.00,84,,138,46,42,1,1.00
46621,3427861,Tamiflu 6mg/ml oral suspension (Roche Products Ltd) [50],50.00,50,,150,81,53,1,1.00
12438,3552841,OneTouch Verio testing strips (LifeScan) [50],50.00,50,,63,52,33,1,1.00
11469,3485455,Nexium 10mg gastro-resistant granules sachets (Grunenthal Ltd) [28],28.00,28,,146,109,58,1,1.00
44771,8049306,Lipozate 400mg modified-release tablets (Alliance Healthcare (Distribution) Ltd) [30],30.00,30,,115,45,30,1,1.00
7913,1110543,Diazepam 2mg tablets (Almus Pharmaceuticals Ltd) [28],28.00,28,,105,36,18,1,1.00
6576,0277798,DuoDERM Extra Thin dressing 7.5cm x 7.5cm square (ConvaTec Ltd) [5],5.00,5,,168,144,28,1,1.00
45740,8057085,Mirapexin 0.088mg tablets (PI) (Boehringer Ingelheim Ltd) [30],30.00,30,,113,62,23,1,1.00
7977,1117738,Phenoxymethylpenicillin 250mg/5ml oral solution (Almus Pharmaceuticals Ltd) [100],100.00,100,,137,53,53,1,1.00
46421,8038275,Dexamethasone 2mg tablets (Alliance Healthcare (Distribution) Ltd) [28],28.00,28,,102,44,31,1,1.00
14510,8382863,Prochlorperazine 3mg buccal tablets (Alliance Healthcare (Distribution) Ltd) [50],50.00,50,,87,50,30,1,1.00
30121,1178763,Levetiracetam 500mg tablets (Accord-UK Ltd) [60],60.00,60,,98,54,47,1,1.00
34343,1209329,Pregabalin 25mg capsules (Accord-UK Ltd) [56],56.00,56,,96,58,36,1,1.00
11825,3551439,Coban 2 Lite multi-layer compression bandage kit (3M Health Care Ltd) [1],1.00,1,,152,122,90,1,1.00
12124,3567849,Capimune 50mg capsules (Viatris UK Healthcare Ltd) [30],30.00,30,,185,65,57,1,1.00
9708,3331170,Allevyn Ag Non-Adhesive dressing 5cm x 5cm square (Smith & Nephew Healthcare Ltd) [10],10.00,10,,143,133,63,1,1.00
12321,3563228,Adoport 1mg capsules (Sandoz Ltd) [50],50.00,50,,174,95,55,1,1.00
25983,8434763,Quinoric 200mg tablets (Bristol Laboratories Ltd) [60],60.00,60,,98,51,38,1,1.00
20762,1140318,Clobazam 10mg tablets (Accord-UK Ltd) [30],30.00,30,,98,39,21,1,1.00
14109,8109472,Montelukast 5mg chewable tablets sugar free (Alliance Healthcare (Distribution) Ltd) [28],28.00,28,,137,74,30,1,1.00
51423,2502375,Zacin 0.025% cream (Ennogen Healthcare International Ltd) [45],45.00,45,,31,166,38,1,1.00
19077,6839369,Versatis 700mg medicated plasters (PI) (Grunenthal Ltd) [30],30.00,30,,216,68,157,1,1.00
15368,7054273,Adalat LA 30mg tablets (PI) (Bayer Plc) [28],28.00,28,,144,55,28,1,1.00
11380,3470168,Regurin XL 60mg capsules (Viatris UK Healthcare Ltd) [28],28.00,28,,79,64,35,1,1.00
6237,1113000,Carvedilol 6.25mg tablets (Teva UK Ltd) [28],28.00,28,,136,48,22,1,1.00
42195,1018795,Paracetamol 500mg tablets (Accord-UK Ltd) [100],100.00,100,,117,58,46,1,1.00
46966,8434169,Colofac 135mg tablets (PI) (Ceuta Healthcare Ltd) [100],100.00,100,,100,77,42,1,1.00
45897,8019895,Cinacalcet 60mg tablets (Alliance Healthcare (Distribution) Ltd) [28],28.00,28,,103,73,24,1,1.00
45743,4222410,CyanocoB12 50microgram tablets (TriOn Pharma Ltd) [28],28.00,28,,120,51,24,1,1.00
758,2674737,Cardicor 2.5mg tablets (Merck Serono Ltd) [28],28.00,28,,97,67,23,1,1.00
210,0450346,Bezalip 200mg tablets (Teva UK Ltd) [100],100.00,100,,124,51,64,1,1.00
38120,6839724,Fycompa 2mg tablets (PI) (Eisai Ltd) [7],7.00,7,,105,62,32,1,1.00
13725,3737319,Fycompa 2mg tablets (Eisai Ltd) [7],7.00,7,,101,61,31,1,1.00
21639,8429730,Chloramphenicol 1% eye ointment (P) (Alliance Healthcare (Distribution) Ltd) [4],4.00,4,,92,33,25,1,1.00
25674,8117178,Fluoxetine 30mg capsules (Alliance Healthcare (Distribution) Ltd) [30],30.00,30,,72,55,26,1,1.00
49541,3148335,Zonegran 100mg capsules (Advanz Pharma) [56],56.00,56,,151,62,41,1,1.00
41631,4198891,AaqEye HA 0.1% eye drops (Essential-Healthcare Ltd) [10],10.00,10,,69,41,31,1,1.00
2933,7028723,Zolpidem 10mg tablets (Alliance Healthcare (Distribution) Ltd) [28],28.00,28,,105,44,25,1,1.00
2282,7164841,Co-trimoxazole 80mg/400mg tablets (Alliance Healthcare (Distribution) Ltd) [28],28.00,28,,98,60,21,1,1.00
37384,8085458,Lamictal 25mg tablets (PI) (GlaxoSmithKline UK Ltd) [56],56.00,56,,113,60,33,1,1.00
1723,2240703,Topamax 50mg tablets (Janssen-Cilag Ltd) [60],60.00,60,,94,51,50,1,1.00
10775,3433729,Ranexa 750mg modified-release tablets (A. Menarini Farmaceutica Internazionale SRL) [60],60.00,60,,134,80,56,1,1.00
21798,8112393,Co-trimoxazole 80mg/400mg/5ml oral suspension (Alliance Healthcare (Distribution) Ltd) [100],100.00,100,,138,54,54,1,1.00
45997,6287403,Pramipexole 520microgram modified-release tablets (Alliance Healthcare (Distribution) Ltd) [30],30.00,30,,137,61,27,1,1.00
44439,1264647,Metformin 1g tablets (Accord-UK Ltd) [28],28.00,28,,28,91,113,1,1.00
1997,0100420,Salivix pastilles (Galen Ltd) [50],50.00,50,,79,57,26,1,1.00
2650,2464790,FemSeven 100 patches (Theramex HQ UK Ltd) [4],4.00,4,,96,94,14,1,1.00
7772,2715431,Actico bandage 10cm x 6m (L&R Medical UK Ltd) [1],1.00,1,,117,82,81,1,1.00
12987,8437469,Levetiracetam 1g tablets (Alliance Healthcare (Distribution) Ltd) [60],60.00,60,,122,65,63,1,1.00
26351,4034948,KetoSens testing strips PKA1E0020 (Spirit Healthcare Ltd) [10],10.00,10,,140,120,60,1,1.00
46130,7027113,Singulair 10mg tablets (PI) (Organon Pharma (UK) Ltd) [28],28.00,28,,97,51,30,1,1.00
7925,1110618,Doxazosin 2mg tablets (Almus Pharmaceuticals Ltd) [28],28.00,28,,136,47,23,1,1.00
30099,8387698,Bimatoprost 300micrograms/ml eye drops (Alliance Healthcare (Distribution) Ltd) [3],3.00,3,,88,48,47,1,1.00
16337,3783446,OneTouch Delica Plus lancets 0.32mm/30gauge (LifeScan) [200],200.00,200,,108,98,52,1,1.00
7262,3127099,Estradot 100micrograms/24hours patches (Sandoz Ltd) [8],8.00,8,,92,85,23,1,1.00
16396,1195866,Nitrofurantoin 50mg capsules (Advanz Pharma) [30],30.00,30,,108,46,30,1,1.00
1623,2891802,Comfifast stockinette 7.5cm (Vernacare International Ltd) [3],3.00,3,,101,79,73,1,1.00
39905,4166229,"Balance ring pessary 1.25cm thick, 74mm diameter, PVC (TriOn Pharma Ltd) [1]",1.00,1,,125,74,74,1,1.00
25006,0770727,"Adrenaline (base) 1mg/1ml (1 in 1,000) solution for injection ampoules (hameln pharma Ltd) [10]",10.00,10,,96,77,34,1,1.00
34833,8015927,Tamsulosin 400microgram modified-release capsules (Alliance Healthcare (Distribution) Ltd) [200],200.00,200,,124,68,67,1,1.00
45843,1208628,Enalapril 10mg tablets (Accord-UK Ltd) [28],28.00,28,,115,66,19,1,1.00
11657,3474038,Unistik 3 Normal lancets 1.8mm/23gauge (Owen Mumford Ltd) [50],50.00,50,,101,68,94,1,1.00
142,2799773,Physiotens 300microgram tablets (Viatris UK Healthcare Ltd) [28],28.00,28,,98,76,19,1,1.00
18968,3933512,TriCare hypodermic insulin needles for pre-filled / reusable pen injectors screw on 6mm/31gauge (Owen Mumford Ltd) [100],100.00,100,,123,74,72,1,1.00
6403,3051489,Abilify 10mg tablets (Otsuka Pharmaceuticals (U.K.) Ltd) [28],28.00,28,,122,60,30,1,1.00
35761,1209386,Pregabalin 200mg capsules (Accord-UK Ltd) [84],84.00,84,,129,69,57,1,1.00
16650,3859659,Xigduo 5mg/1000mg tablets (AstraZeneca UK Ltd) [56],56.00,56,,152,76,62,1,1.00
34533,4099958,Lokelma 10g oral powder sachets (AstraZeneca UK Ltd) [3],3.00,3,,128,81,31,1,1.00
41782,3443652,Glutafin gluten free part baked 4 fibre rolls (Dr Schar UK Ltd) [200],200.00,200,,232,132,65,1,1.00
8113,2294452,Neupro 4mg/24hours transdermal patches (UCB Pharma Ltd) [28],28.00,28,,151,151,27,1,1.00
47906,1214212,Prednisolone 5mg soluble tablets sugar free (Accord-UK Ltd) [30],30.00,30,,121,54,17,1,1.00
13720,1175439,Phenytoin sodium 50mg capsules (Flynn Pharma Ltd) [28],28.00,28,,94,54,54,1,1.00
18803,8134231,Comfifast stockinette 7.5cm (Alliance Healthcare (Distribution) Ltd) [5],5.00,5,,93,92,93,1,1.00
51237,8043242,Metoclopramide 5mg tablets (Alliance Healthcare (Distribution) Ltd) [28],28.00,28,,118,51,23,1,1.00
15346,8156457,Levonelle One Step 1.5mg tablets (PI) (Bayer Plc) [1],1.00,1,,87,69,15,1,1.00
41785,2115152,Glutafin gluten free pasta macaroni penne (Dr Schar UK Ltd) [500],500.00,500,,218,132,74,1,1.00
25638,2541118,Finger cot large (Bray Group Ltd) [10],10.00,10,,136,69,5,1,1.00
13629,6335517,Amorolfine 5% medicated nail lacquer (Alliance Healthcare (Distribution) Ltd) [5],5.00,5,,112,83,63,1,1.00
11087,3463882,Calogen Extra emulsion neutral (Nutricia Ltd) [200],200.00,200,,56,56,147,1,1.00
21776,6351811,DuoResp Spiromax 160micrograms/dose / 4.5micrograms/dose dry powder inhaler (PI) (Teva UK Ltd) [120],120.00,120,,186,81,52,1,1.00
7439,3136249,Inegy 10mg/20mg tablets (Organon Pharma (UK) Ltd) [28],28.00,28,,96,50,30,1,1.00
39537,4190385,Episenta 150mg modified-release capsules (Desitin Pharma Ltd) [30],30.00,30,,61,61,95,1,1.00
10566,1144096,Nebivolol 5mg tablets (Accord-UK Ltd) [28],28.00,28,,125,59,30,1,1.00
51177,8032468,Paracetamol 500mg soluble tablets (Alliance Healthcare (Distribution) Ltd) [24],24.00,24,,115,102,57,1,1.00
38070,4162335,Aqualube 0.5% eye drops (TriOn Pharma Ltd) [10],10.00,10,,82,30,30,1,1.00
6577,2996858,DuoDERM Signal dressing 10cm x 10cm square (ConvaTec Ltd) [5],5.00,5,,128,131,36,1,1.00
31944,4073151,Enstilar 50micrograms/g / 0.5 mg/g cutaneous foam (LEO Pharma) [120],120.00,120,,192,117,55,1,1.00
7972,1110915,Simvastatin 40mg tablets (Almus Pharmaceuticals Ltd) [28],28.00,28,,114,46,21,1,1.00
9979,1140250,Chlorpromazine 50mg tablets (Almus Pharmaceuticals Ltd) [28],28.00,28,,126,53,23,1,1.00
39069,4169116,Ultrabase cream (Derma UK Ltd) [500],500.00,500,,80,80,212,1,1.00
48270,2999183,Felodipine 10mg modified-release tablets (Teva UK Ltd) [28],28.00,28,,105,43,35,1,1.00
1775,7017031,Sodium valproate 200mg/5ml oral solution sugar free (Alliance Healthcare (Distribution) Ltd) [300],300.00,300,,183,67,66,1,1.00
7769,0344341,K-Band bandage 7cm x 4m (Urgo Ltd) [1],1.00,1,,100,39,36,1,1.00
36425,8011223,Tildiem LA 200 capsules (PI) (Sanofi) [28],28.00,28,,138,76,30,1,1.00
31811,7126451,Nicardipine 30mg capsules (Alliance Healthcare (Distribution) Ltd) [56],56.00,56,,109,64,35,1,1.00
7872,3175692,Cavilon No Sting barrier film wipes 3344E (3M Health Care Ltd) [30],30.00,30,,124,72,72,1,1.00
20775,8430456,Rasagiline 1mg tablets (Alliance Healthcare (Distribution) Ltd) [28],28.00,28,,134,66,25,1,1.00
19985,8459208,Co-codamol 8mg/500mg effervescent tablets (Alliance Healthcare (Distribution) Ltd) [32],32.00,32,,106,103,50,1,1.00
36538,8020794,Ursodeoxycholic acid 300mg tablets (Alliance Healthcare (Distribution) Ltd) [60],60.00,60,,131,52,41,1,1.00
17219,3945847,"Fultium-D3 20,000unit capsules (Internis Pharmaceuticals Ltd) [15]",15.00,15,,104,61,19,1,1.00
7301,3125671,Ovex 100mg/5ml oral suspension (McNeil Products Ltd) [30],30.00,30,,110,52,45,1,1.00
9117,1132471,Carvedilol 3.125mg tablets (Almus Pharmaceuticals Ltd) [28],28.00,28,,81,46,24,1,1.00
41771,2240117,Glutafin gluten free baguettes (Dr Schar UK Ltd) [350],350.00,350,,402,155,54,1,1.00
15292,3822715,Dropodex 0.1% eye drops 0.4ml unit dose (Rayner Pharmaceuticals Ltd) [20],20.00,20,,112,82,47,1,1.00
9411,3281110,Etrivex 500micrograms/g shampoo (Galderma (UK) Ltd) [125],125.00,125,,145,72,35,1,1.00
43649,8442626,Propafenone 150mg tablets (Alliance Healthcare (Distribution) Ltd) [90],90.00,90,,120,69,42,1,1.00
49574,8077372,Aripiprazole 2.5mg tablets (Alliance Healthcare (Distribution) Ltd) [28],28.00,28,,125,63,33,1,1.00
29451,3996923,Medi Derma-Pro Foam & Spray incontinence cleanser 63582 (Medicareplus International Ltd) [250],250.00,250,,169,91,66,1,1.00
7969,1115864,Spironolactone 25mg tablets (Almus Pharmaceuticals Ltd) [28],28.00,28,,117,36,19,1,1.00
16437,6332043,Etrivex 500micrograms/g shampoo (PI) (Galderma (UK) Ltd) [125],125.00,125,,149,76,46,1,1.00
11591,3512795,FastClix lancets 0.3mm/30gauge (Roche Diabetes Care Ltd) [204],204.00,204,,75,71,50,1,1.00
7904,1109479,Co-codamol 8mg/500mg effervescent tablets (Almus Pharmaceuticals Ltd) [100],100.00,100,,94,96,59,1,1.00
787,2136596,Mogadon 5mg tablets (Viatris UK Healthcare Ltd) [30],30.00,30,,117,49,22,1,1.00
17009,3861507,Ovranette 150microgram/30microgram tablets (Pfizer Ltd) [63],63.00,63,,125,60,37,1,1.00
46666,1265388,Citalopram 10mg tablets (Teva UK Ltd) [250],250.00,250,,78,51,50,1,1.00
11503,8455859,Alimemazine 10mg tablets (Alliance Healthcare (Distribution) Ltd) [28],28.00,28,,105,71,22,1,1.00
4025,2921070,Avodart 500microgram capsules (Recordati Pharmaceuticals Ltd) [30],30.00,30,,118,71,31,1,1.00
30409,8388266,Alendronic acid 70mg/100ml oral solution unit dose sugar free (PI) (Alliance Healthcare (Distribution) Ltd) [4],4.00,4,,94,94,121,1,1.00
10787,8158313,Famciclovir 500mg tablets (Alliance Healthcare (Distribution) Ltd) [14],14.00,14,,108,69,35,1,1.00
6836,3086436,SpeediCath Compact catheter female 12Ch 28582 (Coloplast Ltd) [30],30.00,30,,130,98,43,1,1.00
3102,2183507,Serevent 50micrograms/dose Accuhaler (GlaxoSmithKline UK Ltd) [60],60.00,60,,93,91,36,1,1.00
48161,1273200,Disulfiram 200mg tablets (Accord-UK Ltd) [50],50.00,50,,90,48,48,1,1.00
31658,8076531,Thealoz Duo eye drops preservative free (PI) (Thea Pharmaceuticals Ltd) [10],10.00,10,,97,37,36,1,1.00
7123,1112580,Ramipril 2.5mg capsules (Accord-UK Ltd) [28],28.00,28,,146,76,29,1,1.00
9841,3342102,Allevyn Gentle Border dressing 12.5cm x 12.5cm (Smith & Nephew Healthcare Ltd) [10],10.00,10,,182,169,49,1,1.00
26865,1214774,Aspirin 75mg tablets (Accord-UK Ltd) [28],28.00,28,,108,37,20,1,1.00
13195,8465692,Rivastigmine 1.5mg capsules (Alliance Healthcare (Distribution) Ltd) [28],28.00,28,,132,62,24,1,1.00
6268,3039021,Tramacet 37.5mg/325mg tablets (Grunenthal Ltd) [60],60.00,60,,81,62,43,1,1.00
2634,7019573,Hydrocortisone 1% ointment (Alliance Healthcare (Distribution) Ltd) [15],15.00,15,,108,37,27,1,1.00
15505,8162737,Mercilon 150microgram/20microgram tablets (PI) (Organon Pharma (UK) Ltd) [63],63.00,63,,138,47,34,1,1.00
12506,1152206,Budesonide 500micrograms/2ml nebuliser liquid unit dose vials (Almus Pharmaceuticals Ltd) [20],20.00,20,,123,79,58,1,1.00
4551,1032044,Clove oil liquid (Thornton & Ross Ltd) [10],10.00,10,,79,33,33,1,1.00
44720,8043283,Ferrous sulfate 200mg tablets (NoPL) (Alliance Healthcare (Distribution) Ltd) [100],100.00,100,,51,51,92,1,1.00
3101,2867497,Spiriva 18microgram inhalation powder capsules (Boehringer Ingelheim Ltd) [30],30.00,30,,95,73,30,1,1.00
8115,2294478,Neupro 8mg/24hours transdermal patches (UCB Pharma Ltd) [28],28.00,28,,151,150,27,1,1.00
8240,3221918,DuoTrav 40micrograms/ml / 5mg/ml eye drops (Novartis Pharmaceuticals UK Ltd) [2.50],2.50,0,,107,46,35,1,1.00
1698,0237461,Neurontin 300mg capsules (Viatris UK Healthcare Ltd) [100],100.00,100,,126,50,81,1,1.00
26869,8139206,Olmesartan medoxomil 10mg tablets (Alliance Healthcare (Distribution) Ltd) [28],28.00,28,,121,87,21,1,1.00
2042,7028186,Phenobarbital 15mg tablets (Alliance Healthcare (Distribution) Ltd) [28],28.00,28,,136,48,22,1,1.00
13507,1172675,Candesartan 32mg tablets (Teva UK Ltd) [28],28.00,28,,137,67,34,1,1.00
19952,1199496,Esomeprazole 20mg gastro-resistant tablets (Almus Pharmaceuticals Ltd) [28],28.00,28,,104,70,31,1,1.00
1229,1083211,Naproxen 250mg tablets (Teva UK Ltd) [28],28.00,28,,138,49,17,1,1.00
1563,7028160,Alfacalcidol 500nanogram capsules (Alliance Healthcare (Distribution) Ltd) [30],30.00,30,,74,43,42,1,1.00
3928,2932861,Metrosa 0.75% gel (Beaumont Pharma Ltd) [40],40.00,40,,145,46,31,1,1.00
2534,6834782,Hydroxocobalamin 1mg/1ml solution for injection ampoules (Alliance Healthcare (Distribution) Ltd) [5],5.00,5,,84,74,20,1,1.00
45521,5401344,Dabigatran etexilate 150mg capsules (Accord-UK Ltd) [60],60.00,60,,148,86,68,1,1.00
41918,4225736,AacuFer 140mg/5ml oral solution (TriOn Pharma Ltd) [200],200.00,200,,154,62,60,1,1.00
6555,2367332,Comfeel Plus Transparent dressing 5cm x 7cm rectangular (Coloplast Ltd) [10],10.00,10,,141,129,24,1,1.00
46024,8062812,Elocon 0.1% cream (PI) (Organon Pharma (UK) Ltd) [100],100.00,100,,195,48,43,1,1.00
13929,3752961,Eliquis 5mg tablets (Bristol-Myers Squibb Pharmaceuticals Ltd) [56],56.00,56,,140,51,42,1,1.00
8783,2588945,Viridal Duo Starter Pack 40microgram powder and solvent for solution for injection cartridges with device (Advanz Pharma) [2],2.00,2,,172,66,53,1,1.00
11448,1148576,Flucloxacillin 250mg/5ml oral solution sugar free (Accord-UK Ltd) [100],100.00,100,,181,82,57,1,1.00
13430,6290977,Donepezil 10mg tablets (Alliance Healthcare (Distribution) Ltd) [28],28.00,28,,94,60,22,1,1.00
41509,8045650,Vimpat 150mg tablets (BUK) (UCB Pharma Ltd) [56],56.00,56,,107,62,31,1,1.00
12270,1151984,Hydrocortisone 20mg tablets (Almus Pharmaceuticals Ltd) [30],30.00,30,,95,40,25,1,1.00
26443,3997400,"Stexerol-D3 25,000unit tablets (Grunenthal Ltd) [12]",12.00,12,,113,49,18,1,1.00
51372,4349486,Hyabak 0.15% eye drops preservative free (Thea Pharmaceuticals Ltd) [10],10.00,10,,35,35,95,1,1.00
543,1081173,Levothyroxine sodium 50microgram tablets (Accord-UK Ltd) [28],28.00,28,,108,38,20,1,1.00
10755,3440120,Biocath Comprehensive Care Foley Tray catheter male 16Ch D22655M16 10ml balloon (Bard Ltd) [1],1.00,1,,235,220,102,1,1.00
116,2442218,Zanidip 10mg tablets (Recordati Pharmaceuticals Ltd) [28],28.00,28,,83,70,17,1,1.00
9956,3371770,Coversyl Arginine Plus 5mg/1.25mg tablets (Servier Laboratories Ltd) [30],30.00,30,,69,43,43,1,1.00
43549,8061848,Nicorette invisi 25mg/16hours patches (PI) (McNeil Products Ltd) [7],7.00,7,,104,86,30,1,1.00
17350,3883881,Jardiance 25mg tablets (Boehringer Ingelheim Ltd) [28],28.00,28,,115,63,34,1,1.00
8027,1126234,Lansoprazole 15mg gastro-resistant capsules (Teva UK Ltd) [28],28.00,28,,97,76,35,1,1.00
19601,3938966,GlucoRx FinePoint Ultra hypodermic insulin needles for pre-filled / reusable pen injectors screw on 4mm/32gauge (GlucoRx Ltd) [100],100.00,100,,132,72,72,1,1.00
2615,0402057,Zovirax 5% cream (GlaxoSmithKline UK Ltd) [10],10.00,10,,152,35,28,1,1.00
1831,1103282,Lisinopril 10mg tablets (Teva UK Ltd) [28],28.00,28,,138,48,23,1,1.00
27292,4021226,AproDerm emollient cream (GB) (Fontus Health Ltd) [50],50.00,50,,120,53,34,1,1.00
21656,3092244,Gaviscon Advance Mint chewable tablets (Reckitt Benckiser Healthcare (UK) Ltd) [60],60.00,60,,55,55,80,1,1.00
50701,8114332,Allopurinol 100mg tablets (Alliance Healthcare (Distribution) Ltd) [100],100.00,100,,45,40,70,1,1.00
16682,3886785,Fostair NEXThaler 100micrograms/dose / 6micrograms/dose dry powder inhaler (Chiesi Ltd) [120],120.00,120,,168,91,40,1,1.00
3279,2490589,CellCept 250mg capsules (Roche Products Ltd) [100],100.00,100,,124,93,70,1,1.00
2889,0410845,Oramorph 10mg/5ml oral solution (Glenwood GmbH) [100],100.00,100,,125,53,53,1,1.00
13211,3692357,Tear-Lac Hypromellose 0.3% eye drops preservative free (Scope Ophthalmics Ltd) [10],10.00,10,,114,37,42,1,1.00
1195,2401495,Viazem XL 360mg capsules (Thornton & Ross Ltd) [28],28.00,28,,117,68,23,1,1.00
43904,4113601,Spiriva Respimat 2.5micrograms/dose inhalation solution cartridge with device (Boehringer Ingelheim Ltd) [60],60.00,60,,124,74,41,1,1.00
50936,4361622,Rybelsus 1.5mg tablets (Novo Nordisk Ltd) [30],30.00,30,,130,57,37,1,1.00
43481,1081678,Amitriptyline 25mg tablets (Accord-UK Ltd) [28],28.00,28,,107,37,19,1,1.00
19122,1024736,Lidocaine 50mg/10ml (0.5%) solution for injection ampoules (Advanz Pharma) [10],10.00,10,,170,144,28,1,1.00
539,1082155,Warfarin 5mg tablets (Teva UK Ltd) [28],28.00,28,,136,48,21,1,1.00
11781,3543618,Lumigan 100micrograms/ml eye drops (AbbVie Ltd) [3],3.00,3,,67,32,32,1,1.00
3283,2764785,Diamicron 30mg MR tablets (Servier Laboratories Ltd) [28],28.00,28,,116,52,27,1,1.00
15267,8421513,Metformin 850mg tablets (Alliance Healthcare (Distribution) Ltd) [300],300.00,300,,106,86,150,1,1.00
9744,3293552,Tramulief SR 150mg tablets (Advanz Pharma) [60],60.00,60,,104,63,44,1,1.00
18880,6839450,Atrauman dressing 7.5cm x 10cm (PI) (Paul Hartmann Ltd) [50],50.00,50,,177,118,37,1,1.00
51591,4361754,Differin 0.1% gel (Galderma (UK) Ltd) [50],50.00,50,,37,50,140,1,1.00
3846,6332449,Vancomycin 125mg capsules (Alliance Healthcare (Distribution) Ltd) [28],28.00,28,,110,71,38,1,1.00
41919,4197968,AddLube Sodium Chloride 0.9% eye drops 0.5ml unit dose preservative free (TriOn Pharma Ltd) [20],20.00,20,,72,72,32,1,1.00
11513,8436172,Topiramate 200mg tablets (Alliance Healthcare (Distribution) Ltd) [60],60.00,60,,152,64,49,1,1.00
143,2281541,Physiotens 400microgram tablets (Viatris UK Healthcare Ltd) [28],28.00,28,,98,77,19,1,1.00
43311,8059461,Tolbutamide 500mg tablets (Alliance Healthcare (Distribution) Ltd) [28],28.00,28,,120,65,23,1,1.00
8740,3257615,Nasofan Allergy 50micrograms/dose nasal spray (Teva UK Ltd) [60],60.00,60,,106,41,41,1,1.00
13064,8439820,Mometasone 0.1% cream (Alliance Healthcare (Distribution) Ltd) [30],30.00,30,,126,38,28,1,1.00
32385,3964921,Optifibre powder 5g sachets (Nestle Health Science) [16],16.00,16,,149,102,58,1,1.00
43522,1136928,Gabapentin 400mg capsules (Accord-UK Ltd) [100],100.00,100,,119,91,61,1,1.00
31891,1178870,Losartan 50mg tablets (Accord-UK Ltd) [28],28.00,28,,108,42,19,1,1.00
12817,3647781,Allevyn Gentle Border Sacrum dressing 16.8cm x 17.1cm (Smith & Nephew Healthcare Ltd) [10],10.00,10,,261,233,48,1,1.00
11875,3491347,GlucoRx Q testing strips (GlucoRx Ltd) [50],50.00,50,,80,58,36,1,1.00
21183,8071235,Pregabalin 50mg capsules (Alliance Healthcare (Distribution) Ltd) [84],84.00,84,,137,66,52,1,1.00
352,0085514,Zyloric 300mg tablets (Aspen Pharma Trading Ltd) [28],28.00,28,,112,60,19,1,1.00
36496,8384687,Paracetamol 500mg capsules (Alliance Healthcare (Distribution) Ltd) [16],16.00,16,,86,65,22,1,1.00
48229,8079980,Magnesium oxide 160mg capsules (Part VIIID Drug Tariff Special Order) [100],100.00,100,,38,32,48,1,1.00
51310,8079642,One-Alpha 250nanogram capsules (PI) (Neon Healthcare Ltd) [30],30.00,30,,98,59,31,1,1.00
19959,1199512,Lymecycline 408mg capsules (Almus Pharmaceuticals Ltd) [28],28.00,28,,148,78,44,1,1.00
617,1082056,Clomipramine 50mg capsules (Teva UK Ltd) [28],28.00,28,,136,48,23,1,1.00
17938,3941762,Biquelle XL 150mg tablets (Aspire Pharma Ltd) [60],60.00,60,,103,55,40,1,1.00
7311,0042895,IntraSite Gel dressing (Smith & Nephew Healthcare Ltd) [150],150.00,150,,213,172,66,1,1.00
14188,0312108,GlucoGel 40% gel original (BBI Healthcare Ltd) [80],80.00,80,,134,56,31,1,1.00
4040,2938272,Symbicort 400/12 Turbohaler (AstraZeneca UK Ltd) [60],60.00,60,,102,44,44,1,1.00
32953,4083945,Epimax paraffin-free ointment (Aspire Pharma Ltd) [500],500.00,500,,111,105,105,1,1.00
49538,8461857,Zonisamide 50mg capsules (Alliance Healthcare (Distribution) Ltd) [56],56.00,56,,118,68,46,1,1.00
21670,8386187,Fresubin 2kcal Creme dessert cappuccino (PI) (Fresenius Kabi Ltd) [500],500.00,500,,186,95,89,1,1.00
7569,6336465,Lamotrigine 25mg dispersible tablets sugar free (Alliance Healthcare (Distribution) Ltd) [56],56.00,56,,135,47,22,1,1.00
13511,1149608,Atorvastatin 10mg tablets (Accord-UK Ltd) [28],28.00,28,,118,62,23,1,1.00
2596,2750347,Fucidin H cream (LEO Pharma) [60],60.00,60,,162,48,38,1,1.00
14156,3761962,Zoely 2.5mg/1.5mg tablets (Theramex HQ UK Ltd) [84],84.00,84,,117,69,40,1,1.00
3272,0263202,Solvazinc 125mg effervescent tablets (Galen Ltd) [90],90.00,90,,135,86,36,1,1.00
50969,8087058,Rizatriptan 5mg orodispersible tablets sugar free (Alliance Healthcare (Distribution) Ltd) [6],6.00,6,,82,26,54,1,1.00
50742,8073223,Fluticasone propionate 50micrograms/dose / Azelastine 137micrograms/dose nasal spray (Alliance Healthcare (Distribution) Ltd) [120],120.00,120,,35,45,120,1,1.00
12746,8424335,Trospium chloride 20mg tablets (Alliance Healthcare (Distribution) Ltd) [60],60.00,60,,97,40,35,1,1.00
2121,0085795,Mestinon 60mg tablets (Viatris UK Healthcare Ltd) [200],200.00,200,,109,56,56,1,1.00
575,7043185,Cefalexin 250mg capsules (Alliance Healthcare (Distribution) Ltd) [28],28.00,28,,71,66,35,1,1.00
36123,1226927,Cefalexin 250mg/5ml oral suspension (Flynn Pharma Ltd) [100],100.00,100,,131,63,52,1,1.00
6668,2618965,Primapore dressing 8cm x 15cm (Smith & Nephew Healthcare Ltd) [20],20.00,20,,226,123,51,1,1.00
9120,1106848,Cetirizine 10mg tablets (Almus Pharmaceuticals Ltd) [30],30.00,30,,100,47,16,1,1.00
43499,1183185,Naproxen 250mg tablets (Accord-UK Ltd) [28],28.00,28,,134,45,20,1,1.00
48052,1269000,Losartan 50mg tablets (Teva UK Ltd) [100],100.00,100,,73,48,48,1,1.00
278,1081439,Amitriptyline 10mg tablets (Teva UK Ltd) [28],28.00,28,,124,55,20,1,1.00
10577,3420627,AgaMatrix Ultra-Thin lancets 0.35mm/28gauge (AgaMatrix Europe Ltd) [200],200.00,200,,123,88,56,1,1.00
11271,3420650,Salofalk 1.5g gastro-resistant modified-release granules sachets (Dr. Falk Pharma UK Ltd) [60],60.00,60,,105,102,86,1,1.00
40403,4213922,ClinOptic HA 0.21% eye drops preservative free (Warneford Healthcare Ltd) [10],10.00,10,,116,38,38,1,1.00
1220,8436248,Co-amilofruse 2.5mg/20mg tablets (Alliance Healthcare (Distribution) Ltd) [28],28.00,28,,110,39,19,1,1.00
43248,8048761,Budesonide 1mg/2ml nebuliser liquid unit dose vials (PI) (Alliance Healthcare (Distribution) Ltd) [20],20.00,20,,140,85,52,1,1.00
41559,8046815,Sitagliptin 50mg tablets (Alliance Healthcare (Distribution) Ltd) [28],28.00,28,,87,51,25,1,1.00
15096,8138612,Co-codamol 8mg/500mg capsules (Alliance Healthcare (Distribution) Ltd) [32],32.00,32,,108,52,46,1,1.00
20634,8085045,Aripiprazole 10mg orodispersible tablets sugar free (Alliance Healthcare (Distribution) Ltd) [28],28.00,28,,119,48,22,1,1.00
14321,7145485,Plavix 75mg tablets (PI) (Sanofi) [28],28.00,28,,129,72,31,1,1.00
14647,8424301,Flip-Flo sterile catheter valve (PI) (Bard Ltd) [5],5.00,5,,209,114,91,1,1.00
9351,3284999,Advagraf 1mg modified-release capsules (Astellas Pharma Ltd) [100],100.00,100,,124,56,45,1,1.00
1388,0083535,Zithromax 250mg capsules (Pfizer Ltd) [4],4.00,4,,92,57,18,1,1.00
33888,1221597,Trazodone 150mg tablets (Accord-UK Ltd) [28],28.00,28,,135,48,20,1,1.00
30095,8155939,Etoricoxib 120mg tablets (Alliance Healthcare (Distribution) Ltd) [28],28.00,28,,158,81,41,1,1.00
14728,8454936,Dalacin 2% cream (PI) (Pfizer Ltd) [40],40.00,40,,152,88,34,1,1.00
2050,3570603,Sudafed Decongestant 60mg tablets (McNeil Products Ltd) [12],12.00,12,,112,66,19,1,1.00
6633,2842359,Mepore dressing 7cm x 8cm (Molnlycke Health Care Ltd) [55],55.00,55,,99,125,96,1,1.00
9967,3369808,Lotemax 0.5% eye drops (Bausch & Lomb UK Ltd) [5],5.00,5,,89,43,28,1,1.00
34419,8009409,Metformin 500mg tablets (Alliance Healthcare (Distribution) Ltd) [1000],1000.00,1000,,180,93,93,1,1.00
1888,2427037,Zamadol SR 200mg capsules (Viatris UK Healthcare Ltd) [60],60.00,60,,150,61,51,1,1.00
7148,3092079,Inspra 50mg tablets (Viatris UK Healthcare Ltd) [28],28.00,28,,96,58,26,1,1.00
37015,4156790,BiCarb-500 capsules (TriOn Pharma Ltd) [100],100.00,100,,94,56,55,1,1.00
10784,8158347,Brimonidine 0.2% eye drops (Alliance Healthcare (Distribution) Ltd) [5],5.00,5,,79,36,26,1,1.00
2654,0383307,Beconase Aqueous 50micrograms/dose nasal spray (GlaxoSmithKline UK Ltd) [200],200.00,200,,123,42,42,1,1.00
36381,1209717,Aripiprazole 10mg tablets (Accord-UK Ltd) [28],28.00,28,,111,77,23,1,1.00
14279,8092686,Methocarbamol 750mg tablets (Alliance Healthcare (Distribution) Ltd) [100],100.00,100,,160,145,42,1,1.00
16403,6831614,Escitalopram 20mg tablets (Alliance Healthcare (Distribution) Ltd) [28],28.00,28,,136,54,21,1,1.00
20272,3978921,Lixiana 15mg tablets (Daiichi Sankyo UK Ltd) [10],10.00,10,,112,67,25,1,1.00
15304,8128175,Labetalol 100mg tablets (Alliance Healthcare (Distribution) Ltd) [56],56.00,56,,84,48,26,1,1.00
43699,1250695,Sertraline 50mg tablets (Accord-UK Ltd) [250],250.00,250,,53,140,1,1,1.00
46516,6335962,Dipyridamole 200mg modified-release capsules (Alliance Healthcare (Distribution) Ltd) [60],60.00,60,,112,60,61,1,1.00
39622,8944688,Clonazepam 500microgram tablets (PI) (Alliance Healthcare (Distribution) Ltd) [105],105.00,105,,125,51,50,1,1.00
49,7054521,Bumetanide 5mg tablets (Alliance Healthcare (Distribution) Ltd) [28],28.00,28,,135,48,16,1,1.00
2647,2272755,Estraderm MX 100 patches (Norgine Pharmaceuticals Ltd) [24],24.00,24,,103,100,31,1,1.00
29807,1206135,Candesartan 8mg tablets (Almus Pharmaceuticals Ltd) [28],28.00,28,,115,61,32,1,1.00
32940,4061214,Arovi 150mg/1ml solution for injection pre-filled syringes (ROVI Biotech Ltd) [10],10.00,10,,167,102,78,1,1.00
45988,6802839,Neozipine XL 30mg tablets (Alliance Healthcare (Distribution) Ltd) [28],28.00,28,,130,51,23,1,1.00
51187,8062226,Valaciclovir 1g tablets (Alliance Healthcare (Distribution) Ltd) [10],10.00,10,,31,73,78,1,1.00
40532,4198164,CyanocoB12 1mg tablets (TriOn Pharma Ltd) [28],28.00,28,,110,51,25,1,1.00
12414,3591211,Brilique 90mg tablets (AstraZeneca UK Ltd) [56],56.00,56,,136,54,38,1,1.00
12917,8426371,Repaglinide 500microgram tablets (Alliance Healthcare (Distribution) Ltd) [90],90.00,90,,64,65,35,1,1.00
4619,1111533,Ramipril 2.5mg capsules (Teva UK Ltd) [28],28.00,28,,137,48,22,1,1.00
30775,1110725,Isosorbide mononitrate 40mg tablets (Almus Pharmaceuticals Ltd) [56],56.00,56,,136,49,22,1,1.00
15692,8385809,Mezavant XL 1200mg tablets (PI) (Takeda UK Ltd) [60],60.00,60,,165,92,48,1,1.00
41776,0170225,Glutafin gluten free digestive biscuits (Dr Schar UK Ltd) [150],150.00,150,,196,66,44,1,1.00
34875,4113643,Spiolto Respimat 2.5micrograms/dose / 2.5micrograms/dose inhalation solution refill cartridge (Boehringer Ingelheim Ltd) [60],60.00,60,,97,41,37,1,1.00
15496,3796133,Unifine Pentips hypodermic insulin needles for pre-filled / reusable pen injectors screw on 4mm/32gauge (Owen Mumford Ltd) [100],100.00,100,,94,103,68,1,1.00
214,2764371,Cardura XL 8mg tablets (Viatris UK Healthcare Ltd) [28],28.00,28,,147,57,35,1,1.00
9073,3270378,"Simpla Profile sterile leg bag 21574 500ml bag, 25cm tube (Coloplast Ltd) [10]",10.00,10,,293,258,110,1,1.00
32195,4040978,Hydra-Neb 0.9% inhalation solution 2.5ml vials (Venture Healthcare Ltd) [20],20.00,20,,122,79,57,1,1.00
46687,8063059,Viazem XL 120mg capsules (PI) (Thornton & Ross Ltd) [28],28.00,28,,1,1,1,1,1.00
4328,2946960,Imigran 10mg nasal spray (GlaxoSmithKline UK Ltd) [2],2.00,2,,129,89,35,1,1.00
37232,4159018,Librachrom 2% eye drops (Aspire Pharma Ltd) [10],10.00,10,,79,42,32,1,1.00
50719,8062747,Dexamethasone 4mg tablets (Alliance Healthcare (Distribution) Ltd) [100],100.00,100,,46,23,115,1,1.00
19808,6835698,Sevelamer 800mg tablets (Alliance Healthcare (Distribution) Ltd) [180],180.00,180,,81,82,82,1,1.00
3054,0050914,Balneum Plus bath oil (Almirall Ltd) [500],500.00,500,,187,70,70,1,1.00
7937,1110451,Ciprofloxacin 250mg tablets (Almus Pharmaceuticals Ltd) [10],10.00,10,,95,43,23,1,1.00
33031,8111387,Stalevo 200mg/50mg/200mg tablets (PI) (Orion Pharma (UK) Ltd) [100],100.00,100,,112,62,60,1,1.00
34019,4089058,SodiEye 5% eye drops preservative free (TriOn Pharma Ltd) [10],10.00,10,,93,34,33,1,1.00
9176,3272945,Combihesive Natura two piece ostomy system flange with mouldable skin barrier and flexible hydrocolloid collar S7552 Mould to fit 33mm-45mm (ConvaTec Ltd) [10],10.00,10,,152,152,88,1,1.00
48496,8087660,Dovobet ointment (PI) (LEO Pharma) [120],120.00,120,,212,25,38,1,1.00
45303,8055022,Apercap 0.2ml gastro-resistant capsules (BUK) (Teva UK Ltd) [84],84.00,84,,129,79,51,1,1.00
7976,1108851,Ibuprofen 200mg tablets (Almus Pharmaceuticals Ltd) [84],84.00,84,,90,73,54,1,1.00
8570,2842367,Mepore dressing 10cm x 11cm (Molnlycke Health Care Ltd) [40],40.00,40,,167,151,88,1,1.00
817,0489971,Tubigrip bandage 8.75cm size E (Molnlycke Health Care Ltd) [1],1.00,1,,154,77,46,1,1.00
2915,2602654,Seretide 250 Accuhaler (GlaxoSmithKline UK Ltd) [60],60.00,60,,92,90,36,1,1.00
1463,1072818,Oxazepam 10mg tablets (Genus Pharmaceuticals Holdings Ltd) [28],28.00,28,,79,75,19,1,1.00
50773,8005050,Metformin 750mg modified-release tablets (Alliance Healthcare (Distribution) Ltd) [56],56.00,56,,130,63,35,1,1.00
43048,8049116,Vildagliptin 50mg / Metformin 1g tablets (Alliance Healthcare (Distribution) Ltd) [60],60.00,60,,145,81,72,1,1.00
12915,8426322,Levofloxacin 500mg tablets (Alliance Healthcare (Distribution) Ltd) [10],10.00,10,,84,62,21,1,1.00
7908,1108729,Aspirin 75mg dispersible tablets (Almus Pharmaceuticals Ltd) [28],28.00,28,,86,70,18,1,1.00
37314,4141453,Syncrodin 3mg tablets (Pharma Nord (UK) Ltd) [30],30.00,30,,138,86,22,1,1.00
2021,0447581,Madopar 200mg/50mg capsules (Roche Products Ltd) [100],100.00,100,,141,58,61,1,1.00
12811,3581287,Debrisoft pad 10cm x 10cm (Lohmann & Rauscher) [5],5.00,5,,158,136,61,1,1.00
7947,1110964,Warfarin 3mg tablets (Almus Pharmaceuticals Ltd) [28],28.00,28,,118,52,17,1,1.00
31821,1178367,Ciprofloxacin 500mg tablets (Accord-UK Ltd) [20],20.00,20,,121,51,23,1,1.00
39336,4193389,Ceyesto 3mg tablets (Alturix Ltd) [30],30.00,30,,68,48,48,1,1.00
33471,4078234,"ColeKal-D3 1,000unit tablets (Essential-Healthcare Ltd) [30]",30.00,30,,102,48,19,1,1.00
13824,1179605,Gatalin XL 8mg capsules (Aspire Pharma Ltd) [28],28.00,28,,102,66,30,1,1.00
9138,1132588,Terbinafine 250mg tablets (Almus Pharmaceuticals Ltd) [28],28.00,28,,137,53,21,1,1.00
1721,2325819,Cytotec 200microgram tablets (Pfizer Ltd) [60],60.00,60,,150,60,50,1,1.00
12911,8426470,Letrozole 2.5mg tablets (Alliance Healthcare (Distribution) Ltd) [28],28.00,28,,134,60,20,1,1.00
15214,3673308,Aquacel Extra dressing 15cm x 15cm square (ConvaTec Ltd) [5],5.00,5,,223,199,27,1,1.00
6585,0046359,Granuflex (modified) dressing 10cm x 10cm square (ConvaTec Ltd) [10],10.00,10,,168,144,41,1,1.00
13432,6290936,Donepezil 10mg orodispersible tablets sugar free (Alliance Healthcare (Distribution) Ltd) [28],28.00,28,,134,57,31,1,1.00
31867,4069498,Epimax ointment (Aspire Pharma Ltd) [500],500.00,500,,111,105,105,1,1.00
18804,8134249,Comfifast stockinette 10.75cm (Alliance Healthcare (Distribution) Ltd) [5],5.00,5,,139,97,96,1,1.00
4290,2279602,"EpiPen 300micrograms/0.3ml (1 in 1,000) solution for injection auto-injectors (Viatris UK Healthcare Ltd) [1]",1.00,1,,173,46,37,1,1.00
8641,1131663,Azithromycin 500mg tablets (Teva UK Ltd) [3],3.00,3,,84,36,20,1,1.00
7563,6336531,Itraconazole 100mg capsules (Alliance Healthcare (Distribution) Ltd) [15],15.00,15,,118,78,37,1,1.00
3382,0046532,Cetavlex 0.5% cream (Derma UK Ltd) [50],50.00,50,,147,43,32,1,1.00
15109,3198637,Nurofen Plus tablets (Reckitt Benckiser Healthcare (UK) Ltd) [32],32.00,32,,121,61,40,1,1.00
16408,6326458,Doxepin 25mg capsules (Alliance Healthcare (Distribution) Ltd) [28],28.00,28,,113,82,25,1,1.00
26551,8124570,Renagel 800mg tablets (PI) (Sanofi) [180],180.00,180,,136,73,70,1,1.00
48084,8052805,Ezetrol 10mg tablets (PI) (Organon Pharma (UK) Ltd) [28],28.00,28,,97,50,25,1,1.00
22306,8095895,Fycompa 8mg tablets (PI) (Eisai Ltd) [28],28.00,28,,105,62,31,1,1.00
42165,1257799,Propranolol 10mg tablets (Accord-UK Ltd) [1000],1000.00,1000,,52,53,88,1,1.00
3348,0950972,Sabril 500mg granules for oral solution sachets (Sanofi) [50],50.00,50,,83,66,66,1,1.00
1878,2427011,Zamadol SR 100mg capsules (Viatris UK Healthcare Ltd) [60],60.00,60,,121,51,47,1,1.00
9861,1138585,Risperidone 1mg/ml oral solution sugar free (Teva UK Ltd) [100],100.00,100,,135,59,55,1,1.00
46524,8128522,Edicil MR 30mg tablets (Alliance Healthcare (Distribution) Ltd) [56],56.00,56,,124,55,33,1,1.00
51219,0081489,Forceval capsules (Alliance Pharmaceuticals Ltd) [90],90.00,90,,142,85,67,1,1.00
42436,8008732,Adizem-SR 120mg capsules (PI) (Napp Pharmaceuticals Ltd) [56],56.00,56,,110,73,36,1,1.00
7566,6336481,Lamotrigine 100mg tablets (Alliance Healthcare (Distribution) Ltd) [56],56.00,56,,118,48,31,1,1.00
44205,8442113,Venlafaxine 150mg modified-release tablets (Alliance Healthcare (Distribution) Ltd) [30],30.00,30,,162,94,34,1,1.00
1579,2581890,Minodiab 5mg tablets (Pfizer Ltd) [28],28.00,28,,90,54,30,1,1.00
7694,3188513,Lift Plus medical adhesive remover spray 5503 (Opus Healthcare) [50],50.00,50,,33,33,124,1,1.00
50973,8069403,"Jext 300micrograms/0.3ml (1 in 1,000) solution for injection auto-injectors (PI) (ALK-Abello Ltd) [1]",1.00,1,,169,37,34,1,1.00
32384,3657244,Neocate Spoon powder 37g sachets (Nutricia Ltd) [15],15.00,15,,223,160,115,1,1.00
43399,0423210,Daktarin 2% cream (McNeil Products Ltd) [30],30.00,30,,146,38,35,1,1.00
2192,0257857,Serc 8mg tablets (Viatris UK Healthcare Ltd) [120],120.00,120,,96,76,24,1,1.00
30094,8155947,Etoricoxib 30mg tablets (Alliance Healthcare (Distribution) Ltd) [28],28.00,28,,115,56,24,1,1.00
10077,3383569,Toviaz 8mg modified-release tablets (Pfizer Ltd) [28],28.00,28,,133,67,36,1,1.00
7663,3175825,Easyhaler Beclometasone 200micrograms/dose dry powder inhaler (Orion Pharma (UK) Ltd) [200],200.00,200,,129,81,47,1,1.00
2914,2602662,Seretide 100 Accuhaler (GlaxoSmithKline UK Ltd) [60],60.00,60,,93,90,35,1,1.00
30149,1179431,Simvastatin 40mg tablets (Accord-UK Ltd) [28],28.00,28,,127,48,28,1,1.00
40272,8440976,Nexplanon 68mg implant (PI) (Organon Pharma (UK) Ltd) [1],1.00,1,,181,68,25,1,1.00
47443,1274075,Desmopressin 120microgram sublingual tablets sugar free (Teva UK Ltd) [30],30.00,30,,24,102,51,1,1.00
40564,8942120,Brilique 60mg tablets (PI) (AstraZeneca UK Ltd) [56],56.00,56,,150,57,36,1,1.00
4626,1111707,Ramipril 5mg tablets (Teva UK Ltd) [28],28.00,28,,125,55,39,1,1.00
5165,2590685,Activa class II below knee stocking circular knit standard stock size closed toe Medium Sand (L&R Medical UK Ltd) [2],2.00,2,,166,116,31,1,1.00
7595,1119841,Terbinafine 250mg tablets (Accord-UK Ltd) [28],28.00,28,,136,47,28,1,1.00
10802,8158339,Valaciclovir 500mg tablets (Alliance Healthcare (Distribution) Ltd) [10],10.00,10,,68,69,27,1,1.00
3477,0088161,Priadel 520mg/5ml liquid (Essential Pharma Ltd) [150],150.00,150,,132,61,54,1,1.00
37364,4161790,Biquelle XL 600mg tablets (Aspire Pharma Ltd) [30],30.00,30,,143,82,51,1,1.00
34607,8011488,Solifenacin 10mg tablets (Alliance Healthcare (Distribution) Ltd) [30],30.00,30,,112,46,25,1,1.00
27996,8149874,Zomig Rapimelt 2.5mg orodispersible tablets (PI) (Grunenthal Ltd) [6],6.00,6,,113,76,21,1,1.00
12914,8426132,Levofloxacin 500mg tablets (Alliance Healthcare (Distribution) Ltd) [5],5.00,5,,47,126,23,1,1.00
46377,8049066,Pyridoxine 50mg tablets (Alliance Healthcare (Distribution) Ltd) [28],28.00,28,,20,49,19,1,1.00
10371,3558673,MucoClear 6% inhalation solution 4ml ampoules (Pari Medical Ltd) [20],20.00,20,,152,85,30,1,1.00
11638,3545373,Resolor 2mg tablets (Takeda UK Ltd) [28],28.00,28,,113,51,28,1,1.00
41681,5400353,Vydura 75mg oral lyophilisates (Pfizer Ltd) [2],2.00,2,,139,100,30,1,1.00
50725,8067910,Itraconazole 100mg capsules (Alliance Healthcare (Distribution) Ltd) [28],28.00,28,,150,75,40,1,1.00
50251,8109118,Rivaroxaban 5mg/ml oral suspension sugar free (Alliance Healthcare (Distribution) Ltd) [200],200.00,200,,70,68,150,1,1.00
44608,1268788,Bisacodyl 5mg gastro-resistant tablets (Almus Pharmaceuticals Ltd) [60],60.00,60,,86,63,34,1,1.00
17026,3902806,CosmoCol Lemon and Lime Flavour oral powder sachets (Stirling Anglian Pharmaceuticals Ltd) [20],20.00,20,,165,120,78,1,1.00
14457,8140022,Istin 5mg tablets (PI) (Viatris UK Healthcare Ltd) [28],28.00,28,,126,50,30,1,1.00
6627,3035581,Mepilex Lite dressing 15cm x 15cm (Molnlycke Health Care Ltd) [5],5.00,5,,226,192,25,1,1.00
6022,0118463,LiMone deodorant spray 3905 (CliniMed Ltd) [50],50.00,50,,105,35,35,1,1.00
15409,8071607,Omacor capsules (PI) (Ceuta Healthcare Ltd) [28],28.00,28,,88,50,50,1,1.00
49221,4229472,Aactive HA 0.2% eye drops (TriOn Pharma Ltd) [10],10.00,10,,29,29,80,1,1.00
50751,8046781,Lacosamide 100mg tablets (Alliance Healthcare (Distribution) Ltd) [14],14.00,14,,89,67,21,1,1.00
14392,6813893,Cavilon No Sting barrier film pump spray (PI) 3346P (3M Health Care Ltd) [28],28.00,28,,119,41,39,1,1.00
50250,8110793,Indoramin 20mg tablets (Alliance Healthcare (Distribution) Ltd) [28],28.00,28,,102,66,22,1,1.00
44505,1094903,Betamethasone valerate 0.1% cream (Manx Healthcare Ltd) [100],100.00,100,,186,55,38,1,1.00
7763,0344358,K-Band bandage 10cm x 4m (Urgo Ltd) [1],1.00,1,,36,143,41,1,1.00
674,7052756,Metronidazole 500mg tablets (Alliance Healthcare (Distribution) Ltd) [21],21.00,21,,123,46,29,1,1.00
10259,3336765,Octenisan Antimicrobial wash (Schulke & Mayr UK Ltd) [150],150.00,150,,140,66,29,1,1.00
48185,1278696,Alprostadil 10microgram powder and solvent for solution for injection vials (Pfizer Ltd) [1],1.00,1,,135,34,57,1,1.00
31667,1203934,Venlafaxine 37.5mg tablets (Almus Pharmaceuticals Ltd) [56],56.00,56,,136,49,26,1,1.00
51260,8114555,Colecalciferol 800unit capsules (Alliance Healthcare (Distribution) Ltd) [30],30.00,30,,87,46,31,1,1.00
14518,3735214,"Fragmin 12,500units/0.5ml solution for injection pre-filled syringes (Pfizer Ltd) [5]",5.00,5,,144,131,28,1,1.00
42433,8050122,Co-dydramol 30mg/500mg tablets (Alliance Healthcare (Distribution) Ltd) [56],56.00,56,,119,51,51,1,1.00
37211,4162178,Udrate cream (Ennogen Healthcare International Ltd) [100],100.00,100,,168,53,47,1,1.00
14078,1181338,Levothyroxine sodium 100micrograms/5ml oral solution sugar free (Teva UK Ltd) [100],100.00,100,,135,58,57,1,1.00
21323,3523446,KerraMaxCare dressing 10cm x 10cm square (Crawford Healthcare Ltd) [10],10.00,10,,246,171,23,1,1.00
44441,1264639,Metformin 850mg tablets (Accord-UK Ltd) [56],56.00,56,,42,58,121,1,1.00
17077,1201656,Olsalazine 500mg tablets (Waymade Healthcare Plc) [60],60.00,60,,77,51,50,1,1.00
21612,8101032,Valios 20mg orodispersible tablets sugar free (Alliance Healthcare (Distribution) Ltd) [28],28.00,28,,135,91,32,1,1.00
38886,1079359,Orphenadrine 50mg/5ml oral solution sugar free (Rosemont Pharmaceuticals Ltd) [150],150.00,150,,139,56,55,1,1.00
37553,4164497,AlciDol 1microgram softgel capsules (TriOn Pharma Ltd) [30],30.00,30,,81,50,32,1,1.00
47939,4137113,Augmentin-Duo 400/57 oral suspension (GlaxoSmithKline UK Ltd) [70],70.00,70,,134,86,59,1,1.00
46115,8057390,Synjardy 5mg/1000mg tablets (PI) (Boehringer Ingelheim Ltd) [56],56.00,56,,117,72,81,1,1.00
37467,4166880,Bevespi Aerosphere 7.2micrograms/dose / 5micrograms/dose pressurised inhaler (AstraZeneca UK Ltd) [120],120.00,120,,109,63,53,1,1.00
31773,4067922,Testogel 16.2mg/g gel (Besins Healthcare (UK) Ltd) [88],88.00,88,,182,57,51,1,1.00
43917,8041410,"Adrenaline (base) 1mg/10ml (1 in 10,000) dilute solution for injection pre-filled syringes (Alliance Healthcare (Distribution) Ltd) [1]",1.00,1,,199,33,33,1,1.00
37756,1178508,Fluconazole 150mg capsules (Accord-UK Ltd) [1],1.00,1,,116,48,23,1,1.00
1918,0494203,Phenergan 5mg/5ml elixir (Opella Healthcare UK Ltd) [100],100.00,100,,127,51,52,1,1.00
45741,4222451,CyanocoB12 100microgram tablets (TriOn Pharma Ltd) [28],28.00,28,,30,51,25,1,1.00
14715,8121246,Neupro 6mg/24hours transdermal patches (PI) (UCB Pharma Ltd) [28],28.00,28,,151,150,28,1,1.00
12323,3563236,Adoport 0.5mg capsules (Sandoz Ltd) [50],50.00,50,,174,96,56,1,1.00
2939,7028715,Zolpidem 5mg tablets (Alliance Healthcare (Distribution) Ltd) [28],28.00,28,,106,42,18,1,1.00
44541,8033672,Carbocisteine 750mg capsules (Alliance Healthcare (Distribution) Ltd) [60],60.00,60,,96,79,61,1,1.00
16641,6331292,Amoxicillin 125mg/5ml oral suspension (Alliance Healthcare (Distribution) Ltd) [100],100.00,100,,136,63,55,1,1.00
41700,4218574,Delofine XL 5mg tablets (Morningside Healthcare Ltd) [28],28.00,28,,105,59,18,1,1.00
13818,3699329,Aquacel Foam dressing (non-adhesive) 10cm x 10cm (ConvaTec Ltd) [10],10.00,10,,187,155,62,1,1.00
29665,4044640,Zerodouble gel (Thornton & Ross Ltd) [500],500.00,500,,80,80,211,1,1.00
21767,4017919,"Calci-D 1000mg/1,000unit chewable tablets (Forum Health Products Ltd) [28]",28.00,28,,107,64,35,1,1.00
43843,4244703,Zapain 30mg/500mg tablets (Advanz Pharma) [50],50.00,50,,88,67,45,1,1.00
6666,0154088,Primapore dressing 6cm x 8.3cm (Smith & Nephew Healthcare Ltd) [50],50.00,50,,110,140,90,1,1.00
31673,6276687,Tadalafil 10mg tablets (Alliance Healthcare (Distribution) Ltd) [4],4.00,4,,120,60,21,1,1.00
51269,8083107,Paracetamol 250mg suppositories (Alliance Healthcare (Distribution) Ltd) [10],10.00,10,,111,59,21,1,1.00
25188,8114878,Glycopyrronium bromide 1mg/5ml oral solution sugar free (Alliance Healthcare (Distribution) Ltd) [150],150.00,150,,72,69,68,1,1.00
714,1008960,Glycerol 1g suppositories (Alliance Healthcare (Distribution) Ltd) [12],12.00,12,,110,54,27,1,1.00
19069,6291546,Travatan 40micrograms/ml eye drops (PI) (Novartis Pharmaceuticals UK Ltd) [2.5],2.50,0,,109,45,24,1,1.00
5055,6290670,Ramipril 10mg tablets (Alliance Healthcare (Distribution) Ltd) [28],28.00,28,,83,49,19,1,1.00
13727,3737350,Fycompa 6mg tablets (Eisai Ltd) [28],28.00,28,,100,60,29,1,1.00
3290,2702835,Loniten 10mg tablets (Pfizer Ltd) [60],60.00,60,,118,65,41,1,1.00
51561,1291723,Paracetamol 500mg caplets (Accord-UK Ltd) [100],100.00,100,,69,100,64,1,1.00
9121,1132463,Co-codamol 30mg/500mg effervescent tablets (Almus Pharmaceuticals Ltd) [100],100.00,100,,249,103,59,1,1.00
13724,3735370,Jentadueto 2.5mg/1000mg tablets (Boehringer Ingelheim Ltd) [56],56.00,56,,120,86,72,1,1.00
2218,2727865,BioXtra Dry Mouth oral gel (R.I.S. Products Ltd) [40],40.00,40,,151,39,28,1,1.00
6784,2991834,Cardioplen XL 5mg tablets (Chiesi Ltd) [28],28.00,28,,153,67,30,1,1.00
19963,1202605,Tolterodine 2mg tablets (Almus Pharmaceuticals Ltd) [56],56.00,56,,78,50,28,1,1.00
2563,2146504,Evorel 25 patches (Theramex HQ UK Ltd) [8],8.00,8,,81,80,22,1,1.00
582,7027071,Ciprofloxacin 500mg tablets (Alliance Healthcare (Distribution) Ltd) [20],20.00,20,,85,58,25,1,1.00
18871,3946159,CosmoCol Paediatric oral powder 6.9g sachets (Stirling Anglian Pharmaceuticals Ltd) [30],30.00,30,,165,116,116,1,1.00
46825,4179198,Accrete D3 tablets (Thornton & Ross Ltd) [60],60.00,60,,105,67,57,1,1.00
19540,6834618,Almotriptan 12.5mg tablets (Alliance Healthcare (Distribution) Ltd) [3],3.00,3,,102,53,27,1,1.00
12446,8131187,Pramipexole 350microgram tablets (Alliance Healthcare (Distribution) Ltd) [30],30.00,30,,112,52,20,1,1.00
11296,3445509,Sevikar 20mg/5mg tablets (Daiichi Sankyo UK Ltd) [28],28.00,28,,112,67,19,1,1.00
51115,0007187,Daktarin 20mg/g oromucosal gel (McNeil Products Ltd) [80],80.00,80,,186,55,37,1,1.00
46383,1094374,Ofloxacin 200mg tablets (Alliance Healthcare (Distribution) Ltd) [10],10.00,10,,136,47,22,1,1.00
36882,4156923,EvoTears eye drops preservative free (Scope Ophthalmics Ltd) [3],3.00,3,,113,34,34,1,1.00
48051,1269117,Losartan 100mg tablets (Teva UK Ltd) [100],100.00,100,,125,75,75,1,1.00
31917,3870250,Octenisan md nasal gel (Schulke & Mayr UK Ltd) [6],6.00,6,,98,35,20,1,1.00
46012,5024765,Valsartan 80mg tablets (Alliance Healthcare (Distribution) Ltd) [28],28.00,28,,129,63,31,1,1.00
47410,8414757,Depakote 250mg gastro-resistant tablets (PI) (Sanofi) [30],30.00,30,,150,30,85,1,1.00
34928,4076493,GreenFine hypodermic insulin needles for pre-filled / reusable pen injectors screw on 5mm/31gauge (Neon Diagnostics Ltd) [100],100.00,100,,131,72,72,1,1.00
10771,3433711,Ranexa 500mg modified-release tablets (A. Menarini Farmaceutica Internazionale SRL) [60],60.00,60,,135,81,56,1,1.00
20011,3883121,Medi Derma-S barrier cream (Medicareplus International Ltd) [28],28.00,28,,107,36,36,1,1.00
12014,2590917,Activa class II unisex ribbed sock standard stock size Large Black (L&R Medical UK Ltd) [2],2.00,2,,167,115,31,1,1.00
17935,3941796,Biquelle XL 300mg tablets (Aspire Pharma Ltd) [60],60.00,60,,104,67,55,1,1.00
14183,6826812,FreeStyle Optium testing strips (PI) (Abbott Laboratories Ltd) [50],50.00,50,,129,66,28,1,1.00
14292,8386617,Trazodone 50mg/5ml oral solution sugar free (Alliance Healthcare (Distribution) Ltd) [120],120.00,120,,142,55,53,1,1.00
25875,6289706,Lumecare Singles Hypromellose 0.3% eye drops 0.5ml unit dose preservative free (Alliance Healthcare (Distribution) Ltd) [30],30.00,30,,82,68,53,1,1.00
51272,8022964,Pregabalin 50mg tablets (Alliance Healthcare (Distribution) Ltd) [84],84.00,84,,114,93,63,1,1.00
45199,8388316,Zomig 2.5mg tablets (PI) (Grunenthal Ltd) [6],6.00,6,,89,39,38,1,1.00
20111,8441487,Jentadueto 2.5mg/1000mg tablets (PI) (Boehringer Ingelheim Ltd) [60],60.00,60,,116,73,69,1,1.00
13886,8091902,Riluzole 50mg tablets (Alliance Healthcare (Distribution) Ltd) [56],56.00,56,,147,53,30,1,1.00
46447,4263521,QV Gentle wash (Ego Pharmaceuticals) [500],500.00,500,,45,98,195,1,1.00
27219,1178698,Lamotrigine 25mg tablets (Accord-UK Ltd) [56],56.00,56,,120,48,30,1,1.00
46380,1249705,Quetiapine 300mg tablets (Almus Pharmaceuticals Ltd) [60],60.00,60,,122,62,55,1,1.00
39379,4190716,Klisyri 10mg/g ointment 250mg sachets (Almirall Ltd) [5],5.00,5,,110,65,43,1,1.00
44788,1268697,Sitagliptin 25mg tablets (Teva UK Ltd) [28],28.00,28,,128,55,28,1,1.00
42091,8048928,Instant testing strips (PI) (Roche Diabetes Care Ltd) [50],50.00,50,,59,50,59,1,1.00
45815,4226791,SunVit-Pro Calcium carbonate 1.5g chewable tablets (SunVit-D3 Ltd) [100],100.00,100,,60,60,100,1,1.00
48046,2999191,Felodipine 5mg modified-release tablets (Teva UK Ltd) [28],28.00,28,,105,44,36,1,1.00
45979,1115708,Co-tenidone 50mg/12.5mg tablets (Almus Pharmaceuticals Ltd) [28],28.00,28,,92,53,21,1,1.00
50015,2445385,Nifedipress MR 10 tablets (Dexcel-Pharma Ltd) [56],56.00,56,,103,45,26,1,1.00
33612,4083937,Zebinix 50mg/1ml oral suspension (BIAL Pharma UK Ltd) [200],200.00,200,,153,83,72,1,1.00
13107,1143643,Marol 200mg modified-release tablets (Teva UK Ltd) [60],60.00,60,,102,63,41,1,1.00
10260,3370160,Clinitas 0.4% eye drops 0.5ml unit dose preservative free (Altacor Ltd) [30],30.00,30,,129,87,49,1,1.00
22303,8125783,Jardiance 25mg tablets (PI) (Boehringer Ingelheim Ltd) [30],30.00,30,,114,62,34,1,1.00
223,2434389,Sinthrome 1mg tablets (Norgine Pharmaceuticals Ltd) [100],100.00,100,,109,53,26,1,1.00
48614,8436602,Ropinirole 2mg modified-release tablets (Alliance Healthcare (Distribution) Ltd) [28],28.00,28,,120,55,27,1,1.00
34347,1179449,Simvastatin 80mg tablets (Accord-UK Ltd) [28],28.00,28,,96,22,88,1,1.00
32199,4039053,Menthoderm 1% cream (Derma UK Ltd) [100],100.00,100,,154,59,39,1,1.00
48602,1282094,Diclofenac 1.16% gel (Teva UK Ltd) [100],100.00,100,,165,58,45,1,1.00
43491,1093228,Lisinopril 5mg tablets (Accord-UK Ltd) [28],28.00,28,,105,35,18,1,1.00
25268,8117517,Inadine dressing 5cm x 5cm (PI) (Systagenix Wound Management Ltd) [25],25.00,25,,156,122,36,1,1.00
9935,8076572,Trandolapril 500microgram capsules (Alliance Healthcare (Distribution) Ltd) [14],14.00,14,,102,65,27,1,1.00
40467,8137333,Carmellose 0.5% eye drops (Alliance Healthcare (Distribution) Ltd) [10],10.00,10,,77,35,34,1,1.00
50218,8111726,Colesevelam 625mg tablets (Alliance Healthcare (Distribution) Ltd) [120],120.00,120,,73,83,116,1,1.00
29667,4046314,Zeroveen cream (Thornton & Ross Ltd) [500],500.00,500,,80,80,211,1,1.00
39051,4166500,AsparMag 243mg (magnesium 10mmol) oral powder sachets (Essential-Healthcare Ltd) [10],10.00,10,,112,82,62,1,1.00
10030,3377033,Mepore Ultra dressing 10cm x 11cm (Molnlycke Health Care Ltd) [36],36.00,36,,167,150,89,1,1.00
2175,2492676,Femoston-conti 1mg/5mg tablets (Exeltis UK Ltd) [84],84.00,84,,95,58,19,1,1.00
34092,4098638,Soprobec 100micrograms/dose inhaler (Glenmark Pharmaceuticals Europe Ltd) [200],200.00,200,,101,50,36,1,1.00
31595,8439986,Olanzapine 5mg orodispersible tablets sugar free (Alliance Healthcare (Distribution) Ltd) [28],28.00,28,,109,67,30,1,1.00
40350,4171260,Zimed 0.3mg/ml eye drops preservative free (Medicom Healthcare Ltd) [3],3.00,3,,82,31,32,1,1.00
15590,6369060,Eprosartan 300mg tablets (Alliance Healthcare (Distribution) Ltd) [28],28.00,28,,115,83,27,1,1.00
46547,8057887,Movelat gel (PI) (Thornton & Ross Ltd) [125],125.00,125,,189,51,38,1,1.00
44199,8020463,Tamsulosin 400microgram / Dutasteride 500microgram capsules (Alliance Healthcare (Distribution) Ltd) [30],30.00,30,,99,62,62,1,1.00
21762,4011771,AproDerm Colloidal Oat cream (GB) (Fontus Health Ltd) [500],500.00,500,,206,75,75,1,1.00
8259,2289197,Adcal-D3 chewable tablets tutti frutti (Grunenthal Ltd) [56],56.00,56,,143,88,29,1,1.00
36432,4138269,SMA Althera powder (Nestle Health Science) [400],400.00,400,,144,102,102,1,1.00
11539,1145283,Trazodone 100mg capsules (Accord-UK Ltd) [56],56.00,56,,120,62,38,1,1.00
41586,3315058,Loprofin low protein pasta fusilli (Nutricia Ltd) [500],500.00,500,,214,164,74,1,1.00
21774,4019345,Brilique 60mg tablets (GB) (AstraZeneca UK Ltd) [56],56.00,56,,140,60,40,1,1.00
43739,8004616,Brinzolamide 10mg/ml / Timolol 5mg/ml eye drops (Alliance Healthcare (Distribution) Ltd) [5],5.00,5,,78,42,37,1,1.00
21146,4006565,Briviact 10mg tablets (UCB Pharma Ltd) [14],14.00,14,,112,59,33,1,1.00
43722,8032476,Alimemazine 10mg/5ml oral solution sugar free (Alliance Healthcare (Distribution) Ltd) [100],100.00,100,,138,59,59,1,1.00
10699,3433737,Vaniqa 11.5% cream (Almirall Ltd) [60],60.00,60,,152,42,33,1,1.00
4612,1108182,Gabapentin 400mg capsules (Teva UK Ltd) [100],100.00,100,,110,91,69,1,1.00
2883,2324564,Arthrotec 75 gastro-resistant tablets (Pfizer Ltd) [60],60.00,60,,149,60,50,1,1.00
33230,0246827,Maxijul Super Soluble powder (Nutricia Ltd) [200],200.00,200,,99,99,82,1,1.00
16994,3864493,CosmoCol Orange Lemon and Lime oral powder sachets (Stirling Anglian Pharmaceuticals Ltd) [30],30.00,30,,166,123,123,1,1.00
19480,3442845,Fresubin 2kcal Creme dessert cappuccino (Fresenius Kabi Ltd) [500],500.00,500,,187,100,90,1,1.00
12990,1164151,Carbamazepine 100mg/5ml oral suspension sugar free (Accord-UK Ltd) [300],300.00,300,,163,72,71,1,1.00
40046,8038291,Liothyronine 10microgram capsules (Alliance Healthcare (Distribution) Ltd) [28],28.00,28,,92,63,35,1,1.00
2643,2146520,Evorel 100 patches (Theramex HQ UK Ltd) [8],8.00,8,,140,105,19,1,1.00
10796,8158016,Ropinirole 500microgram tablets (Alliance Healthcare (Distribution) Ltd) [28],28.00,28,,112,64,19,1,1.00
46067,8048837,Xadago 50mg tablets (PI) (Zambon UK Ltd) [30],30.00,30,,99,44,21,1,1.00
42222,1081215,Spironolactone 25mg tablets (Accord-UK Ltd) [28],28.00,28,,106,36,18,1,1.00
38754,4170759,Instant testing strips (Roche Diabetes Care Ltd) [50],50.00,50,,59,50,46,1,1.00
45852,5401302,Dabigatran etexilate 110mg capsules (Accord-UK Ltd) [10],10.00,10,,148,86,26,1,1.00
49222,4352662,AddGluco Glucose powder (TriOn Pharma Ltd) [500],500.00,500,,180,45,210,1,1.00
26642,7148919,Phenobarbital 60mg tablets (ACT) (Alliance Healthcare (Distribution) Ltd) [28],28.00,28,,137,48,23,1,1.00
3947,2895795,Tamiflu 75mg capsules (Roche Products Ltd) [10],10.00,10,,132,52,18,1,1.00
13036,1159698,Lactulose 3.1-3.7g/5ml oral solution (Almus Pharmaceuticals Ltd) [300],300.00,300,,63,63,175,1,1.00
1479,0141895,Dermovate 0.05% ointment (GlaxoSmithKline UK Ltd) [30],30.00,30,,162,47,30,1,1.00
9966,1136449,Terbinafine 250mg tablets (Almus Pharmaceuticals Ltd) [14],14.00,14,,138,48,19,1,1.00
4445,2991511,Tritace 2.5mg tablets (Sanofi) [28],28.00,28,,89,65,19,1,1.00
6837,3086444,SpeediCath Compact catheter female 14Ch 28584 (Coloplast Ltd) [30],30.00,30,,130,97,44,1,1.00
14962,6330526,Innovace 20mg tablets (PI) (Organon Pharma (UK) Ltd) [28],28.00,28,,120,65,26,1,1.00
46898,8067274,Levocarnitine 1.5g/5ml (30%) oral solution paediatric sugar free (Alliance Healthcare (Distribution) Ltd) [40],40.00,40,,115,43,43,1,1.00
571,1083047,Quinine sulfate 300mg tablets (Accord-UK Ltd) [28],28.00,28,,135,48,23,1,1.00
7888,1110162,Amitriptyline 25mg tablets (Almus Pharmaceuticals Ltd) [28],28.00,28,,108,37,19,1,1.00
22671,1211002,Prednisolone 10mg tablets (Accord-UK Ltd) [28],28.00,28,,106,38,20,1,1.00
30222,4047684,Aloflute 25micrograms/dose / 125micrograms/dose inhaler (Viatris UK Healthcare Ltd) [120],120.00,120,,99,58,35,1,1.00
39422,1248756,WockAIR 160micrograms/dose / 4.5micrograms/dose dry powder inhaler (Wockhardt UK Ltd) [120],120.00,120,,90,71,65,1,1.00
453,7018880,Pilocarpine hydrochloride 4% eye drops (Alliance Healthcare (Distribution) Ltd) [10],10.00,10,,74,37,26,1,1.00
42370,1262179,Nitrofurantoin 100mg modified-release capsules (Advanz Pharma) [14],14.00,14,,107,69,24,1,1.00
42486,4230108,Orgovyx 120mg tablets (Accord-UK Ltd) [30],30.00,30,,115,47,52,1,1.00
1239,0399485,Noriday 350microgram tablets (Pfizer Ltd) [84],84.00,84,,94,67,18,1,1.00
12415,2834018,Renagel 800mg tablets (Sanofi) [180],180.00,180,,124,66,66,1,1.00
49543,3148343,Zonegran 25mg capsules (Advanz Pharma) [14],14.00,14,,150,62,31,1,1.00
49542,8073629,Zonegran 100mg capsules (PI) (Advanz Pharma) [56],56.00,56,,149,60,39,1,1.00
18966,3933462,Vokanamet 50mg/850mg tablets (A. Menarini Farmaceutica Internazionale SRL) [60],60.00,60,,146,71,64,1,1.00
1857,0256313,Loceryl 5% medicated nail lacquer (Galderma (UK) Ltd) [5],5.00,5,,112,79,72,1,1.00
46114,8057408,Synjardy 12.5mg/1000mg tablets (PI) (Boehringer Ingelheim Ltd) [56],56.00,56,,117,72,81,1,1.00
37506,4087417,Aeon Repair 0.15% eye drops preservative free (Rayner Pharmaceuticals Ltd) [10],10.00,10,,87,38,29,1,1.00
3111,1093236,Senna 7.5mg tablets 12 Years Plus (Accord-UK Ltd) [60],60.00,60,,88,71,34,1,1.00
14372,8451114,Fresubin Energy liquid tropical fruits (PI) (Fresenius Kabi Ltd) [200],200.00,200,,47,47,140,1,1.00
7895,1108679,Amoxicillin 500mg capsules (Almus Pharmaceuticals Ltd) [100],100.00,100,,114,51,51,1,1.00
8262,0414524,"Heparin sodium 5,000units/5ml solution for injection vials (C P Pharmaceuticals Ltd) [10]",10.00,10,,109,81,44,1,1.00
51422,0334243,Axsain 0.075% cream (Ennogen Healthcare International Ltd) [45],45.00,45,,31,166,38,1,1.00
10856,2186849,Mesna 400mg tablets (Baxter Healthcare Ltd) [10],10.00,10,,138,77,24,1,1.00
19542,6833396,Aripiprazole 30mg tablets (Alliance Healthcare (Distribution) Ltd) [28],28.00,28,,129,56,41,1,1.00
50710,8061483,Dabigatran etexilate 110mg capsules (Alliance Healthcare (Distribution) Ltd) [10],10.00,10,,148,86,26,1,1.00
3,0487918,Zocor 20mg tablets (Organon Pharma (UK) Ltd) [28],28.00,28,,95,15,50,1,1.00
9124,1132521,Doxycycline 100mg capsules (Almus Pharmaceuticals Ltd) [8],8.00,8,,129,51,25,1,1.00
7995,1110758,Lisinopril 5mg tablets (Almus Pharmaceuticals Ltd) [28],28.00,28,,118,56,17,1,1.00
46934,6335053,Tramadol 200mg modified-release tablets (Alliance Healthcare (Distribution) Ltd) [60],60.00,60,,115,46,46,1,1.00
51154,8081747,Tramadol 50mg modified-release capsules (Alliance Healthcare (Distribution) Ltd) [60],60.00,60,,60,100,70,1,1.00
2868,7027105,Terazosin 10mg tablets (Alliance Healthcare (Distribution) Ltd) [28],28.00,28,,79,57,21,1,1.00
46214,4267266,Isoket Retard 20 tablets (Forum Health Products Ltd) [60],60.00,60,,34,42,34,1,1.00
45462,1271261,Coryen 27.5micrograms/dose nasal spray (Alissa Healthcare Research Ltd) [120],120.00,120,,108,32,33,1,1.00
2443,2553436,Creon 25000 gastro-resistant capsules (Viatris UK Healthcare Ltd) [100],100.00,100,,119,65,69,1,1.00
2040,2438562,Lexpec Folic Acid 2.5mg/5ml oral solution (Rosemont Pharmaceuticals Ltd) [150],150.00,150,,136,55,55,1,1.00
36607,8096513,Systane Ultra eye drops (PI) (Alcon Eye Care UK Ltd) [10],10.00,10,,85,46,33,1,1.00
41118,4198651,Aqualube Forte 1% eye drops (TriOn Pharma Ltd) [10],10.00,10,,70,41,31,1,1.00
29679,4042826,Belladonna medicated plaster 9.5cm x 12.5cm (Cuxson Gerrard & Co Ltd) [2],2.00,2,,220,116,17,1,1.00
5208,3550803,Scholl Softgrip class II below knee stocking circular knit standard stock size open toe Extra large Natural (SSL International Plc) [2],2.00,2,,142,91,31,1,1.00
43606,8037863,Metoprolol 25mg tablets (Alliance Healthcare (Distribution) Ltd) [28],28.00,28,,104,42,27,1,1.00
44258,8944464,Simvastatin 40mg tablets (Alliance Healthcare (Distribution) Ltd) [500],500.00,500,,65,65,130,1,1.00
7991,1110030,Propranolol 40mg tablets (Almus Pharmaceuticals Ltd) [28],28.00,28,,117,50,22,1,1.00
46628,8042061,Cyanocobalamin 50microgram tablets (Alliance Healthcare (Distribution) Ltd) [50],50.00,50,,99,52,52,1,1.00
12307,8100927,Dorzolamide 20mg/ml / Timolol 5mg/ml eye drops (Alliance Healthcare (Distribution) Ltd) [5],5.00,5,,81,38,38,1,1.00
48238,8080012,Folic acid 5mg tablets (Alliance Healthcare (Distribution) Ltd) [1000],1000.00,1000,,56,56,102,1,1.00
41511,8045676,Vimpat 10mg/ml syrup (BUK) (UCB Pharma Ltd) [200],200.00,200,,161,76,75,1,1.00
2500,3108453,Seretide 125 Evohaler (GlaxoSmithKline UK Ltd) [120],120.00,120,,94,52,35,1,1.00
42838,6805683,Lyrica 100mg capsules (PI) (Viatris UK Healthcare Ltd) [84],84.00,84,,130,90,46,1,1.00
47802,8069486,Rozex 0.75% gel (PI) (Galderma (UK) Ltd) [60],60.00,60,,139,50,37,1,1.00
7891,1108646,Amoxicillin 250mg capsules (Almus Pharmaceuticals Ltd) [21],21.00,21,,108,89,18,1,1.00
200,1102888,Hydralazine 25mg tablets (Accord-UK Ltd) [56],56.00,56,,94,53,48,1,1.00
26279,8116071,Co-careldopa 12.5mg/50mg tablets (Alliance Healthcare (Distribution) Ltd) [90],90.00,90,,132,56,54,1,1.00
34183,4102091,Slenyto 1mg modified-release tablets (Flynn Pharma Ltd) [60],60.00,60,,122,52,37,1,1.00
39907,4166237,"Balance ring pessary 1.25cm thick, 80mm diameter, PVC (TriOn Pharma Ltd) [1]",1.00,1,,125,80,80,1,1.00
7848,1125103,Cinnarizine 15mg tablets (Teva UK Ltd) [84],84.00,84,,138,48,34,1,1.00
41870,6833719,NovoFine hypodermic insulin needles for pre-filled / reusable pen injectors screw on 6mm/31gauge (PI) (Novo Nordisk Ltd) [100],100.00,100,,130,73,70,1,1.00
406,2644698,Losec MUPS 10mg gastro-resistant tablets (Neon Healthcare Ltd) [28],28.00,28,,106,63,30,1,1.00
3579,0152710,Minims tropicamide 1% eye drops 0.5ml unit dose (Bausch & Lomb UK Ltd) [20],20.00,20,,87,86,86,1,1.00
3944,6826119,Fluconazole 150mg capsules (Alliance Healthcare (Distribution) Ltd) [1],1.00,1,,86,46,20,1,1.00
47103,1273580,Rivaroxaban 20mg tablets (Teva UK Ltd) [100],100.00,100,,90,55,128,1,1.00
41603,8027492,"Fultium-D3 3,200unit capsules (PI) (Internis Pharmaceuticals Ltd) [30]",30.00,30,,114,61,41,1,1.00
48631,1283688,Clindamycin 2% vaginal cream (Pfizer Ltd) [40],40.00,40,,144,80,45,1,1.00
10413,3403607,Vimpat 50mg tablets (UCB Pharma Ltd) [14],14.00,14,,107,62,31,1,1.00
29870,1210798,Codeine 60mg tablets (Almus Pharmaceuticals Ltd) [28],28.00,28,,117,63,19,1,1.00
46398,8943334,Bimatoprost 300micrograms/ml eye drops 0.4ml unit dose preservative free (Alliance Healthcare (Distribution) Ltd) [30],30.00,30,,117,76,56,1,1.00
25807,7029721,Allevyn Adhesive dressing 12.5cm x 12.5cm square (PI) (Smith & Nephew Healthcare Ltd) [10],10.00,10,,210,194,51,1,1.00
34896,3683836,Octenisan Antimicrobial wash mitts (Schulke & Mayr UK Ltd) [10],10.00,10,,20,210,140,1,1.00
15583,6813877,Cavilon No Sting barrier film foam 1ml applicator (PI) 3343P (3M Health Care Ltd) [5],5.00,5,,150,67,32,1,1.00
36623,0107086,Galfer 305mg capsules (Thornton & Ross Ltd) [250],250.00,250,,95,74,74,1,1.00
45923,4235966,AAA Ispaghula husk 3.5g effervescent granules sachets gluten free sugar free (TriOn Pharma Ltd) [30],30.00,30,,173,92,73,1,1.00
10415,3403664,Vimpat 200mg/20ml solution for infusion vials (UCB Pharma Ltd) [1],1.00,1,,81,43,42,1,1.00
48186,1278688,Alprostadil 20microgram powder and solvent for solution for injection vials (Pfizer Ltd) [1],1.00,1,,135,34,57,1,1.00
3246,2452308,Malarone 250mg/100mg tablets (GlaxoSmithKline UK Ltd) [12],12.00,12,,129,58,18,1,1.00
12303,8101099,Alverine 60mg capsules (Alliance Healthcare (Distribution) Ltd) [100],100.00,100,,79,72,56,1,1.00
7520,3166576,"Assura two piece ostomy system baseplate 13151 50mm baseplate, 15mm-45mm stoma (Coloplast Ltd) [5]",5.00,5,,147,127,40,1,1.00
33599,8414476,Femoston 2/10mg tablets (PI) (Exeltis UK Ltd) [84],84.00,84,,97,59,20,1,1.00
40567,4198875,AabChlor Sodium Chloride 5% eye drops (TriOn Pharma Ltd) [10],10.00,10,,70,41,31,1,1.00
3139,2843001,Relpax 40mg tablets (Viatris UK Healthcare Ltd) [6],6.00,6,,90,55,32,1,1.00
5033,6290654,Ramipril 2.5mg tablets (Alliance Healthcare (Distribution) Ltd) [28],28.00,28,,124,59,32,1,1.00
44242,6326250,Sulfasalazine 500mg gastro-resistant tablets (Alliance Healthcare (Distribution) Ltd) [112],112.00,112,,88,61,57,1,1.00
14110,3793965,Biatain Adhesive dressing 7.5cm x 7.5cm square (Coloplast Ltd) [10],10.00,10,,158,140,53,1,1.00
2743,0903914,"Portia ring pessary 1.25cm thick, 90mm diameter, PVC (Bray Group Ltd) [1]",1.00,1,,192,152,13,1,1.00
48500,8088221,Protopic 0.1% ointment (PI) (LEO Pharma) [60],60.00,60,,150,38,32,1,1.00
20663,3998853,Intuniv 2mg modified-release tablets (Takeda UK Ltd) [28],28.00,28,,135,65,36,1,1.00
26414,8435828,Phorpain Maximum Strength 10% gel (Alliance Healthcare (Distribution) Ltd) [50],50.00,50,,138,50,33,1,1.00
6983,3103330,Keppra 100mg/ml oral solution (UCB Pharma Ltd) [300],300.00,300,,177,92,76,1,1.00
53,7056476,Captopril 12.5mg tablets (Alliance Healthcare (Distribution) Ltd) [56],56.00,56,,120,56,25,1,1.00
51162,8062150,Voriconazole 100mg tablets (Alliance Healthcare (Distribution) Ltd) [28],28.00,28,,109,72,50,1,1.00
43658,8037723,Colesevelam 625mg tablets (Alliance Healthcare (Distribution) Ltd) [180],180.00,180,,85,85,83,1,1.00
12403,3591229,Feldene Melt 20mg tablets (Pfizer Ltd) [30],30.00,30,,130,70,25,1,1.00
268,1073618,Zopiclone 7.5mg tablets (Teva UK Ltd) [28],28.00,28,,105,42,25,1,1.00
42223,1081207,Spironolactone 50mg tablets (Accord-UK Ltd) [28],28.00,28,,116,47,18,1,1.00
18926,1102938,Bupivacaine 0.25% solution for injection 10ml Sure-Amp ampoules (Advanz Pharma) [20],20.00,20,,189,99,39,1,1.00
1603,2439529,Tegretol Prolonged Release 200mg tablets (Novartis Pharmaceuticals UK Ltd) [56],56.00,56,,105,63,56,1,1.00
2593,2464782,FemSeven 75 patches (Theramex HQ UK Ltd) [4],4.00,4,,82,80,23,1,1.00
44374,5401419,Gepretix 100mg capsules (Exeltis UK Ltd) [30],30.00,30,,100,74,23,1,1.00
41818,3711660,Juvela gluten free fibre flakes (Juvela Ltd) [300],300.00,300,,278,193,56,1,1.00
16315,3658267,Aquamax wash (Esteve Pharmaceuticals Ltd) [250],250.00,250,,220,78,49,1,1.00
12836,3641081,Movicol Liquid (Forum Health Products Ltd) [500],500.00,500,,201,81,77,1,1.00
51147,8063216,Teicoplanin 200mg powder for solution for injection vials (Alliance Healthcare (Distribution) Ltd) [1],1.00,1,,35,35,70,1,1.00
33984,1179506,Tolterodine 2mg tablets (Accord-UK Ltd) [56],56.00,56,,99,56,26,1,1.00
3475,0218297,Phosphate Sandoz effervescent tablets (Stirling Anglian Pharmaceuticals Ltd) [100],100.00,100,,174,126,34,1,1.00
521,2463339,Isotard 40XL tablets (Evolan Pharma AB) [28],28.00,28,,105,54,18,1,1.00
44642,8060162,Prednisolone 500microgram tablets (Alliance Healthcare (Distribution) Ltd) [28],28.00,28,,20,63,19,1,1.00
51178,8022972,Pregabalin 100mg tablets (Alliance Healthcare (Distribution) Ltd) [84],84.00,84,,113,94,62,1,1.00
37607,1245984,Travoprost 40micrograms/ml eye drops (Accord-UK Ltd) [2.50],2.50,0,,115,34,60,1,1.00
20624,1204049,Prednisolone 25mg tablets (Accord-UK Ltd) [56],56.00,56,,117,44,25,1,1.00
41487,8092710,Mezzopram 10mg dispersible gastro-resistant tablets (Alliance Healthcare (Distribution) Ltd) [28],28.00,28,,117,60,29,1,1.00
15500,7155393,Elocon 0.1% cream (PI) (Organon Pharma (UK) Ltd) [30],30.00,30,,135,34,27,1,1.00
1503,0406629,Dermovate 0.05% scalp application (GlaxoSmithKline UK Ltd) [100],100.00,100,,145,62,35,1,1.00
2393,0414821,Nizoral 2% cream (Thornton & Ross Ltd) [30],30.00,30,,148,39,37,1,1.00
21578,3711934,GlucoBoost 40% gel (Ennogen Healthcare International Ltd) [75],75.00,75,,142,58,33,1,1.00
8794,3241726,Fosrenol 750mg chewable tablets (Takeda UK Ltd) [90],90.00,90,,139,115,92,1,1.00
12439,3598760,Proshield Plus skin protective 8213 0300 04 (Smith & Nephew Healthcare Ltd) [115],115.00,115,,166,52,45,1,1.00
3276,2412948,Sandrena 1mg gel sachets (Orion Pharma (UK) Ltd) [91],91.00,91,,106,87,80,1,1.00
47303,4285532,Yselty 100mg tablets (Theramex HQ UK Ltd) [28],28.00,28,,25,65,132,1,1.00
36692,8018335,Cosopt iMulti 20mg/ml / 5mg/ml eye drops preservative free (PI) (Santen UK Ltd) [10],10.00,10,,99,51,50,1,1.00
7887,1110170,Amitriptyline 10mg tablets (Almus Pharmaceuticals Ltd) [28],28.00,28,,108,36,19,1,1.00
153,8457129,Naftidrofuryl 100mg capsules (Alliance Healthcare (Distribution) Ltd) [84],84.00,84,,126,50,33,1,1.00
33678,8001737,Inegy 10mg/40mg tablets (PI) (Organon Pharma (UK) Ltd) [30],30.00,30,,101,52,34,1,1.00
48570,1282631,Medroxyprogesterone 200mg tablets (Pfizer Ltd) [30],30.00,30,,29,63,113,1,1.00
14979,7026990,Topamax 200mg tablets (PI) (Janssen-Cilag Ltd) [60],60.00,60,,84,45,46,1,1.00
11932,8439069,Azithromycin 200mg/5ml oral suspension (Alliance Healthcare (Distribution) Ltd) [30],30.00,30,,132,71,53,1,1.00
10803,8158321,Valaciclovir 500mg tablets (Alliance Healthcare (Distribution) Ltd) [42],42.00,42,,86,69,54,1,1.00
13896,3716701,Forxiga 5mg tablets (AstraZeneca UK Ltd) [28],28.00,28,,150,74,32,1,1.00
12416,3580248,Renvela 800mg tablets (Sanofi) [180],180.00,180,,124,66,66,1,1.00
1832,1103290,Lisinopril 20mg tablets (Teva UK Ltd) [28],28.00,28,,137,48,23,1,1.00
17534,6348262,Eplerenone 25mg tablets (Alliance Healthcare (Distribution) Ltd) [28],28.00,28,,119,51,21,1,1.00
19958,1203033,Metformin 500mg modified-release tablets (Almus Pharmaceuticals Ltd) [28],28.00,28,,168,63,26,1,1.00
1643,2343861,Elocon 0.1% cream (Organon Pharma (UK) Ltd) [100],100.00,100,,197,47,43,1,1.00
1704,2713287,Neurontin 600mg tablets (Viatris UK Healthcare Ltd) [100],100.00,100,,129,80,51,1,1.00
14079,1181676,Montelukast 10mg tablets (Teva UK Ltd) [28],28.00,28,,99,62,31,1,1.00
29940,6330302,Allevyn Adhesive dressing 10cm x 10cm square (PI) (Smith & Nephew Healthcare Ltd) [10],10.00,10,,194,162,50,1,1.00
15307,1175405,Lymecycline 408mg capsules (Teva UK Ltd) [28],28.00,28,,156,86,55,1,1.00
4372,2896942,Doxadura 4mg tablets (Dexcel-Pharma Ltd) [28],28.00,28,,100,65,18,1,1.00
51126,4365094,Estradot Conti 40/130 transdermal patches (Sandoz Ltd) [8],8.00,8,,30,116,98,1,1.00
26210,1081579,Levothyroxine sodium 50microgram tablets (Teva UK Ltd) [28],28.00,28,,106,44,21,1,1.00
44559,8389843,"Colecalciferol 1,000unit tablets (NoPL) (Alliance Healthcare (Distribution) Ltd) [28]",28.00,28,,54,53,61,1,1.00
5716,0243592,"Conveen Contour non-sterile leg bag 5170 600ml bag, adjustable tube (Coloplast Ltd) [10]",10.00,10,,283,191,57,1,1.00
48607,8091456,Colecalciferol 400unit tablets (Special Order) [30],30.00,30,,60,34,34,1,1.00
18844,8423105,Tegretol Prolonged Release 400mg tablets (PI) (Novartis Pharmaceuticals UK Ltd) [60],60.00,60,,77,98,73,1,1.00
3207,0319061,Salactol paint (Dermal Laboratories Ltd) [10],10.00,10,,80,36,31,1,1.00
14232,6273114,Fortini Multi Fibre liquid vanilla (PI) (Nutricia Ltd) [200],200.00,200,,56,56,129,1,1.00
16698,3886280,DuoResp Spiromax 320micrograms/dose / 9micrograms/dose dry powder inhaler (Teva UK Ltd) [60],60.00,60,,178,79,48,1,1.00
41518,8011694,Keppra 250mg tablets (BUK) (UCB Pharma Ltd) [60],60.00,60,,112,56,59,1,1.00
36671,8005076,Vitamin B compound strong tablets (NoPL) (Alliance Healthcare (Distribution) Ltd) [1000],1000.00,1000,,118,74,74,1,1.00
3176,2390219,Imigran 20mg nasal spray (GlaxoSmithKline UK Ltd) [2],2.00,2,,129,89,36,1,1.00
32831,1209055,Montelukast 5mg chewable tablets sugar free (Accord-UK Ltd) [28],28.00,28,,136,76,23,1,1.00
21184,8071284,Pregabalin 300mg capsules (Alliance Healthcare (Distribution) Ltd) [56],56.00,56,,165,89,60,1,1.00
9123,1134121,Doxycycline 50mg capsules (Almus Pharmaceuticals Ltd) [28],28.00,28,,113,72,22,1,1.00
12360,1156298,Amisulpride 100mg tablets (Almus Pharmaceuticals Ltd) [60],60.00,60,,114,51,33,1,1.00
22857,4019568,Enstilar 50micrograms/g / 0.5 mg/g cutaneous foam (LEO Pharma) [60],60.00,60,,189,64,54,1,1.00
47970,8067738,Primidone 50mg tablets (DAWA) (Alliance Healthcare (Distribution) Ltd) [100],100.00,100,,75,50,45,1,1.00
6755,6834725,Permethrin 5% cream (Alliance Healthcare (Distribution) Ltd) [30],30.00,30,,144,43,29,1,1.00
1872,0103218,Forceval capsules (Alliance Pharmaceuticals Ltd) [30],30.00,30,,134,85,40,1,1.00
13479,6291900,Zolmitriptan 2.5mg orodispersible tablets sugar free (Alliance Healthcare (Distribution) Ltd) [6],6.00,6,,95,55,18,1,1.00
42140,1220268,Rosuvastatin 5mg tablets (Accord-UK Ltd) [28],28.00,28,,128,77,24,1,1.00
16511,1187251,Haloperidol 5mg/1ml solution for injection ampoules (Advanz Pharma) [10],10.00,10,,108,101,26,1,1.00
15168,8384711,Nabumetone 500mg tablets (Alliance Healthcare (Distribution) Ltd) [56],56.00,56,,101,50,50,1,1.00
15662,3811304,Ganfort 0.3mg/ml / 5mg/ml eye drops 0.4ml unit dose (AbbVie Ltd) [30],30.00,30,,109,106,61,1,1.00
50342,1284306,Dapagliflozin 5mg tablets (Teva UK Ltd) [28],28.00,28,,0,0,0,1,1.00
6528,0137943,Bactigras gauze dressing 5cm x 5cm (Smith & Nephew Healthcare Ltd) [50],50.00,50,,120,79,61,1,1.00
30114,4045605,Eylamdo 20mg/ml / 5mg/ml eye drops (Aspire Pharma Ltd) [5],5.00,5,,82,30,30,1,1.00
26983,4038113,Qtern 5mg/10mg tablets (AstraZeneca UK Ltd) [28],28.00,28,,150,74,32,1,1.00
48624,8125825,Nasonex 50micrograms/dose nasal spray (PI) (Organon Pharma (UK) Ltd) [140],140.00,140,,102,42,31,1,1.00
7855,3190535,Metrosa 0.75% gel (Beaumont Pharma Ltd) [30],30.00,30,,152,36,26,1,1.00
9352,3285004,Advagraf 5mg modified-release capsules (Astellas Pharma Ltd) [50],50.00,50,,157,76,62,1,1.00
39862,8027476,Briviact 10mg/ml oral solution (PI) (UCB Pharma Ltd) [300],300.00,300,,167,88,72,1,1.00
34098,4098620,Soprobec 50micrograms/dose inhaler (Glenmark Pharmaceuticals Europe Ltd) [200],200.00,200,,109,50,36,1,1.00
37212,8026890,Glydex 160mg tablets (Alliance Healthcare (Distribution) Ltd) [28],28.00,28,,121,65,19,1,1.00
17814,3815578,Ultibro Breezhaler 85microgram/43microgram inhalation powder capsules with device (Novartis Pharmaceuticals UK Ltd) [30],30.00,30,,151,93,59,1,1.00
15183,8383200,Mylife Clickfine hypodermic insulin needles for pre-filled / reusable pen injectors snap on 8mm/31gauge (PI) (Pikdare S.p.A.) [100],100.00,100,,145,95,53,1,1.00
38932,8033938,Sereflo 25micrograms/dose / 250micrograms/dose inhaler (PI) (Cipla EU Ltd) [120],120.00,120,,153,82,42,1,1.00
13203,8466229,Valsartan 80mg capsules (Alliance Healthcare (Distribution) Ltd) [28],28.00,28,,107,65,37,1,1.00
10656,1146430,Heparin sodium 50units/5ml I.V. flush solution ampoules (C P Pharmaceuticals Ltd) [10],10.00,10,,115,90,42,1,1.00
44274,1228766,Fenofibrate micronised 267mg capsules (Accord-UK Ltd) [28],28.00,28,,83,68,41,1,1.00
31690,1219963,Sildenafil 100mg tablets (Almus Pharmaceuticals Ltd) [8],8.00,8,,106,42,22,1,1.00
7564,6336507,Lamotrigine 25mg tablets (Alliance Healthcare (Distribution) Ltd) [56],56.00,56,,118,48,31,1,1.00
46626,4268058,Dexcom One+ Sensor (Dexcom International Ltd) [1],1.00,1,,80,66,66,1,1.00
15148,1066216,Isosorbide mononitrate 20mg tablets (Teva UK Ltd) [56],56.00,56,,137,47,22,1,1.00
40436,4194049,Avenor 25micrograms/dose / 250micrograms/dose inhaler (Zentiva Pharma UK Ltd) [120],120.00,120,,42,92,56,1,1.00
167,0011940,Betoptic 0.5% eye drops (Immedica Pharma AB) [5],5.00,5,,86,36,36,1,1.00
3904,6332431,Vancomycin 250mg capsules (Alliance Healthcare (Distribution) Ltd) [28],28.00,28,,109,70,37,1,1.00
50758,8030868,Levomepromazine 25mg tablets (Alliance Healthcare (Distribution) Ltd) [84],84.00,84,,105,50,32,1,1.00
31897,1179100,Quetiapine 25mg tablets (Accord-UK Ltd) [60],60.00,60,,110,38,38,1,1.00
6428,0391243,Emla 5% cream (Aspen Pharma Trading Ltd) [30],30.00,30,,158,41,31,1,1.00
46994,1266469,Progesterone micronised 100mg capsules (Accord-UK Ltd) [30],30.00,30,,128,63,45,1,1.00
45632,8051724,Levetiracetam 500mg granules for oral solution sachets sugar free (Alliance Healthcare (Distribution) Ltd) [60],60.00,60,,107,107,88,1,1.00
37528,4149134,Evolve Revive eye drops preservative free (Medicom Healthcare Ltd) [10],10.00,10,,83,30,30,1,1.00
9191,0731547,Iodoflex paste dressing (Smith & Nephew Healthcare Ltd) [25],25.00,25,,118,86,25,1,1.00
15461,8385346,Rizatriptan 10mg orodispersible tablets sugar free (Alliance Healthcare (Distribution) Ltd) [3],3.00,3,,94,64,22,1,1.00
50783,8043218,Midazolam 7.5mg/1.5ml oromucosal solution pre-filled oral syringes sugar free (Alliance Healthcare (Distribution) Ltd) [4],4.00,4,,161,75,74,1,1.00
31797,4049995,AproDerm ointment (GB) (Fontus Health Ltd) [500],500.00,500,,113,104,104,1,1.00
812,0293480,Tubigrip bandage 10cm size F (Molnlycke Health Care Ltd) [1],1.00,1,,154,76,45,1,1.00
37234,8018376,Lucette 0.03mg/3mg tablets (PI) (Gedeon Richter (UK) Ltd) [63],63.00,63,,123,62,41,1,1.00
14580,8384034,Istin 10mg tablets (PI) (Viatris UK Healthcare Ltd) [28],28.00,28,,126,50,28,1,1.00
12192,8461600,Ondansetron 4mg orodispersible tablets (Alliance Healthcare (Distribution) Ltd) [10],10.00,10,,143,65,17,1,1.00
8123,3208667,BioXtra Dry Mouth Gel Mouthspray (R.I.S. Products Ltd) [50],50.00,50,,116,42,42,1,1.00
14257,3786332,Fortini 1.0 Multi Fibre liquid banana (Nutricia Ltd) [200],200.00,200,,127,55,55,1,1.00
51151,8081762,Tramadol 100mg modified-release capsules (Alliance Healthcare (Distribution) Ltd) [60],60.00,60,,60,100,70,1,1.00
14917,6329650,Levothyroxine sodium 50micrograms/5ml oral solution sugar free (Alliance Healthcare (Distribution) Ltd) [100],100.00,100,,137,59,59,1,1.00
244,1088285,Flecainide 50mg tablets (Accord-UK Ltd) [60],60.00,60,,105,37,35,1,1.00
50938,4361788,Rybelsus 4mg tablets (Novo Nordisk Ltd) [30],30.00,30,,130,57,37,1,1.00
46668,8057986,Aqueous cream (Alliance Healthcare (Distribution) Ltd) [500],500.00,500,,103,103,109,1,1.00
47288,1117928,Felodipine 5mg modified-release tablets (Almus Pharmaceuticals Ltd) [28],28.00,28,,104,42,35,1,1.00
12267,1149640,Lansoprazole 30mg gastro-resistant capsules (Almus Pharmaceuticals Ltd) [28],28.00,28,,97,76,36,1,1.00
185,7111669,Furosemide 500mg tablets (Alliance Healthcare (Distribution) Ltd) [28],28.00,28,,139,60,21,1,1.00
3237,8092033,Simple linctus sugar free (Alliance Healthcare (Distribution) Ltd) [200],200.00,200,,110,110,276,1,1.00
9569,3298726,Zydol SR 50mg tablets (Grunenthal Ltd) [60],60.00,60,,104,44,40,1,1.00
4188,2886828,Opatanol 1mg/ml eye drops (Novartis Pharmaceuticals UK Ltd) [5],5.00,5,,72,29,29,1,1.00
15474,8387284,Hylo-Tear 0.1% eye drops preservative free (PI) (Scope Ophthalmics Ltd) [10],10.00,10,,112,38,41,1,1.00
1912,7102643,Chlorphenamine 2mg/5ml oral solution sugar free (Alliance Healthcare (Distribution) Ltd) [150],150.00,150,,140,69,56,1,1.00
45984,6331730,Hydroxyzine 10mg tablets (Alliance Healthcare (Distribution) Ltd) [84],84.00,84,,83,52,29,1,1.00
12935,3581402,Octasa 800mg MR gastro-resistant tablets (Tillotts Pharma UK Ltd) [180],180.00,180,,165,95,66,1,1.00
7305,1105758,Mirtazapine 15mg/ml oral solution sugar free (Rosemont Pharmaceuticals Ltd) [66],66.00,66,,155,77,45,1,1.00
12529,8157372,Nicorandil 10mg tablets (Alliance Healthcare (Distribution) Ltd) [60],60.00,60,,121,52,32,1,1.00
43329,8157489,Venlafaxine 75mg modified-release capsules (Alliance Healthcare (Distribution) Ltd) [28],28.00,28,,115,65,23,1,1.00
11976,3552510,LoFric catheter female non PVC 12Ch 4031225 20cm (Wellspect HealthCare) [30],30.00,30,,346,192,55,1,1.00
27206,1216597,Chloramphenicol 1g powder for solution for injection vials (Essential Pharma Ltd) [1],1.00,1,,69,32,32,1,1.00
30424,8385031,Briviact 100mg tablets (PI) (UCB Pharma Ltd) [56],56.00,56,,112,59,39,1,1.00
13696,6358923,Prednisolone sodium phosphate 5mg suppositories (Alliance Healthcare (Distribution) Ltd) [10],10.00,10,,112,61,30,1,1.00
803,0178160,Micropore tape 1.25cm (3M Health Care Ltd) [5],5.00,5,,56,56,19,1,1.00
11817,1133065,Omeprazole 40mg gastro-resistant capsules (Teva UK Ltd) [28],28.00,28,,108,77,42,1,1.00
51001,8089872,Dapagliflozin 10mg tablets (Alliance Healthcare (Distribution) Ltd) [28],28.00,28,,134,77,22,1,1.00
13213,1165950,Buspirone 10mg tablets (Almus Pharmaceuticals Ltd) [30],30.00,30,,105,45,24,1,1.00
12444,8127557,Pramipexole 88microgram tablets (Alliance Healthcare (Distribution) Ltd) [30],30.00,30,,116,50,22,1,1.00
33022,4074217,Yaltormin SR 750mg tablets (Wockhardt UK Ltd) [28],28.00,28,,101,96,25,1,1.00
794,2684033,Mefix tape 2.5cm (Molnlycke Health Care Ltd) [5],5.00,5,,61,58,26,1,1.00
9752,3337581,LimbO limb protector adult half leg slim build standard MP76 (Thesis Technology Products and Services Ltd) [1],1.00,1,,222,158,26,1,1.00
3911,0791012,Lidocaine 5% ointment (Teva UK Ltd) [15],15.00,15,,122,33,22,1,1.00
3561,0180778,Minims pilocarpine nitrate 2% eye drops 0.5ml unit dose (Bausch & Lomb UK Ltd) [20],20.00,20,,88,88,87,1,1.00
43681,8000218,Vardenafil 5mg tablets (Alliance Healthcare (Distribution) Ltd) [4],4.00,4,,69,53,22,1,1.00
2517,2313153,Zumenon 1mg tablets (Exeltis UK Ltd) [84],84.00,84,,97,59,20,1,1.00
13505,1172659,Candesartan 8mg tablets (Teva UK Ltd) [28],28.00,28,,138,48,17,1,1.00
48130,4337051,Magnaspartate 243mg (magnesium 10mmol) oral powder sachets (KoRa Healthcare) [20],20.00,20,,145,65,104,1,1.00
14398,8121113,Januvia 50mg tablets (PI) (Merck Sharp & Dohme (UK) Ltd) [28],28.00,28,,99,52,25,1,1.00
43676,6819767,Trazodone 100mg/5ml oral solution sugar free (Alliance Healthcare (Distribution) Ltd) [120],120.00,120,,145,55,53,1,1.00
20523,0436964,Tegretol 100mg/5ml liquid (Novartis Pharmaceuticals UK Ltd) [300],300.00,300,,166,68,67,1,1.00
7673,3172780,Hydromol Bath & Shower emollient (Alliance Pharmaceuticals Ltd) [500],500.00,500,,69,69,194,1,1.00
15269,6827018,Serevent 25micrograms/dose Evohaler (PI) (GlaxoSmithKline UK Ltd) [120],120.00,120,,92,53,35,1,1.00
10773,3432549,Epaderm cream (Molnlycke Health Care Ltd) [500],500.00,500,,80,80,211,1,1.00
2509,2270890,Elleste Solo 2mg tablets (Exeltis UK Ltd) [84],84.00,84,,97,66,21,1,1.00
21190,8071250,Pregabalin 100mg capsules (Alliance Healthcare (Distribution) Ltd) [84],84.00,84,,133,71,60,1,1.00
5106,2590446,Activa class I below knee stocking circular knit standard stock size closed toe Medium Sand (L&R Medical UK Ltd) [2],2.00,2,,167,116,33,1,1.00
39064,8034720,"Adrenaline (base) 1mg/1ml (1 in 1,000) solution for injection ampoules (Martindale Pharmaceuticals Ltd) [10]",10.00,10,,287,153,21,1,1.00
22663,8113631,Fortisip Compact Protein liquid mocha (PI) (Nutricia Ltd) [500],500.00,500,,108,107,107,1,1.00
4231,2967594,Colomycin 2million unit powder for solution for injection vials (Teva UK Ltd) [10],10.00,10,,122,63,54,1,1.00
44249,8015315,Bimatoprost 100micrograms/ml eye drops (Alliance Healthcare (Distribution) Ltd) [3],3.00,3,,90,43,48,1,1.00
7965,1110063,Gliclazide 80mg tablets (Almus Pharmaceuticals Ltd) [28],28.00,28,,118,52,17,1,1.00
1405,2342467,ReQuip 2mg tablets (GlaxoSmithKline UK Ltd) [84],84.00,84,,130,59,28,1,1.00
44454,1061936,Gliclazide 80mg tablets (Accord-UK Ltd) [28],28.00,28,,108,38,20,1,1.00
1830,0926683,Oilatum Emollient (Thornton & Ross Ltd) [500],500.00,500,,89,48,210,1,1.00
27064,1159359,Ibuprofen and Codeine 200mg/12.8mg tablets (Almus Pharmaceuticals Ltd) [32],32.00,32,,107,71,32,1,1.00
14707,7102239,Oxis 6 Turbohaler (PI) (AstraZeneca UK Ltd) [60],60.00,60,,125,51,50,1,1.00
596,0372755,Fucidin 20mg/g cream (LEO Pharma) [30],30.00,30,,125,36,35,1,1.00
16673,2949196,Fast Aid zinc oxide adhesive tape 5cm (Robinson Healthcare) [5],5.00,5,,58,55,55,1,1.00
27485,8128894,Aveeno cream (PI) (Kenvue UK Ltd) [300],300.00,300,,211,84,53,1,1.00
50941,4361846,Rybelsus 9mg tablets (Novo Nordisk Ltd) [30],30.00,30,,130,57,37,1,1.00
46526,8100075,Olive oil ear drops (Alliance Healthcare (Distribution) Ltd) [10],10.00,10,,72,31,31,1,1.00
1430,0485227,Betnovate RD 0.025% ointment (GlaxoSmithKline UK Ltd) [100],100.00,100,,168,51,40,1,1.00
7644,0162792,Volumatic (GlaxoSmithKline UK Ltd) [1],1.00,1,,174,101,102,1,1.00
2607,0029488,Betnovate 0.1% ointment (GlaxoSmithKline UK Ltd) [30],30.00,30,,151,34,27,1,1.00
2727,2900462,Elidel 1% cream (Viatris UK Healthcare Ltd) [30],30.00,30,,146,41,36,1,1.00
42177,8008393,Adizem-XL 120mg capsules (PI) (Napp Pharmaceuticals Ltd) [28],28.00,28,,110,74,22,1,1.00
51317,8090524,Raporsin XL 4mg tablets (Alliance Healthcare (Distribution) Ltd) [28],28.00,28,,90,68,30,1,1.00
1648,2469104,Singulair 10mg tablets (Organon Pharma (UK) Ltd) [28],28.00,28,,115,70,35,1,1.00
13302,3686243,Fultium-D3 800unit capsules (Thornton & Ross Ltd) [30],30.00,30,,104,61,19,1,1.00
13562,3715117,Fortisip Compact Protein liquid mocha (Nutricia Ltd) [500],500.00,500,,107,106,107,1,1.00
45816,4232534,SunVit-Pro Calcium carbonate 2.5g chewable tablets (SunVit-D3 Ltd) [60],60.00,60,,59,58,101,1,1.00
34895,8016768,Nitrofurantoin 100mg capsules (Alliance Healthcare (Distribution) Ltd) [30],30.00,30,,104,44,30,1,1.00
2159,2670552,NovoFine hypodermic insulin needles for pre-filled / reusable pen injectors screw on 6mm/31gauge (Novo Nordisk Ltd) [100],100.00,100,,130,73,70,1,1.00
45753,8032914,Prucalopride 1mg tablets (Alliance Healthcare (Distribution) Ltd) [28],28.00,28,,138,63,29,1,1.00
48159,1276344,Clobetasol 0.05% ointment (Accord-UK Ltd) [30],30.00,30,,28,123,36,1,1.00
2684,0769521,Water for injections 10ml ampoules (Alliance Healthcare (Distribution) Ltd) [10],10.00,10,,106,118,45,1,1.00
46426,8056376,Eletriptan 20mg tablets (Alliance Healthcare (Distribution) Ltd) [6],6.00,6,,23,95,50,1,1.00
1998,0171355,Vermox 100mg chewable tablets (Janssen-Cilag Ltd) [6],6.00,6,,101,41,26,1,1.00
29872,8154437,Levofloxacin 5mg/ml eye drops (Alliance Healthcare (Distribution) Ltd) [5],5.00,5,,80,42,42,1,1.00
51307,8461709,Puroptics Hypromellose 0.3% eye drops (Alliance Healthcare (Distribution) Ltd) [10],10.00,10,,69,33,29,1,1.00
487,7013329,Flucloxacillin 125mg/5ml oral solution (Alliance Healthcare (Distribution) Ltd) [100],100.00,100,,178,80,58,1,1.00
43313,4186482,AcuSal 5% eye drops preservative free (Essential-Healthcare Ltd) [10],10.00,10,,29,29,76,1,1.00
15271,8128183,Labetalol 200mg tablets (Alliance Healthcare (Distribution) Ltd) [56],56.00,56,,116,48,37,1,1.00
14984,8384729,Nootropil 1200mg tablets (PI) (Advanz Pharma) [60],60.00,60,,111,60,56,1,1.00
48498,8088155,Fucibet cream (PI) (LEO Pharma) [30],30.00,30,,124,36,34,1,1.00
9150,1134725,Sotalol 160mg tablets (Almus Pharmaceuticals Ltd) [28],28.00,28,,118,51,17,1,1.00
47688,8071896,Nefopam 60mg tablets (Alliance Healthcare (Distribution) Ltd) [60],60.00,60,,22,105,48,1,1.00
36367,6351514,Tildiem LA 300 capsules (PI) (Sanofi) [28],28.00,28,,129,67,31,1,1.00
7975,1110899,Simvastatin 10mg tablets (Almus Pharmaceuticals Ltd) [28],28.00,28,,112,48,21,1,1.00
37029,4156808,FerroDose-F 305mg capsules (TriOn Pharma Ltd) [100],100.00,100,,86,48,48,1,1.00
50567,8113011,Tacrolimus 0.03% ointment (Alliance Healthcare (Distribution) Ltd) [60],60.00,60,,45,140,45,1,1.00
27184,4029104,ColeKal-D3 800unit tablets (Essential-Healthcare Ltd) [30],30.00,30,,102,48,19,1,1.00
26170,4027520,AproDerm barrier cream (GB) (Fontus Health Ltd) [30],30.00,30,,143,41,28,1,1.00
2966,0448050,Avomine 25mg tablets (Manx Healthcare Ltd) [28],28.00,28,,107,75,20,1,1.00
9833,1137165,Fuzatal XL 10mg tablets (Teva UK Ltd) [30],30.00,30,,137,48,17,1,1.00
39475,6328389,Cosopt 20mg/ml / 5mg/ml eye drops (PI) (Santen UK Ltd) [5],5.00,5,,88,46,45,1,1.00
32575,3285160,Loprofin low protein breakfast flakes chocolate (Nutricia Ltd) [375],375.00,375,,244,166,63,1,1.00
2401,7164478,Ketoconazole 2% shampoo (Alliance Healthcare (Distribution) Ltd) [120],120.00,120,,127,52,52,1,1.00
14978,8385916,Sinemet 25mg/250mg tablets (PI) (Organon Pharma (UK) Ltd) [100],100.00,100,,138,61,54,1,1.00
8400,3237773,FreeStyle Optium beta-ketone testing strips 78841-01 (Abbott Laboratories Ltd) [10],10.00,10,,117,66,25,1,1.00
43618,8000226,Vardenafil 10mg tablets (Alliance Healthcare (Distribution) Ltd) [4],4.00,4,,69,53,22,1,1.00
2598,2702751,Bactroban 2% cream (GlaxoSmithKline UK Ltd) [15],15.00,15,,126,35,28,1,1.00
8161,2324283,Oilatum Junior cream (Thornton & Ross Ltd) [500],500.00,500,,71,71,210,1,1.00
45291,8045148,Budesonide 3mg gastro-resistant modified-release capsules (Alliance Healthcare (Distribution) Ltd) [100],100.00,100,,94,62,61,1,1.00
228,1088277,Flecainide 100mg tablets (Accord-UK Ltd) [60],60.00,60,,118,47,46,1,1.00
31681,1217777,Montelukast 4mg granules sachets sugar free (Almus Pharmaceuticals Ltd) [28],28.00,28,,130,78,51,1,1.00
138,2281533,Physiotens 200microgram tablets (Viatris UK Healthcare Ltd) [28],28.00,28,,99,77,20,1,1.00
26148,8118127,Aripiprazole 1mg/ml oral solution (Alliance Healthcare (Distribution) Ltd) [150],150.00,150,,152,77,59,1,1.00
34894,8016776,Nitrofurantoin 50mg capsules (Alliance Healthcare (Distribution) Ltd) [30],30.00,30,,107,46,31,1,1.00
6978,3103348,Keppra 750mg tablets (UCB Pharma Ltd) [60],60.00,60,,112,91,57,1,1.00
27949,4047767,"InVita D3 25,000unit capsules (Consilient Health Ltd) [3]",3.00,3,,85,53,21,1,1.00
21659,8442063,Sodium fluoride 0.619% dental paste sugar free (Alliance Healthcare (Distribution) Ltd) [75],75.00,75,,199,49,36,1,1.00
1264,2175511,Diclomax SR 75mg capsules (Galen Ltd) [56],56.00,56,,156,79,38,1,1.00
47057,8443129,Cardura XL 8mg tablets (PI) (Viatris UK Healthcare Ltd) [28],28.00,28,,142,74,42,1,1.00
13742,3739380,Allevyn Life dressing 15.4cm x 15.4cm (Smith & Nephew Healthcare Ltd) [10],10.00,10,,209,194,78,1,1.00
42192,1125582,Dihydrocodeine 30mg tablets (Accord-UK Ltd) [30],30.00,30,,116,47,26,1,1.00
45490,5400726,Contulen 50mg tablets (HFA Healthcare Ltd) [28],28.00,28,,111,59,20,1,1.00
2466,8095812,Paracetamol 500mg suppositories (Alliance Healthcare (Distribution) Ltd) [10],10.00,10,,97,57,19,1,1.00
38745,4175428,Biquelle XL 300mg tablets (Aspire Pharma Ltd) [30],30.00,30,,103,65,41,1,1.00
34595,4101515,VIZcellose 1% eye drops preservative free (East Midlands Pharma Ltd) [10],10.00,10,,50,29,72,1,1.00
7916,1097385,Atenolol 25mg tablets (Almus Pharmaceuticals Ltd) [28],28.00,28,,118,50,17,1,1.00
6713,3545506,Urgotul dressing 10cm x 10cm (Urgo Ltd) [10],10.00,10,,171,141,21,1,1.00
9230,2991826,Cardioplen XL 2.5mg tablets (Chiesi Ltd) [28],28.00,28,,154,67,30,1,1.00
14884,3748480,Nutilis Fruit Dessert Level 4 apple (Nutricia Ltd) [450],450.00,450,,284,94,47,1,1.00
21192,8096489,Frovatriptan 2.5mg tablets (Alliance Healthcare (Distribution) Ltd) [6],6.00,6,,102,50,24,1,1.00
7178,7120272,Co-codamol 30mg/500mg capsules (Alliance Healthcare (Distribution) Ltd) [100],100.00,100,,90,88,68,1,1.00
20061,3979598,"Thorens 25,000units/2.5ml oral solution (Galen Ltd) [2.50]",2.50,0,,78,37,37,1,1.00
26639,1209667,Phenobarbital 15mg tablets (Accord-UK Ltd) [28],28.00,28,,108,38,19,1,1.00
1064,2304004,Tensipine MR 20 tablets (Genus Pharmaceuticals Ltd) [56],56.00,56,,94,42,27,1,1.00
24729,4025987,Vensir XL 225mg capsules (Morningside Healthcare Ltd) [28],28.00,28,,127,81,27,1,1.00
13174,3691318,Omnican Fine hypodermic insulin needles for pre-filled / reusable pen injectors screw on 6mm/31gauge (B.Braun Medical Ltd) [100],100.00,100,,133,75,72,1,1.00
43696,8004608,Isotretinoin 5mg capsules (Alliance Healthcare (Distribution) Ltd) [56],56.00,56,,123,59,47,1,1.00
27208,1178425,Clarithromycin 250mg tablets (Accord-UK Ltd) [14],14.00,14,,102,87,19,1,1.00
12258,1151752,Mefenamic acid 500mg tablets (Almus Pharmaceuticals Ltd) [28],28.00,28,,138,77,30,1,1.00
40417,8041097,Rosuvastatin 5mg capsules (Alliance Healthcare (Distribution) Ltd) [28],28.00,28,,123,95,41,1,1.00
10412,3403656,Vimpat 200mg tablets (UCB Pharma Ltd) [56],56.00,56,,108,63,32,1,1.00
7816,3193711,Algivon dressing 5cm x 5cm (Advancis Medical) [5],5.00,5,,161,136,26,1,1.00
48561,1283704,Clindamycin 1% aqueous lotion (Pfizer Ltd) [60],60.00,60,,40,42,111,1,1.00
1542,7013469,Alfacalcidol 1microgram capsules (Alliance Healthcare (Distribution) Ltd) [30],30.00,30,,66,53,52,1,1.00
44532,1264605,Metformin 500mg tablets (Accord-UK Ltd) [1000],1000.00,1000,,80,80,170,1,1.00
40044,8038309,Liothyronine 5microgram capsules (Alliance Healthcare (Distribution) Ltd) [28],28.00,28,,92,62,35,1,1.00
2866,2351872,GelTears 0.2% gel (Bausch & Lomb UK Ltd) [10],10.00,10,,108,29,21,1,1.00
10387,3399441,Ebixa tablets treatment initiation pack (Lundbeck Ltd) [28],28.00,28,,146,70,20,1,1.00
27492,0488700,Otosporin ear drops (Phoenix Labs Ltd) [10],10.00,10,,102,44,41,1,1.00
13264,3676038,Mylife Safety lancets 0.36mm/28gauge (Pikdare S.p.A.) [200],200.00,200,,100,150,80,1,1.00
43781,4241329,Codimaz 20mg/ml / 5mg/ml eye drops (Scope Ophthalmics Ltd) [5],5.00,5,,31,31,76,1,1.00
3078,0437947,Locoid 0.1% cream (Neon Healthcare Ltd) [100],100.00,100,,186,52,37,1,1.00
20600,8459398,Trimethoprim 200mg tablets (Alliance Healthcare (Distribution) Ltd) [6],6.00,6,,115,46,17,1,1.00
11832,3515517,Tardisc XL 60 tablets (Dexcel-Pharma Ltd) [28],28.00,28,,103,45,24,1,1.00
1562,2671311,One-Alpha 0.5microgram capsules (Neon Healthcare Ltd) [30],30.00,30,,97,59,31,1,1.00
7744,2393635,K-Lite bandage 10cm x 4.5m (Urgo Ltd) [1],1.00,1,,159,57,53,1,1.00
15460,8385395,Rizatriptan 10mg tablets (Alliance Healthcare (Distribution) Ltd) [3],3.00,3,,91,40,22,1,1.00
14536,6277685,Telmisartan 20mg tablets (Alliance Healthcare (Distribution) Ltd) [28],28.00,28,,135,57,27,1,1.00
46689,8063000,Viazem XL 240mg capsules (PI) (Thornton & Ross Ltd) [28],28.00,28,,1,1,1,1,1.00
7958,1115898,Tramadol 50mg capsules (Almus Pharmaceuticals Ltd) [100],100.00,100,,137,57,48,1,1.00
9829,8455370,Desmopressin 200microgram tablets (Alliance Healthcare (Distribution) Ltd) [30],30.00,30,,80,45,45,1,1.00
51240,8050205,Rosuvastatin 30mg tablets (Alliance Healthcare (Distribution) Ltd) [28],28.00,28,,30,84,30,1,1.00
8282,3106473,Adartrel 2mg tablets (GlaxoSmithKline UK Ltd) [28],28.00,28,,130,58,19,1,1.00
7944,1110972,Warfarin 5mg tablets (Almus Pharmaceuticals Ltd) [28],28.00,28,,120,52,17,1,1.00
36116,6330609,Saline 0.9% nebuliser liquid 2.5ml Steri-Neb unit dose ampoules (Alliance Healthcare (Distribution) Ltd) [20],20.00,20,,125,94,65,1,1.00
14736,7026503,Nebilet 5mg tablets (PI) (A. Menarini Farmaceutica Internazionale SRL) [28],28.00,28,,110,48,20,1,1.00
33921,8414708,Setofilm 4mg orodispersible films (PI) (Norgine Pharmaceuticals Ltd) [10],10.00,10,,82,56,25,1,1.00
2142,0462317,Leukostrip skin closure strips 6.4mm x 76mm (Smith & Nephew Healthcare Ltd) [30],30.00,30,,141,117,11,1,1.00
7221,3108271,Alvesco 160 inhaler (Covis Pharma GmbH) [120],120.00,120,,99,57,34,1,1.00
33292,1209774,Eplerenone 25mg tablets (Accord-UK Ltd) [28],28.00,28,,115,50,33,1,1.00
9818,3338837,Tamiflu 45mg capsules (Roche Products Ltd) [10],10.00,10,,120,69,23,1,1.00
14228,6273148,Fortini Multi Fibre liquid chocolate (PI) (Nutricia Ltd) [200],200.00,200,,56,56,128,1,1.00
9676,3328168,Cholestagel 625mg tablets (Neon Healthcare Ltd) [180],180.00,180,,136,72,72,1,1.00
40195,4207353,Aactizinc 125mg effervescent tablets (TriOn Pharma Ltd) [90],90.00,90,,154,109,37,1,1.00
48661,1276757,Betamethasone valerate 0.025% cream (Accord-UK Ltd) [100],100.00,100,,39,183,47,1,1.00
6754,6294177,Gabapentin 800mg tablets (Alliance Healthcare (Distribution) Ltd) [100],100.00,100,,144,92,75,1,1.00
4681,2293157,Combihesive Natura two piece ostomy system combihesive flange S7245 38mm (ConvaTec Ltd) [5],5.00,5,,179,185,68,1,1.00
47664,8073801,Fludrocortisone 100microgram tablets (Alliance Healthcare (Distribution) Ltd) [100],100.00,100,,103,46,42,1,1.00
41506,8045692,Vimpat 50mg tablets (BUK) (UCB Pharma Ltd) [14],14.00,14,,106,61,32,1,1.00
14328,8449233,Maxalt Melt 10mg oral lyophilisates (PI) (Organon Pharma (UK) Ltd) [3],3.00,3,,95,92,42,1,1.00
3760,0852145,Medrone 100mg tablets (Pfizer Ltd) [20],20.00,20,,70,41,41,1,1.00
37555,4164547,Feredet 190mg/5ml oral solution (TriOn Pharma Ltd) [200],200.00,200,,143,59,58,1,1.00
44349,1131325,Bisoprolol 2.5mg tablets (Teva UK Ltd) [28],28.00,28,,120,50,23,1,1.00
7122,1112572,Ramipril 1.25mg capsules (Accord-UK Ltd) [28],28.00,28,,95,56,21,1,1.00
21193,6836225,Duloxetine 60mg gastro-resistant capsules (Alliance Healthcare (Distribution) Ltd) [28],28.00,28,,75,63,42,1,1.00
45992,5020912,Nortriptyline 25mg tablets (Alliance Healthcare (Distribution) Ltd) [100],100.00,100,,98,53,42,1,1.00
13194,8465585,Desloratadine 5mg tablets (Alliance Healthcare (Distribution) Ltd) [30],30.00,30,,80,46,26,1,1.00
16468,1197318,Flumetasone 0.02% / Clioquinol 1% ear drops (Advanz Pharma) [7.50],7.50,0,,83,40,40,1,1.00
36484,8119018,Levothyroxine sodium 75microgram tablets (Alliance Healthcare (Distribution) Ltd) [28],28.00,28,,107,45,20,1,1.00
25187,8114845,Isotretinoin 10mg capsules (Alliance Healthcare (Distribution) Ltd) [30],30.00,30,,94,49,37,1,1.00
24461,8114365,Emselex 15mg modified-release tablets (PI) (pharmaand GmbH) [28],28.00,28,,112,45,21,1,1.00
7490,3163862,Acidex oral suspension peppermint (Pinewood Healthcare) [500],500.00,500,,75,74,176,1,1.00
44457,8015828,Belvo 500mg gastro-resistant tablets (Alliance Healthcare (Distribution) Ltd) [30],30.00,30,,131,56,36,1,1.00
30116,1178540,Gabapentin 600mg tablets (Accord-UK Ltd) [100],100.00,100,,119,75,67,1,1.00
20146,3939733,Zaluron XL 400mg tablets (GB) (Fontus Health Ltd) [60],60.00,60,,105,66,66,1,1.00
16200,3490232,"BD Micro-Fine + hypodermic U100 insulin syringe sterile single use / single patient use 0.3ml with 8mm needle 0.3mm/30gauge (Becton, Dickinson UK Ltd) [10]",10.00,10,,177,146,87,1,10.00
43736,4098190,Sialanar 320micrograms/ml oral solution (Proveca Ltd) [60],60.00,60,,161,67,65,1,1.00
32507,4059721,CyanocoMinn 1mg modified-release tablets (Essential-Healthcare Ltd) [50],50.00,50,,117,50,25,1,1.00
19949,1157247,Clonidine 25microgram tablets (Accord-UK Ltd) [112],112.00,112,,115,46,19,1,1.00
1874,2644441,Zydol XL 400mg tablets (Grunenthal Ltd) [30],30.00,30,,106,69,28,1,1.00
13071,8439978,Olanzapine 20mg tablets (Alliance Healthcare (Distribution) Ltd) [28],28.00,28,,156,69,32,1,1.00
1672,0278010,Synalar 0.025% gel (Reig Jofre UK Ltd) [30],30.00,30,,140,40,31,1,1.00
14698,6833107,Fosamax Once Weekly 70mg tablets (PI) (Organon Pharma (UK) Ltd) [4],4.00,4,,128,66,29,1,1.00
2128,0278572,Sytron oral solution (Grunenthal Ltd) [500],500.00,500,,75,74,185,1,1.00
5098,2590461,Activa class I below knee stocking circular knit standard stock size closed toe Large Sand (L&R Medical UK Ltd) [2],2.00,2,,167,117,23,1,1.00
9143,1134733,Naproxen 250mg gastro-resistant tablets (Almus Pharmaceuticals Ltd) [56],56.00,56,,105,63,31,1,1.00
50265,8110884,"Colecalciferol 20,000unit tablets (NoPL) (Alliance Healthcare (Distribution) Ltd) [30]",30.00,30,,14,8,22,1,1.00
2510,2272144,Zumenon 2mg tablets (Exeltis UK Ltd) [84],84.00,84,,98,59,20,1,1.00
35,2384279,Lipitor 20mg tablets (Viatris UK Healthcare Ltd) [28],28.00,28,,102,44,33,1,1.00
45892,5013685,Carbimazole 5mg tablets (Alliance Healthcare (Distribution) Ltd) [100],100.00,100,,90,50,50,1,1.00
1530,0485896,Difflam Oral Rinse 0.15% solution (Ceuta Healthcare Ltd) [300],300.00,300,,176,69,68,1,1.00
9148,1134758,Sulfasalazine 500mg tablets (Almus Pharmaceuticals Ltd) [112],112.00,112,,104,56,55,1,1.00
818,0293498,Tubigrip bandage 12cm size G (Molnlycke Health Care Ltd) [1],1.00,1,,155,77,44,1,1.00
47047,1273531,Rivaroxaban 15mg tablets (Teva UK Ltd) [28],28.00,28,,28,55,128,1,1.00
7985,1115963,Pravastatin 20mg tablets (Almus Pharmaceuticals Ltd) [28],28.00,28,,137,50,23,1,1.00
13506,1172667,Candesartan 16mg tablets (Teva UK Ltd) [28],28.00,28,,134,66,23,1,1.00
2107,2398782,Nasacort 55micrograms/dose nasal spray (Opella POM UK Ltd) [120],120.00,120,,117,43,38,1,1.00
50772,8442592,Metformin 750mg modified-release tablets (Alliance Healthcare (Distribution) Ltd) [28],28.00,28,,161,79,25,1,1.00
46686,8063083,Fixkoh Airmaster 50micrograms/dose / 500micrograms/dose dry powder inhaler (PI) (Genus Pharmaceuticals Holdings Ltd) [60],60.00,60,,1,1,1,1,1.00
43208,1265354,Digoxin 50micrograms/ml oral solution (Aspen Pharma Trading Ltd) [60],60.00,60,,136,53,53,1,1.00
6434,3041589,Tegaderm Foam dressing (adhesive) 10cm x 11cm oval (3M Health Care Ltd) [10],10.00,10,,259,179,70,1,1.00
14391,8381246,Lansoprazole 15mg orodispersible tablets (Alliance Healthcare (Distribution) Ltd) [28],28.00,28,,137,80,31,1,1.00
29,0328450,Securon SR 240mg tablets (Viatris UK Healthcare Ltd) [28],28.00,28,,129,60,29,1,1.00
1674,0277988,Synalar 0.025% cream (Reig Jofre UK Ltd) [30],30.00,30,,140,40,31,1,1.00
34463,8129843,Imigran 10mg nasal spray (PI) (GlaxoSmithKline UK Ltd) [2],2.00,2,,129,89,35,1,1.00
7788,2668374,K-Soft bandage 10cm x 3.5m (Urgo Ltd) [1],1.00,1,,78,65,129,1,1.00
40570,1253129,Oxybutynin 5mg modified-release tablets (Accord-UK Ltd) [28],28.00,28,,80,46,45,1,1.00
36188,4117313,True Metrix testing strips (Trividia Health UK Ltd) [100],100.00,100,,83,66,44,1,1.00
9978,1140243,Chlorpromazine 25mg tablets (Almus Pharmaceuticals Ltd) [28],28.00,28,,108,66,20,1,1.00
33343,1179399,Sertraline 50mg tablets (Accord-UK Ltd) [28],28.00,28,,108,43,19,1,1.00
3973,2723666,Oilatum scalp treatment shampoo (Thornton & Ross Ltd) [100],100.00,100,,147,66,33,1,1.00
14810,3672508,Fresubin YOcreme dessert raspberry (Fresenius Kabi Ltd) [500],500.00,500,,186,98,91,1,1.00
19455,1198720,Pregabalin 75mg capsules (Teva UK Ltd) [56],56.00,56,,138,50,37,1,1.00
48232,8435778,Isosorbide mononitrate 40mg modified-release tablets (Alliance Healthcare (Distribution) Ltd) [28],28.00,28,,122,52,25,1,1.00
17974,6336960,Vitamin B compound strong tablets (NoPL) (Alliance Healthcare (Distribution) Ltd) [28],28.00,28,,23,110,30,1,1.00
48656,1275759,Lurasidone 37mg tablets (Accord-UK Ltd) [28],28.00,28,,24,104,80,1,1.00
2858,0309153,FML Liquifilm 0.1% ophthalmic suspension (AbbVie Ltd) [5],5.00,5,,65,32,31,1,1.00
36694,8022444,Fresubin 2kcal Mini drink fruits of the forest (PI) (Fresenius Kabi Ltd) [500],500.00,500,,140,97,92,1,1.00
11461,3370228,Neoclarityn 2.5mg/5ml oral solution (Organon Pharma (UK) Ltd) [150],150.00,150,,142,60,55,1,1.00
13206,8466245,Valsartan 320mg tablets (Alliance Healthcare (Distribution) Ltd) [28],28.00,28,,135,65,35,1,1.00
11767,3449618,Dermatonics Once Heel Balm (Dermatonics Ltd) [75],75.00,75,,145,42,42,1,1.00
44488,5400403,Apixaban 5mg tablets (Accord-UK Ltd) [28],28.00,28,,94,65,29,1,1.00
41606,8044190,Co-beneldopa 12.5mg/50mg capsules (Alliance Healthcare (Distribution) Ltd) [100],100.00,100,,97,52,52,1,1.00
10752,3440146,Biocath Comprehensive Care Foley Tray catheter male 14Ch D22655S14 10ml balloon (Bard Ltd) [1],1.00,1,,239,226,102,1,1.00
50,2757938,Bezalip Mono 400mg modified-release tablets (Teva UK Ltd) [30],30.00,30,,120,51,29,1,1.00
45518,8057051,Adizem-SR 180mg capsules (PI) (Napp Pharmaceuticals Ltd) [56],56.00,56,,96,76,59,1,1.00
7885,1108638,Allopurinol 300mg tablets (Almus Pharmaceuticals Ltd) [28],28.00,28,,102,62,25,1,1.00
1406,2342459,ReQuip 1mg tablets (GlaxoSmithKline UK Ltd) [84],84.00,84,,130,58,27,1,1.00
14307,8431801,FreeStyle Optium beta-ketone testing strips (PI) 78841-01 (Abbott Laboratories Ltd) [10],10.00,10,,117,66,24,1,1.00
15476,6370399,Lamictal 100mg tablets (PI) (GlaxoSmithKline UK Ltd) [56],56.00,56,,130,66,40,1,1.00
29806,1206127,Candesartan 4mg tablets (Almus Pharmaceuticals Ltd) [28],28.00,28,,115,62,31,1,1.00
31676,6276638,Tadalafil 20mg tablets (Alliance Healthcare (Distribution) Ltd) [4],4.00,4,,136,60,21,1,1.00
118,7112188,Methyldopa 125mg tablets (Alliance Healthcare (Distribution) Ltd) [56],56.00,56,,118,46,26,1,1.00
45986,6832299,Ivabradine 5mg tablets (Alliance Healthcare (Distribution) Ltd) [56],56.00,56,,111,62,26,1,1.00
6881,3086311,Lyflex 5mg/5ml oral solution (Rosemont Pharmaceuticals Ltd) [300],300.00,300,,171,72,70,1,1.00
44440,1264621,Metformin 850mg tablets (Accord-UK Ltd) [200],200.00,200,,28,50,140,1,1.00
8391,1117357,Metronidazole 400mg tablets (Almus Pharmaceuticals Ltd) [21],21.00,21,,120,48,26,1,1.00
36300,4140778,Syonell 500mg gastro-resistant tablets (Lupin Healthcare (UK) Ltd) [30],30.00,30,,121,101,60,1,1.00
1630,0441501,Diflucan 50mg capsules (Pfizer Ltd) [7],7.00,7,,75,58,18,1,1.00
17972,7119498,Pyridoxine 10mg tablets (NoPL) (Alliance Healthcare (Distribution) Ltd) [500],500.00,500,,93,69,69,1,1.00
12718,3591716,Allevyn Gentle Border Lite dressing 15cm x 15cm (Smith & Nephew Healthcare Ltd) [10],10.00,10,,227,205,43,1,1.00
50298,3850138,Alogliptin 25mg tablets (Takeda UK Ltd) [28],28.00,28,,98,62,22,1,1.00
1701,0029447,Betnovate 0.1% cream (GlaxoSmithKline UK Ltd) [30],30.00,30,,153,35,28,1,1.00
3060,1091362,Loratadine 10mg tablets (Accord-UK Ltd) [30],30.00,30,,110,48,22,1,1.00
503,1048909,Tamoxifen 10mg tablets (Alliance Healthcare (Distribution) Ltd) [30],30.00,30,,116,48,20,1,1.00
50204,8045627,Zonegran 50mg capsules (PI) (Advanz Pharma) [56],56.00,56,,148,65,37,1,1.00
19178,3939824,Envarsus 1mg modified-release tablets (Chiesi Ltd) [30],30.00,30,,155,86,35,1,1.00
29804,1206366,Candesartan 16mg tablets (Almus Pharmaceuticals Ltd) [28],28.00,28,,190,80,40,1,1.00
14590,8449605,Fresubin Energy Fibre liquid caramel (PI) (Fresenius Kabi Ltd) [200],200.00,200,,46,48,140,1,1.00
51334,8097511,Safinamide 100mg tablets (Alliance Healthcare (Distribution) Ltd) [30],30.00,30,,93,42,30,1,1.00
397,1070135,Gliclazide 80mg tablets (Teva UK Ltd) [28],28.00,28,,137,49,17,1,1.00
46412,8062440,Co-amoxiclav 400mg/57mg/5ml oral suspension sugar free (Alliance Healthcare (Distribution) Ltd) [70],70.00,70,,114,52,52,1,1.00
8191,3222700,Profore #1 latex free bandage 10cm x 3.5m (Smith & Nephew Healthcare Ltd) [1],1.00,1,,58,59,129,1,1.00
37136,4163200,Manevac granules (Ceuta Healthcare Ltd) [250],250.00,250,,140,62,62,1,1.00
51366,4368486,Ovixan 1mg/g cream (Biofrontera UK Ltd) [30],30.00,30,,116,52,30,1,1.00
3332,2312791,Acular 0.5% eye drops (AbbVie Ltd) [5],5.00,5,,65,32,30,1,1.00
8006,3202637,Procoralan 7.5mg tablets (Servier Laboratories Ltd) [56],56.00,56,,117,53,28,1,1.00
46454,4197687,AddTear Hypromellose 0.3% eye drops preservative free (TriOn Pharma Ltd) [10],10.00,10,,32,32,90,1,1.00
3205,7002009,Lidocaine 40mg/2ml (2%) solution for injection ampoules (Alliance Healthcare (Distribution) Ltd) [10],10.00,10,,84,77,31,1,1.00
38892,1079367,Promazine 50mg/5ml syrup (Rosemont Pharmaceuticals Ltd) [150],150.00,150,,136,55,54,1,1.00
48142,4303996,Soolantra 10mg/g cream (Galderma (UK) Ltd) [60],60.00,60,,49,50,170,1,1.00
48532,4305611,Zyduco XL 1200mg tablets (Zydus Pharmaceuticals UK Ltd) [60],60.00,60,,63,159,90,1,1.00
19578,6835755,Calcipotriol 50micrograms/g ointment (Alliance Healthcare (Distribution) Ltd) [30],30.00,30,,153,49,31,1,1.00
40600,1258227,Apixaban 5mg tablets (Teva UK Ltd) [56],56.00,56,,104,69,28,1,1.00
15894,3820578,Relvar Ellipta 92micrograms/dose / 22micrograms/dose dry powder inhaler (GlaxoSmithKline UK Ltd) [30],30.00,30,,107,92,46,1,1.00
45418,1096866,Indapamide 2.5mg tablets (Accord-UK Ltd) [28],28.00,28,,22,46,21,1,1.00
11561,1154053,Venlablue XL 150mg capsules (Zentiva Pharma UK Ltd) [28],28.00,28,,120,68,25,1,1.00
8776,3172285,Unistik 3 Comfort lancets 1.8mm/28gauge (Owen Mumford Ltd) [200],200.00,200,,145,159,116,1,1.00
34170,8008435,Colgate Duraphat 2800ppm fluoride toothpaste (PI) (Colgate-Palmolive (UK) Ltd) [75],75.00,75,,194,38,33,1,1.00
50840,8061012,Tildiem Retard 120mg tablets (PI) (Sanofi) [60],60.00,60,,135,85,38,1,1.00
33050,1178268,Bisoprolol 2.5mg tablets (Accord-UK Ltd) [28],28.00,28,,101,57,23,1,1.00
45748,8409138,Olanzapine 20mg orodispersible tablets (Alliance Healthcare (Distribution) Ltd) [28],28.00,28,,109,79,36,1,1.00
14122,3765203,Actico 2C multi-layer compression bandage kit 18cm-25cm ankle circumference (L&R Medical UK Ltd) [1],1.00,1,,162,105,112,1,1.00
42142,4065942,Detrunorm 15mg tablets (Consilient Health Ltd) [56],56.00,56,,106,50,45,1,1.00
20085,3986288,Asacol 800mg MR gastro-resistant tablets (AbbVie Ltd) [84],84.00,84,,150,49,54,1,1.00
49588,8125957,Mycophenolate mofetil 250mg capsules (Alliance Healthcare (Distribution) Ltd) [100],100.00,100,,109,93,72,1,1.00
29658,4044707,Vencarm XL 37.5mg capsules (Aspire Pharma Ltd) [28],28.00,28,,106,56,19,1,1.00
44188,8146797,Travoprost 40micrograms/ml eye drops (Alliance Healthcare (Distribution) Ltd) [2.50],2.50,0,,81,42,42,1,1.00
14230,6273155,Fortini Multi Fibre liquid strawberry (PI) (Nutricia Ltd) [200],200.00,200,,58,58,128,1,1.00
44461,8047334,Venlafaxine 37.5mg modified-release tablets (Alliance Healthcare (Distribution) Ltd) [30],30.00,30,,79,63,35,1,1.00
1454,0143214,Eumovate 0.05% ointment (GlaxoSmithKline UK Ltd) [30],30.00,30,,151,33,27,1,1.00
16806,3864022,PF Drops Carmellose 0.5% eye drops preservative free (Warneford Healthcare Ltd) [10],10.00,10,,74,30,30,1,1.00
19449,1198662,Pregabalin 200mg capsules (Teva UK Ltd) [84],84.00,84,,142,64,67,1,1.00
11684,8437881,Mometasone 0.1% ointment (Alliance Healthcare (Distribution) Ltd) [100],100.00,100,,197,48,41,1,1.00
12010,3554839,Scholl Softgrip class II ribbed sock standard stock size Medium Black (SSL International Plc) [2],2.00,2,,143,91,31,1,1.00
46996,1145002,Paracetamol 250mg/5ml oral suspension sugar free (Almus Pharmaceuticals Ltd) [200],200.00,200,,159,75,62,1,1.00
18810,3771979,Blephagel 0.36% eye gel preservative free (Thea Pharmaceuticals Ltd) [30],30.00,30,,147,38,31,1,1.00
19543,6833404,Aripiprazole 5mg tablets (Alliance Healthcare (Distribution) Ltd) [28],28.00,28,,102,76,22,1,1.00
4162,2859544,Novofem tablets (Novo Nordisk Ltd) [84],84.00,84,,66,64,38,1,1.00
33418,1213313,Brancico XL 50mg tablets (Zentiva Pharma UK Ltd) [60],60.00,60,,108,58,42,1,1.00
13633,6328926,Atorvastatin 60mg tablets (Alliance Healthcare (Distribution) Ltd) [28],28.00,28,,112,74,44,1,1.00
17032,3795796,Mylife Penfine Classic hypodermic insulin needles for pre-filled / reusable pen injectors screw on 8mm/31gauge (Pikdare S.p.A.) [100],100.00,100,,146,95,55,1,1.00
51518,8108961,Amlodipine 5mg/5ml oral solution sugar free (Alliance Healthcare (Distribution) Ltd) [150],150.00,150,,75,55,148,1,1.00
6652,0344283,OpSite Flexigrid dressing 12cm x 12cm (Smith & Nephew Healthcare Ltd) [10],10.00,10,,220,164,20,1,1.00
19078,3431533,Lumecare Carbomer 0.2% eye gel (GB) (Medicom Healthcare Ltd) [10],10.00,10,,107,31,22,1,1.00
31743,6335442,Crestor 10mg tablets (PI) (AstraZeneca UK Ltd) [28],28.00,28,,150,75,32,1,1.00
14322,8381253,Lansoprazole 30mg orodispersible tablets (Alliance Healthcare (Distribution) Ltd) [28],28.00,28,,138,79,31,1,1.00
50791,8071946,Salbutamol 5mg/2.5ml nebuliser liquid unit dose ampoules (Alliance Healthcare (Distribution) Ltd) [30],30.00,30,,77,75,170,1,1.00
12965,8422859,Pioglitazone 45mg tablets (Alliance Healthcare (Distribution) Ltd) [28],28.00,28,,123,69,24,1,1.00
29800,1209915,Azithromycin 250mg tablets (Almus Pharmaceuticals Ltd) [4],4.00,4,,98,52,29,1,1.00
19630,1117902,Metoclopramide 10mg tablets (Almus Pharmaceuticals Ltd) [28],28.00,28,,126,49,19,1,1.00
15642,8403198,Qvar 50 inhaler (PI) (Teva UK Ltd) [200],200.00,200,,98,56,34,1,1.00
12226,1151562,Oxybutynin 5mg tablets (Almus Pharmaceuticals Ltd) [84],84.00,84,,110,66,20,1,1.00
19643,1196211,Phenoxymethylpenicillin 125mg/5ml oral solution sugar free (Almus Pharmaceuticals Ltd) [100],100.00,100,,138,81,56,1,1.00
15358,8436867,Modafinil 100mg tablets (Alliance Healthcare (Distribution) Ltd) [30],30.00,30,,80,51,31,1,1.00
48083,8413106,Venlafaxine 225mg modified-release capsules (Alliance Healthcare (Distribution) Ltd) [28],28.00,28,,80,80,27,1,1.00
15805,3739430,Allevyn Life dressing 12.9cm x 12.9cm (Smith & Nephew Healthcare Ltd) [10],10.00,10,,231,186,75,1,1.00
42593,1261601,Vildagliptin 50mg / Metformin 850mg tablets (Teva UK Ltd) [60],60.00,60,,151,143,62,1,1.00
31730,4057691,Adex gel (Dermal Laboratories Ltd) [500],500.00,500,,228,84,84,1,1.00
46662,1273952,Valaciclovir 1g tablets (Accord-UK Ltd) [10],10.00,10,,79,74,32,1,1.00
18642,3863933,Enopen cream (Ennogen Healthcare Ltd) [500],500.00,500,,69,68,197,1,1.00
44511,8000234,Vardenafil 20mg tablets (Alliance Healthcare (Distribution) Ltd) [4],4.00,4,,68,52,20,1,1.00
43670,8009359,Atomoxetine 18mg capsules (Alliance Healthcare (Distribution) Ltd) [28],28.00,28,,42,102,67,1,1.00
51259,8073132,"Colecalciferol 2,000unit tablets (Alliance Healthcare (Distribution) Ltd) [30]",30.00,30,,35,113,47,1,1.00
97,0320739,Natrilix 2.5mg tablets (Servier Laboratories Ltd) [30],30.00,30,,118,53,28,1,1.00
41557,8046807,Sitagliptin 100mg tablets (Alliance Healthcare (Distribution) Ltd) [28],28.00,28,,140,57,27,1,1.00
32959,1225069,Loperamide 2mg capsules (Accord-UK Ltd) [30],30.00,30,,102,54,27,1,1.00
6218,3040276,Contour testing strips (Ascensia Diabetes Care UK Ltd) [50],50.00,50,,57,48,43,1,1.00
31746,6332415,Crestor 20mg tablets (PI) (AstraZeneca UK Ltd) [28],28.00,28,,150,75,28,1,1.00
41971,4221727,"Aace D3 5,000unit capsules (Essential-Healthcare Ltd) [28]",28.00,28,,95,57,31,1,1.00
13722,1175249,Phenytoin sodium 300mg capsules (Flynn Pharma Ltd) [28],28.00,28,,128,63,32,1,1.00
46947,8057358,Ivermectin 3mg tablets (Alliance Healthcare (Distribution) Ltd) [4],4.00,4,,77,63,22,1,1.00
3537,7022668,Midazolam 10mg/5ml solution for injection ampoules (Alliance Healthcare (Distribution) Ltd) [10],10.00,10,,100,95,41,1,1.00
44565,4230546,Sodium chloride 0.9% irrigation solution 20ml Knoxzy unit dose (Biovantic Pharma Ltd) [25],25.00,25,,132,132,109,1,1.00
50975,8111007,Bilastine 20mg tablets (Alliance Healthcare (Distribution) Ltd) [30],30.00,30,,45,28,78,1,1.00
17482,3862695,Aquacel Ag+ Extra dressing 10cm x 10cm square (ConvaTec Ltd) [10],10.00,10,,170,150,42,1,1.00
3334,0206656,Olbetam 250mg capsules (Pfizer Ltd) [90],90.00,90,,87,78,52,1,1.00
44779,4253910,Ocufresh Comfort Plus 1% eye drops preservative free (Blumont Healthcare Ltd) [10],10.00,10,,70,29,29,1,1.00
13354,6272157,Paracetamol 120mg/5ml oral suspension paediatric sugar free (Alliance Healthcare (Distribution) Ltd) [200],200.00,200,,161,75,64,1,1.00
32952,4075594,Epimax oatmeal cream (Aspire Pharma Ltd) [500],500.00,500,,94,62,205,1,1.00
7949,1108828,Flucloxacillin 250mg capsules (Almus Pharmaceuticals Ltd) [28],28.00,28,,160,59,22,1,1.00
21569,1124098,Thiamine 100mg tablets (Accord-UK Ltd) [100],100.00,100,,117,54,47,1,1.00
45827,5025440,Promethazine hydrochloride 25mg tablets (Alliance Healthcare (Distribution) Ltd) [56],56.00,56,,126,55,51,1,1.00
2674,2831006,Cetraben cream (Thornton & Ross Ltd) [500],500.00,500,,82,82,212,1,1.00
26398,4035465,Selexid 200mg tablets (Karo Healthcare UK Ltd) [18],18.00,18,,125,54,31,1,1.00
2663,0014928,Anusol HC suppositories (Church & Dwight UK Ltd) [12],12.00,12,,121,59,27,1,1.00
37318,8027641,Decapeptyl SR 11.25mg powder and solvent for suspension for injection vials (PI) (Ipsen Ltd) [1],1.00,1,,126,69,32,1,1.00
41176,8409104,Nyzamac SR 40mg capsules (Alliance Healthcare (Distribution) Ltd) [28],28.00,28,,155,53,27,1,1.00
13197,8465726,Rivastigmine 3mg capsules (Alliance Healthcare (Distribution) Ltd) [28],28.00,28,,130,62,24,1,1.00
40889,1243336,Oseltamivir 30mg capsules (Advanz Pharma) [10],10.00,10,,116,67,27,1,1.00
46295,4266664,Movicol Chocolate oral powder 13.7g sachets (Forum Health Products Ltd) [30],30.00,30,,135,56,150,1,1.00
12234,1151760,Clomipramine 50mg capsules (Almus Pharmaceuticals Ltd) [28],28.00,28,,135,46,24,1,1.00
38898,1146174,Sulfasalazine 250mg/5ml oral suspension sugar free (Rosemont Pharmaceuticals Ltd) [500],500.00,500,,197,83,82,1,1.00
51163,8062754,Zolmitriptan 5mg tablets (Alliance Healthcare (Distribution) Ltd) [12],12.00,12,,18,100,52,1,1.00
2222,7013915,Colchicine 500microgram tablets (Alliance Healthcare (Distribution) Ltd) [100],100.00,100,,90,45,40,1,1.00
37732,8031858,Stalevo 200mg/50mg/200mg tablets (PI) (Orion Pharma (UK) Ltd) [30],30.00,30,,107,57,55,1,1.00
529,2087211,Zydol 50mg capsules (Grunenthal Ltd) [100],100.00,100,,108,45,67,1,1.00
46437,6290514,Paracetamol 500mg effervescent tablets (Alliance Healthcare (Distribution) Ltd) [24],24.00,24,,101,66,53,1,1.00
6787,3059441,Lyrica 25mg capsules (Viatris UK Healthcare Ltd) [56],56.00,56,,128,50,35,1,1.00
26874,8139172,Olmesartan medoxomil 40mg tablets (Alliance Healthcare (Distribution) Ltd) [28],28.00,28,,119,91,21,1,1.00
7914,1110550,Diazepam 5mg tablets (Almus Pharmaceuticals Ltd) [28],28.00,28,,108,37,19,1,1.00
16250,1109909,Sodium chloride 0.9% nasal drops (NoPL) (Almus Pharmaceuticals Ltd) [10],10.00,10,,70,33,33,1,1.00
12250,1147859,Finasteride 5mg tablets (Almus Pharmaceuticals Ltd) [28],28.00,28,,101,59,23,1,1.00
45888,8001034,Amiodarone 200mg tablets (Alliance Healthcare (Distribution) Ltd) [28],28.00,28,,119,52,22,1,1.00
9921,1136431,Imipramine 10mg tablets (Almus Pharmaceuticals Ltd) [28],28.00,28,,108,37,20,1,1.00
38749,4163218,Eyflox 5mg/ml eye drops (Aspire Pharma Ltd) [5],5.00,5,,78,40,40,1,1.00
18619,3057411,IV3000 dressing 10cm x 12cm (Smith & Nephew Healthcare Ltd) [10],10.00,10,,222,141,25,1,1.00
51106,1289347,Chlorpromazine 25mg tablets (Accord-UK Ltd) [28],28.00,28,,22,80,50,1,1.00
8782,2442184,Viridal Duo Starter Pack 20microgram powder and solvent for solution for injection cartridges with device (Advanz Pharma) [2],2.00,2,,170,65,53,1,1.00
31826,4048112,KliarVax Olive Oil ear drops (Essential-Healthcare Ltd) [10],10.00,10,,78,52,30,1,1.00
20806,3249653,Celluvisc 0.5% eye drops 0.4ml unit dose (AbbVie Ltd) [90],90.00,90,,154,79,73,1,1.00
42144,1095124,Levothyroxine sodium 25microgram tablets (Advanz Pharma) [28],28.00,28,,132,49,19,1,1.00
3437,2896066,Codipar 15mg/500mg tablets (Advanz Pharma) [100],100.00,100,,88,81,68,1,1.00
47941,1117308,Co-amoxiclav 250mg/62mg/5ml oral suspension (Almus Pharmaceuticals Ltd) [100],100.00,100,,122,55,55,1,1.00
50239,7126139,Salamol 100micrograms/dose inhaler CFC free (Alliance Healthcare (Distribution) Ltd) [200],200.00,200,,87,52,33,1,1.00
41614,8045593,Clonazepam 1mg tablets (Alliance Healthcare (Distribution) Ltd) [100],100.00,100,,115,60,20,1,1.00
44782,4260220,CyanocoMinn 1mg modified-release tablets (Essential-Healthcare Ltd) [28],28.00,28,,82,35,28,1,1.00
44294,1081660,Amitriptyline 10mg tablets (Accord-UK Ltd) [28],28.00,28,,107,38,20,1,1.00
18802,3674546,Sharpsguard disposal unit 1litre Yellow (Daniels Healthcare Ltd) [1],1.00,1,,202,128,68,1,1.00
21188,8071276,Pregabalin 200mg capsules (Alliance Healthcare (Distribution) Ltd) [84],84.00,84,,127,73,61,1,1.00
5209,3550795,Scholl Softgrip class II below knee stocking circular knit standard stock size open toe Large Natural (SSL International Plc) [2],2.00,2,,143,90,31,1,1.00
48652,8091811,4SURE testing strips (PI) (Nipro Medical UK Ltd) [50],50.00,50,,43,40,58,1,1.00
44123,8025504,Estradiol 10microgram pessaries (Alliance Healthcare (Distribution) Ltd) [24],24.00,24,,56,56,25,1,1.00
51006,8069577,Inhixa 80mg/0.8ml solution for injection pre-filled syringes (PI) (Techdow Pharma England Ltd) [10],10.00,10,,143,66,20,1,1.00
16538,3746237,Desunin 800unit tablets (Viatris UK Healthcare Ltd) [90],90.00,90,,86,52,38,1,1.00
20662,3998846,Intuniv 1mg modified-release tablets (Takeda UK Ltd) [28],28.00,28,,135,64,37,1,1.00
16662,3699311,Aquacel Foam dressing (non-adhesive) 5cm x 5cm (ConvaTec Ltd) [10],10.00,10,,134,105,60,1,1.00
44284,1268333,Omeprazole 1mg/ml oral suspension sugar free (Rosemont Pharmaceuticals Ltd) [75],75.00,75,,363,164,64,1,1.00
13665,3725231,UrgoKTwo latex free multi-layer compression bandage kit (10cm) 18cm-25cm ankle circumference (Urgo Ltd) [1],1.00,1,,190,125,102,1,1.00
7790,2583649,Ultra Soft wadding bandage 10cm x 3.5m (Robinson Healthcare) [1],1.00,1,,103,52,52,1,1.00
50707,8054918,Clobazam 20mg tablets (Alliance Healthcare (Distribution) Ltd) [30],30.00,30,,144,66,25,1,1.00
32958,4081121,Kelhale 50micrograms/dose inhaler (GB) (Cipla EU Ltd) [200],200.00,200,,102,60,36,1,1.00
33150,4085916,Xonvea 10mg/10mg gastro-resistant tablets (Exeltis UK Ltd) [20],20.00,20,,100,90,25,1,1.00
41486,8092702,Mezzopram 40mg dispersible gastro-resistant tablets (Alliance Healthcare (Distribution) Ltd) [7],7.00,7,,85,84,22,1,1.00
34410,4101713,ThiamEss 100mg tablets (Essential-Healthcare Ltd) [100],100.00,100,,84,44,43,1,1.00
50968,8087066,Rizatriptan 5mg orodispersible tablets sugar free (Alliance Healthcare (Distribution) Ltd) [12],12.00,12,,82,26,54,1,1.00
13465,6291496,Azithromycin 250mg tablets (Alliance Healthcare (Distribution) Ltd) [6],6.00,6,,80,55,19,1,1.00
9962,3338563,Golden Eye Antibiotic 1% eye ointment (Cambridge Healthcare Supplies Ltd) [4],4.00,4,,106,33,21,1,1.00
17951,1173673,Esomeprazole 40mg gastro-resistant tablets (Accord-UK Ltd) [28],28.00,28,,144,77,40,1,1.00
36366,4095873,Steglatro 5mg tablets (Merck Sharp & Dohme (UK) Ltd) [28],28.00,28,,102,66,32,1,1.00
39902,4166146,"Balance ring pessary 1.25cm thick, 65mm diameter, PVC (TriOn Pharma Ltd) [1]",1.00,1,,125,65,65,1,1.00
50695,8069916,Baclofen 5mg tablets (Alliance Healthcare (Distribution) Ltd) [84],84.00,84,,24,87,72,1,1.00
36550,4149563,Hylo Night eye ointment preservative free (Scope Ophthalmics Ltd) [5],5.00,5,,96,41,24,1,1.00
27204,4021218,AproDerm emollient cream (GB) (Fontus Health Ltd) [500],500.00,500,,214,77,77,1,1.00
15637,8120016,Qvar 100 inhaler (PI) (Teva UK Ltd) [200],200.00,200,,104,54,35,1,1.00
32390,2758209,Calshake powder 90g sachets chocolate (Fresenius Kabi Ltd) [7],7.00,7,,194,123,122,1,1.00
40847,4100137,SunVit-D3 400unit with Calcium 600mg chewable tablets lemon (SunVit-D3 Ltd) [56],56.00,56,,49,49,78,1,1.00
43654,8127730,Carbimazole 10mg tablets (Alliance Healthcare (Distribution) Ltd) [100],100.00,100,,91,50,50,1,1.00
51266,8038283,Liothyronine 20microgram capsules (Alliance Healthcare (Distribution) Ltd) [28],28.00,28,,93,63,34,1,1.00
19544,6328736,Cilostazol 50mg tablets (Alliance Healthcare (Distribution) Ltd) [56],56.00,56,,120,48,23,1,1.00
47046,1273572,Rivaroxaban 15mg tablets (Teva UK Ltd) [14],14.00,14,,28,55,128,1,1.00
45920,1268598,Erythromycin 40mg/ml / Zinc acetate 12mg/ml lotion (Neon Healthcare Ltd) [90],90.00,90,,153,98,49,1,1.00
16473,3806379,Clobavate 0.05% ointment (Teva UK Ltd) [30],30.00,30,,125,37,30,1,1.00
26474,4010526,GlucoRx CarePoint hypodermic insulin needles for pre-filled / reusable pen injectors screw on 8mm/31gauge (GlucoRx Ltd) [100],100.00,100,,132,73,72,1,1.00
41783,3442753,Glutafin gluten free part baked 4 white rolls (Dr Schar UK Ltd) [200],200.00,200,,243,122,62,1,1.00
51274,8055634,Rivaroxaban 15mg tablets (Alliance Healthcare (Distribution) Ltd) [14],14.00,14,,128,55,28,1,1.00
41874,1260496,Vildagliptin 50mg tablets (Teva UK Ltd) [56],56.00,56,,126,59,56,1,1.00
17204,1195650,Alzest 4.6mg/24hours transdermal patches (Dr Reddy's Laboratories (UK) Ltd) [30],30.00,30,,85,81,31,1,1.00
19638,1187020,Nebivolol 5mg tablets (Almus Pharmaceuticals Ltd) [28],28.00,28,,124,59,31,1,1.00
2668,2518512,Lipantil Micro 200 capsules (Viatris UK Healthcare Ltd) [28],28.00,28,,129,64,26,1,1.00
13765,3745940,Prontosan irrigation solution 40ml unit dose (B.Braun Medical Ltd) [24],24.00,24,,159,138,99,1,1.00
46930,6807986,Latuda 74mg tablets (PI) (CNX Therapeutics Ltd) [28],28.00,28,,159,91,29,1,1.00
11971,1150234,Larbex XL 4mg tablets (Teva UK Ltd) [28],28.00,28,,90,67,21,1,1.00
14389,8156952,Provera 10mg tablets (PI) (Pfizer Ltd) [90],90.00,90,,120,71,64,1,1.00
26598,1186550,Primidone 50mg tablets (SERB) (Teva UK Ltd) [100],100.00,100,,70,50,50,1,1.00
7961,1117886,Oxybutynin 2.5mg tablets (Almus Pharmaceuticals Ltd) [84],84.00,84,,100,66,20,1,1.00
19570,1195791,Baclofen 5mg/5ml oral solution sugar free (Almus Pharmaceuticals Ltd) [300],300.00,300,,68,68,68,1,1.00
16740,6352330,Epilim Chronosphere MR 250mg granules sachets (PI) (Sanofi) [30],30.00,30,,110,80,42,1,1.00
20617,3990249,Binosto 70mg effervescent tablets (Internis Pharmaceuticals Ltd) [4],4.00,4,,120,62,22,1,1.00
45994,1143072,Ondansetron 4mg/5ml oral solution sugar free (Alliance Healthcare (Distribution) Ltd) [50],50.00,50,,118,47,47,1,1.00
48571,1282649,Medroxyprogesterone 400mg tablets (Pfizer Ltd) [30],30.00,30,,29,63,113,1,1.00
12985,8437444,Levetiracetam 500mg tablets (Alliance Healthcare (Distribution) Ltd) [60],60.00,60,,92,66,49,1,1.00
50698,8110959,Diclofenac 1.16% gel (Alliance Healthcare (Distribution) Ltd) [30],30.00,30,,110,36,36,1,1.00
12941,3659695,Doublebase Dayleve gel (Dermal Laboratories Ltd) [500],500.00,500,,225,82,81,1,1.00
31738,1221175,Rosuvastatin 5mg tablets (Teva UK Ltd) [28],28.00,28,,94,57,23,1,1.00
50800,8112518,Senease Twelve Years Plus 7.5mg/5ml syrup (Alliance Healthcare (Distribution) Ltd) [150],150.00,150,,65,65,150,1,1.00
1247,2606333,Xismox XL 60 tablets (Genus Pharmaceuticals Ltd) [28],28.00,28,,102,44,25,1,1.00
6286,1113034,Citalopram 10mg tablets (Teva UK Ltd) [28],28.00,28,,137,49,23,1,1.00
45495,8007957,Prasugrel 10mg tablets (Alliance Healthcare (Distribution) Ltd) [28],28.00,28,,126,76,23,1,1.00
44573,4235735,Ocufresh Everyday 0.2% eye drops preservative free (Blumont Healthcare Ltd) [10],10.00,10,,90,37,26,1,1.00
46118,8052839,Lixiana 30mg tablets (PI) (Daiichi Sankyo UK Ltd) [30],30.00,30,,113,67,39,1,1.00
8061,3164142,Serevent 25micrograms/dose Evohaler (GlaxoSmithKline UK Ltd) [120],120.00,120,,92,53,33,1,1.00
43502,1065986,Tramadol 50mg capsules (Accord-UK Ltd) [100],100.00,100,,120,63,40,1,1.00
39536,4187902,Doublebase Once gel (Dermal Laboratories Ltd) [500],500.00,500,,227,83,81,1,1.00
1447,1078914,Phenytoin sodium 100mg tablets (Teva UK Ltd) [28],28.00,28,,136,47,22,1,1.00
37170,4161576,Orobalin 1mg tablets (Northumbria Pharma Ltd) [30],30.00,30,,117,47,37,1,1.00
48503,8087959,Dovobet ointment (PI) (LEO Pharma) [30],30.00,30,,146,45,31,1,1.00
46445,4263562,QV cream (Ego Pharmaceuticals) [1050],1050.00,1050,,107,107,223,1,1.00
27234,4046454,AirFluSal 25micrograms/dose / 125micrograms/dose inhaler (Sandoz Ltd) [120],120.00,120,,154,82,42,1,1.00
9134,1132620,Sertraline 50mg tablets (Almus Pharmaceuticals Ltd) [28],28.00,28,,121,62,21,1,1.00
42434,1260074,Ulipristal 30mg tablets (Zentiva Pharma UK Ltd) [1],1.00,1,,105,67,20,1,1.00
796,2684801,Mefix tape 10cm (Molnlycke Health Care Ltd) [5],5.00,5,,106,61,58,1,1.00
311,0263392,Innovace 20mg tablets (Organon Pharma (UK) Ltd) [28],28.00,28,,97,50,30,1,1.00
20301,3976958,Brintellix 10mg tablets (Lundbeck Ltd) [28],28.00,28,,110,44,20,1,1.00
31691,1218601,Sildenafil 25mg tablets (Almus Pharmaceuticals Ltd) [4],4.00,4,,66,48,21,1,1.00
37753,1172568,Azithromycin 250mg tablets (Accord-UK Ltd) [4],4.00,4,,117,46,18,1,1.00
16852,3846177,Microdot Droplet hypodermic insulin needles for pre-filled / reusable pen injectors screw on 4mm/32gauge (Cambridge Sensors Ltd) [100],100.00,100,,130,70,70,1,1.00
1946,2128288,Prograf 1mg capsules (Astellas Pharma Ltd) [50],50.00,50,,124,56,46,1,1.00
46378,1249689,Quetiapine 150mg tablets (Almus Pharmaceuticals Ltd) [60],60.00,60,,121,46,47,1,1.00
18980,6324396,Vesicare 5mg tablets (PI) (Astellas Pharma Ltd) [30],30.00,30,,117,47,25,1,1.00
18,7120413,Verapamil 120mg tablets (Alliance Healthcare (Distribution) Ltd) [28],28.00,28,,137,49,22,1,1.00
26842,4022711,Neon Verifine Ultra hypodermic insulin needles for pre-filled / reusable pen injectors screw on 4mm/32gauge (Neon Diagnostics Ltd) [100],100.00,100,,129,85,71,1,1.00
37507,4090700,PF Drops Sodium Hyaluronate 0.15% eye drops preservative free (Warneford Healthcare Ltd) [10],10.00,10,,73,31,30,1,1.00
9977,1140235,Betahistine 8mg tablets (Almus Pharmaceuticals Ltd) [84],84.00,84,,107,42,38,1,1.00
19960,1203017,Nitrofurantoin 100mg tablets (Almus Pharmaceuticals Ltd) [28],28.00,28,,112,51,23,1,1.00
12510,1159110,Risperidone 1mg tablets (Almus Pharmaceuticals Ltd) [60],60.00,60,,95,44,33,1,1.00
9410,3296373,Hypovase 500microgram tablets (Pfizer Ltd) [60],60.00,60,,97,57,25,1,1.00
16640,3820958,Oralieve moisturising mouth gel (Oralieve UK) [50],50.00,50,,155,40,33,1,1.00
2926,2446110,Colazide 750mg capsules (Almirall Ltd) [130],130.00,130,,137,70,69,1,1.00
44490,1249846,Isosorbide mononitrate 30mg tablets (Medreich Plc) [56],56.00,56,,91,55,25,1,1.00
2511,0029421,Betnesol-N ear/eye/nose drops (RPH Pharmaceuticals AB) [10],10.00,10,,82,29,31,1,1.00
36349,8013161,Gelclair concentrated oral gel 15ml sachets (PI) (Alliance Pharmaceuticals Ltd) [21],21.00,21,,123,104,76,1,1.00
10100,3383239,ReQuip XL 2mg tablets (GlaxoSmithKline UK Ltd) [28],28.00,28,,130,57,26,1,1.00
810,0293456,Tubigrip bandage 6.25cm size B (Molnlycke Health Care Ltd) [1],1.00,1,,155,43,42,1,1.00
37554,4164505,AlciDol 0.25microgram softgel capsules (TriOn Pharma Ltd) [30],30.00,30,,82,52,32,1,1.00
50700,8110967,Diclofenac 1.16% gel (Alliance Healthcare (Distribution) Ltd) [50],50.00,50,,110,36,36,1,1.00
854,2856623,Acti-Fast 2-way stretch stockinette 10.75cm (L&R Medical UK Ltd) [5],5.00,5,,136,79,79,1,1.00
30786,4045613,Eysano 2.5mg/ml eye drops (Aspire Pharma Ltd) [5],5.00,5,,82,30,29,1,1.00
38743,4175402,Biquelle XL 150mg tablets (Aspire Pharma Ltd) [30],30.00,30,,103,56,35,1,1.00
8273,0168427,"Heparin calcium 5,000units/0.2ml solution for injection ampoules (C P Pharmaceuticals Ltd) [10]",10.00,10,,97,75,30,1,1.00
21832,8454241,Proshield Plus skin protective (PI) 8213 0300 04 (Smith & Nephew Healthcare Ltd) [115],115.00,115,,167,53,46,1,1.00
16486,1177310,Ferrous fumarate 140mg/5ml oral solution (Advanz Pharma) [200],200.00,200,,155,65,64,1,1.00
38890,2592061,Procyclidine 5mg/5ml oral solution sugar free (Rosemont Pharmaceuticals Ltd) [150],150.00,150,,140,56,55,1,1.00
26968,8135618,Brintellix 5mg tablets (PI) (Lundbeck Ltd) [28],28.00,28,,111,44,20,1,1.00
7506,3170347,Cozaar 25mg tablets (Organon Pharma (UK) Ltd) [28],28.00,28,,97,50,30,1,1.00
19447,1198647,Pregabalin 100mg capsules (Teva UK Ltd) [84],84.00,84,,143,67,65,1,1.00
1675,2805190,Synalar 0.025% cream (Reig Jofre UK Ltd) [100],100.00,100,,174,53,40,1,1.00
1889,1079201,Pizotifen 500microgram tablets (Accord-UK Ltd) [28],28.00,28,,106,36,18,1,1.00
49976,1280882,Clindamycin 150mg capsules (Pfizer Ltd) [24],24.00,24,,93,30,56,1,1.00
10638,3397205,Zerocream (Thornton & Ross Ltd) [500],500.00,500,,80,80,211,1,1.00
13654,3726171,Eklira 322micrograms/dose Genuair (Covis Pharma GmbH) [60],60.00,60,,147,96,46,1,1.00
9788,3270543,Cetraben cream (Thornton & Ross Ltd) [150],150.00,150,,170,48,48,1,1.00
8024,3200060,LimbO limb protector adult half leg large build standard MP180 (Thesis Technology Products and Services Ltd) [1],1.00,1,,291,223,37,1,1.00
6411,3064375,Dermol cream (Dermal Laboratories Ltd) [100],100.00,100,,183,44,42,1,1.00
46631,6838239,Rosuvastatin 5mg tablets (Alliance Healthcare (Distribution) Ltd) [28],28.00,28,,117,70,26,1,1.00
11649,1149582,Lercanidipine 10mg tablets (Accord-UK Ltd) [28],28.00,28,,124,60,32,1,1.00
3148,2171775,Oestrogel Pump-Pack 0.06% gel (Besins Healthcare (UK) Ltd) [80],80.00,80,,166,46,45,1,1.00
7162,3102605,Comfifast Easywrap stockinette socks up to 8 years (Vernacare International Ltd) [2],2.00,2,,121,84,31,1,1.00
18198,3533833,Biatain Silicone dressing 15cm x 15cm (Coloplast Ltd) [5],5.00,5,,237,196,22,1,1.00
25832,3927142,Thealoz Duo eye drops preservative free (Thea Pharmaceuticals Ltd) [10],10.00,10,,98,37,37,1,1.00
6820,6835185,Ibuprofen 400mg tablets (Alliance Healthcare (Distribution) Ltd) [48],48.00,48,,99,55,33,1,1.00
41507,8045643,Vimpat 100mg tablets (BUK) (UCB Pharma Ltd) [56],56.00,56,,108,62,32,1,1.00
46431,8033631,Fenofibrate micronised 67mg capsules (Alliance Healthcare (Distribution) Ltd) [90],90.00,90,,109,71,71,1,1.00
19805,8432726,Brinzolamide 10mg/ml eye drops (Alliance Healthcare (Distribution) Ltd) [5],5.00,5,,86,37,36,1,1.00
22668,8125858,Vipidia 6.25mg tablets (PI) (Takeda UK Ltd) [28],28.00,28,,97,60,21,1,1.00
11574,1147875,Vera-Til SR 120mg tablets (Accord-UK Ltd) [28],28.00,28,,117,49,25,1,1.00
3826,1106269,Fluconazole 150mg capsules (Teva UK Ltd) [1],1.00,1,,109,71,21,1,1.00
44784,4260295,CyanocoMinn 50microgram tablets (Essential-Healthcare Ltd) [28],28.00,28,,35,108,15,1,1.00
3144,0193003,Salatac gel (Dermal Laboratories Ltd) [8],8.00,8,,121,30,30,1,1.00
695,7049158,Aciclovir 200mg dispersible tablets (Alliance Healthcare (Distribution) Ltd) [25],25.00,25,,119,48,32,1,1.00
32827,1209014,Midazolam 5mg/5ml solution for injection ampoules (Accord-UK Ltd) [10],10.00,10,,192,125,24,1,1.00
40461,4192357,Adaflex 5mg tablets (AGB-Pharma) [30],30.00,30,,40,40,80,1,1.00
34968,4102158,SodiFer 190mg/5ml oral solution (Essential-Healthcare Ltd) [500],500.00,500,,195,88,76,1,1.00
510,1048925,Tamoxifen 20mg tablets (Alliance Healthcare (Distribution) Ltd) [30],30.00,30,,131,52,25,1,1.00
12750,3255213,Yellox 900micrograms/ml eye drops (Bausch & Lomb UK Ltd) [5],5.00,5,,73,28,28,1,1.00
41608,8044208,Diclofenac sodium 50mg gastro-resistant tablets (Alliance Healthcare (Distribution) Ltd) [28],28.00,28,,135,48,22,1,1.00
13840,3740248,Octasa 400mg MR gastro-resistant tablets (Tillotts Pharma UK Ltd) [120],120.00,120,,100,68,87,1,1.00
27235,4046462,AirFluSal 25micrograms/dose / 250micrograms/dose inhaler (Sandoz Ltd) [120],120.00,120,,154,82,42,1,1.00
41519,8011702,Keppra 500mg tablets (BUK) (UCB Pharma Ltd) [60],60.00,60,,113,57,59,1,1.00
44337,3882990,Juvela gluten free cornflakes (Juvela Ltd) [375],375.00,375,,280,196,81,1,1.00
1293,1085356,Indometacin 25mg capsules (Accord-UK Ltd) [28],28.00,28,,117,62,22,1,1.00
12910,8426439,Letrozole 2.5mg tablets (Alliance Healthcare (Distribution) Ltd) [14],14.00,14,,135,48,16,1,1.00
5330,3548641,Scholl Softgrip class II thigh length stocking circular knit standard stock size closed toe Large Natural (SSL International Plc) [2],2.00,2,,142,91,32,1,1.00
51168,8091712,Dexamethasone 0.1% / Neomycin 0.5% / Acetic acid (glacial) 2% ear spray (Alliance Healthcare (Distribution) Ltd) [5],5.00,5,,71,38,50,1,1.00
536,7111933,Levothyroxine sodium 25microgram tablets (Alliance Healthcare (Distribution) Ltd) [28],28.00,28,,135,50,21,1,1.00
51267,8055519,Venlafaxine 37.5mg modified-release capsules (Alliance Healthcare (Distribution) Ltd) [28],28.00,28,,130,30,67,1,1.00
2543,0042911,Ursofalk 250mg capsules (Dr. Falk Pharma UK Ltd) [60],60.00,60,,90,66,59,1,1.00
44437,8051716,Levetiracetam 1.5g granules sachets sugar free (Alliance Healthcare (Distribution) Ltd) [60],60.00,60,,164,128,106,1,1.00
42773,1110535,Co-codamol 30mg/500mg caplets (Almus Pharmaceuticals Ltd) [100],100.00,100,,85,72,58,1,1.00
18826,3698669,MCTprocal oral powder 16g sachets (Vitaflo International Ltd) [30],30.00,30,,263,150,99,1,1.00
44470,1089424,White soft paraffin 50% / Liquid paraffin 50% ointment (Alliance Healthcare (Distribution) Ltd) [500],500.00,500,,98,98,116,1,1.00
32784,1178417,Citalopram 40mg tablets (Accord-UK Ltd) [28],28.00,28,,103,59,24,1,1.00
13572,3717659,A2A Spacer (Clement Clarke International Ltd) [1],1.00,1,,50,65,100,1,1.00
29850,4047759,"InVita D3 5,600unit capsules (Consilient Health Ltd) [4]",4.00,4,,86,53,21,1,1.00
103,1082759,Furosemide 20mg tablets (Accord-UK Ltd) [28],28.00,28,,108,38,20,1,1.00
36549,8024416,Tamsulosin 400microgram modified-release capsules (Alliance Healthcare (Distribution) Ltd) [30],30.00,30,,107,61,25,1,1.00
44645,8060154,Prednisolone 4mg tablets (Alliance Healthcare (Distribution) Ltd) [28],28.00,28,,91,62,20,1,1.00
1278,7054034,Paracetamol 250mg/5ml oral suspension sugar free (Alliance Healthcare (Distribution) Ltd) [500],500.00,500,,64,65,206,1,1.00
11814,1150168,Losartan 100mg tablets (Teva UK Ltd) [28],28.00,28,,108,79,25,1,1.00
34456,4077632,FerroEss 210mg tablets (Essential-Healthcare Ltd) [84],84.00,84,,151,49,28,1,1.00
44992,4254249,CareSens S testing strips (Spirit Healthcare Ltd) [50],50.00,50,,40,50,64,1,1.00
50306,4288650,AAA Menthol 1% in Aqueous cream (TriOn Pharma Ltd) [500],500.00,500,,50,50,65,1,1.00
48603,1282102,Diclofenac 1.16% gel (Teva UK Ltd) [30],30.00,30,,110,36,36,1,1.00
17129,3945854,"Fultium-D3 20,000unit capsules (Internis Pharmaceuticals Ltd) [30]",30.00,30,,104,62,21,1,1.00
13225,1164540,Oxazepam 10mg tablets (Almus Pharmaceuticals Ltd) [28],28.00,28,,107,37,19,1,1.00
7998,1108893,Loperamide 2mg capsules (Almus Pharmaceuticals Ltd) [30],30.00,30,,88,70,25,1,1.00
16594,3884012,"InVita D3 25,000units/1ml oral solution (Consilient Health Ltd) [3]",3.00,3,,78,67,19,1,1.00
33020,4074183,Yaltormin SR 500mg tablets (Wockhardt UK Ltd) [28],28.00,28,,86,79,26,1,1.00
16973,3628716,Medi Derma-S non-sting barrier film foam 1ml applicator 61076 (Medicareplus International Ltd) [5],5.00,5,,40,70,35,1,1.00
44022,8944183,Bimatoprost 300micrograms/ml / Timolol 5mg/ml eye drops (Alliance Healthcare (Distribution) Ltd) [3],3.00,3,,80,41,41,1,1.00
38475,4171617,Fixkoh Airmaster 50micrograms/dose / 500micrograms/dose dry powder inhaler (Genus Pharmaceuticals Holdings Ltd) [60],60.00,60,,112,112,42,1,1.00
20805,3249661,Celluvisc 0.5% eye drops 0.4ml unit dose (AbbVie Ltd) [30],30.00,30,,78,67,55,1,1.00
1961,7103195,Haloperidol 10mg tablets (Alliance Healthcare (Distribution) Ltd) [28],28.00,28,,60,61,21,1,1.00
10370,8143729,Fluvastatin 40mg capsules (Alliance Healthcare (Distribution) Ltd) [28],28.00,28,,137,82,46,1,1.00
41930,2366136,Juvela gluten free crispbread (Juvela Ltd) [200],200.00,200,,135,132,66,1,1.00
36196,8016222,Carbomer 0.2% eye gel 0.6ml unit dose preservative free (Alliance Healthcare (Distribution) Ltd) [30],30.00,30,,115,58,57,1,1.00
24661,8465429,Sodium chloride 5% eye drops (Alliance Healthcare (Distribution) Ltd) [10],10.00,10,,82,28,27,1,1.00
51353,1149905,Mometasone 0.1% ointment (Glenmark Pharmaceuticals Europe Ltd) [30],30.00,30,,0,0,0,1,1.00
6287,1113042,Citalopram 20mg tablets (Teva UK Ltd) [28],28.00,28,,137,49,24,1,1.00
41429,4187423,AAnDD capsules (Essential-Healthcare Ltd) [28],28.00,28,,60,64,25,1,1.00
30773,1110709,Isosorbide mononitrate 10mg tablets (Almus Pharmaceuticals Ltd) [56],56.00,56,,137,49,23,1,1.00
50327,1275825,Ranolazine 500mg modified-release tablets (Accord-UK Ltd) [60],60.00,60,,62,64,112,1,1.00
33006,4075016,"SunVit-D3 1,000unit capsules (SunVit-D3 Ltd) [28]",28.00,28,,122,65,19,1,1.00
50768,8011470,Melatonin 3mg tablets (Alliance Healthcare (Distribution) Ltd) [30],30.00,30,,94,41,26,1,1.00
19045,1199975,Vanquoral 100mg capsules (Teva UK Ltd) [30],30.00,30,,187,94,42,1,1.00
45226,1269406,Valaciclovir 500mg tablets (Accord-UK Ltd) [42],42.00,42,,53,81,68,1,1.00
26475,4010500,GlucoRx CarePoint hypodermic insulin needles for pre-filled / reusable pen injectors screw on 6mm/31gauge (GlucoRx Ltd) [100],100.00,100,,132,73,71,1,1.00
6533,2653236,Biatain Non-Adhesive dressing 15cm x 15cm square (Coloplast Ltd) [5],5.00,5,,227,226,40,1,1.00
26829,4022653,Neon Verifine hypodermic insulin needles for pre-filled / reusable pen injectors screw on 4mm/31gauge (Neon Diagnostics Ltd) [100],100.00,100,,129,72,71,1,1.00
1527,2483964,Detrusitol 2mg tablets (Viatris UK Healthcare Ltd) [56],56.00,56,,90,54,30,1,1.00
38654,8408742,Dovobet ointment (PI) (LEO Pharma) [60],60.00,60,,169,42,37,1,1.00
36664,8004624,Risperidone 250microgram tablets (Alliance Healthcare (Distribution) Ltd) [20],20.00,20,,90,67,23,1,1.00
9753,3337599,LimbO limb protector adult half leg slim build short MP76S (Thesis Technology Products and Services Ltd) [1],1.00,1,,201,161,28,1,1.00
27210,1178490,Fluconazole 50mg capsules (Accord-UK Ltd) [7],7.00,7,,117,48,22,1,1.00
14643,6294136,Azarga 10mg/ml / 5mg/ml eye drops (PI) (Novartis Pharmaceuticals UK Ltd) [5],5.00,5,,91,40,40,1,1.00
46409,4266490,Trehapan eye drops preservative free (Visufarma UK Ltd) [10],10.00,10,,93,46,30,1,1.00
33581,4093217,Bricanyl 500micrograms/dose Turbohaler (AstraZeneca UK Ltd) [120],120.00,120,,103,45,44,1,1.00
46483,6350672,Zestril 10mg tablets (PI) (Atnahs Pharma UK Ltd) [28],28.00,28,,131,52,17,1,1.00
41830,0352161,Juvela gluten free mix (Juvela Ltd) [500],500.00,500,,191,126,53,1,1.00
38902,1186667,Trihexyphenidyl 5mg/5ml syrup (Rosemont Pharmaceuticals Ltd) [200],200.00,200,,149,60,60,1,1.00
2433,0159111,Epaderm ointment (Molnlycke Health Care Ltd) [125],125.00,125,,65,65,80,1,1.00
32783,1178409,Citalopram 20mg tablets (Accord-UK Ltd) [28],28.00,28,,101,57,24,1,1.00
48335,8069569,"EpiPen 300micrograms/0.3ml (1 in 1,000) solution for injection auto-injectors (PI) (Viatris UK Healthcare Ltd) [1]",1.00,1,,173,46,37,1,1.00
11981,3559309,Gedarel 30microgram/150microgram tablets (Gedeon Richter (UK) Ltd) [63],63.00,63,,127,51,29,1,1.00
50929,8111130,Guanfacine 1mg modified-release tablets (Alliance Healthcare (Distribution) Ltd) [28],28.00,28,,90,82,65,1,1.00
5671,0245852,"Uriplan sterile leg bag D5S 500ml bag, direct inlet (Bard Ltd) [10]",10.00,10,,412,153,118,1,1.00
19502,3981214,Performa testing strips (Roche Diabetes Care Ltd) [50],50.00,50,,73,49,48,1,1.00
6614,0227074,Kaltostat dressing 2g (ConvaTec Ltd) [5],5.00,5,,189,123,31,1,1.00
26533,4035614,Microdot Safety Pen hypodermic insulin needles for pre-filled / reusable pen injectors screw on 5mm/30gauge (Cambridge Sensors Ltd) [100],100.00,100,,100,110,130,1,1.00
48459,8087074,Budesonide 64micrograms/dose nasal spray (Alliance Healthcare (Distribution) Ltd) [120],120.00,120,,114,41,41,1,1.00
19423,3442852,Fresubin 2kcal Creme dessert praline (Fresenius Kabi Ltd) [500],500.00,500,,188,95,90,1,1.00
32805,1208792,Furosemide 20mg/2ml solution for injection ampoules (Accord-UK Ltd) [10],10.00,10,,101,91,40,1,1.00
357,0335695,Innovace 5mg tablets (Organon Pharma (UK) Ltd) [28],28.00,28,,97,50,30,1,1.00
46015,1079581,Indapamide 2.5mg tablets (Alliance Healthcare (Distribution) Ltd) [56],56.00,56,,98,50,31,1,1.00
44002,8123580,Inspra 25mg tablets (PI) (Viatris UK Healthcare Ltd) [28],28.00,28,,96,57,25,1,1.00
15706,8439101,Keppra 1g tablets (PI) (UCB Pharma Ltd) [60],60.00,60,,122,62,62,1,1.00
40437,4171070,AaproMel 0.3% eye drops (Essential-Healthcare Ltd) [10],10.00,10,,70,33,30,1,1.00
50799,1283969,Primidone 50mg tablets (Crescent Pharma Ltd) [100],100.00,100,,106,39,79,1,1.00
6019,2184430,Conveen EasiCath catheter female 10Ch 5370 (Coloplast Ltd) [25],25.00,25,,254,113,59,1,1.00
1553,2549905,Pariet 20mg gastro-resistant tablets (Eisai Ltd) [28],28.00,28,,150,61,31,1,1.00
7192,3116589,Appeel No Sting medical adhesive remover aerosol 3500 (CliniMed Ltd) [50],50.00,50,,128,35,35,1,1.00
19075,6839328,Stalevo 100mg/25mg/200mg tablets (PI) (Orion Pharma (UK) Ltd) [100],100.00,100,,109,60,59,1,1.00
46527,1110816,Paracetamol 500mg effervescent tablets (Almus Pharmaceuticals Ltd) [100],100.00,100,,250,101,48,1,1.00
44350,8054777,Sodium valproate 200mg gastro-resistant tablets (Alliance Healthcare (Distribution) Ltd) [30],30.00,30,,107,51,28,1,1.00
41373,4214722,Dexcom One Sensor (Dexcom International Ltd) [3],3.00,3,,217,171,63,1,1.00
51167,8442642,Clobazam 10mg/5ml oral suspension sugar free (Alliance Healthcare (Distribution) Ltd) [250],250.00,250,,151,91,65,1,1.00
27511,4034989,Flolan 500microgram powder and solvent for solution for infusion vials (GlaxoSmithKline UK Ltd) [1],1.00,1,,120,106,96,1,1.00
50921,8114696,Ethambutol 400mg tablets (Alliance Healthcare (Distribution) Ltd) [56],56.00,56,,35,145,55,1,1.00
42188,0918698,Co-codamol 8mg/500mg tablets (Pot) (Accord-UK Ltd) [100],100.00,100,,100,46,23,1,1.00
5203,3548674,Scholl Softgrip class II below knee stocking circular knit standard stock size closed toe Medium Soft-Black (SSL International Plc) [2],2.00,2,,141,91,31,1,1.00
42183,1056456,Aciclovir 400mg tablets (Accord-UK Ltd) [56],56.00,56,,133,46,30,1,1.00
48662,8108276,"Nystatin 100,000units/ml oral suspension (Alliance Healthcare (Distribution) Ltd) [30]",30.00,30,,66,50,116,1,1.00
2458,2656106,Flixonase 50micrograms/dose aqueous nasal spray (GlaxoSmithKline UK Ltd) [150],150.00,150,,116,45,35,1,1.00
51367,4366605,Vevizye 1mg/ml eye drops (Thea Pharmaceuticals Ltd) [2],2.00,2,,29,29,72,1,1.00
45895,5014295,Chlorphenamine 10mg/1ml solution for injection ampoules (Alliance Healthcare (Distribution) Ltd) [5],5.00,5,,90,85,20,1,1.00
29897,4042263,Altrashot 120ml bottles strawberry (Nualtra Ltd) [4],4.00,4,,102,98,115,1,1.00
44528,4185518,ColoPep 0.2ml gastro-resistant capsules (TriOn Pharma Ltd) [84],84.00,84,,123,67,38,1,1.00
34751,4101119,CyanocoB12 50microgram tablets (TriOn Pharma Ltd) [50],50.00,50,,112,52,35,1,1.00
4379,2344653,Crystacide 1% cream (Reig Jofre UK Ltd) [25],25.00,25,,132,34,30,1,1.00
50166,8059537,Diclofenac sodium 100mg modified-release tablets (Alliance Healthcare (Distribution) Ltd) [28],28.00,28,,100,62,18,1,1.00
8642,1131655,Azithromycin 250mg tablets (Teva UK Ltd) [4],4.00,4,,106,44,22,1,1.00
44451,8024887,Nefopam 30mg tablets (Alliance Healthcare (Distribution) Ltd) [30],30.00,30,,108,62,25,1,1.00
43923,1253525,Docusate 100mg/5ml oral solution sugar free (Rosemont Pharmaceuticals Ltd) [300],300.00,300,,169,71,69,1,1.00
12249,1155662,Mirtazapine 15mg orodispersible tablets (Almus Pharmaceuticals Ltd) [30],30.00,30,,185,60,43,1,1.00
8696,2678043,IntraSite Conformable dressing 10cm x 10cm square (Smith & Nephew Healthcare Ltd) [10],10.00,10,,206,165,21,1,1.00
51263,8108417,Galantamine 16mg modified-release capsules (Alliance Healthcare (Distribution) Ltd) [28],28.00,28,,67,30,130,1,1.00
26139,8116097,Cyclizine 50mg tablets (Alliance Healthcare (Distribution) Ltd) [30],30.00,30,,101,41,21,1,1.00
42178,8008740,Adizem-XL 200mg capsules (PI) (Napp Pharmaceuticals Ltd) [28],28.00,28,,110,73,36,1,1.00
7606,3171253,Aviva testing strips (Roche Diabetes Care Ltd) [50],50.00,50,,70,47,47,1,1.00
33019,4074191,Yaltormin SR 500mg tablets (Wockhardt UK Ltd) [56],56.00,56,,86,78,40,1,1.00
16715,6291611,Eklira 322micrograms/dose Genuair (PI) (Covis Pharma GmbH) [60],60.00,60,,150,93,47,1,1.00
21809,8125742,Trajenta 5mg tablets (PI) (Boehringer Ingelheim Ltd) [30],30.00,30,,54,130,32,1,1.00
2412,0109512,Imigran Subject 6mg/0.5ml solution for injection syringe refill pack (GlaxoSmithKline UK Ltd) [2],2.00,2,,85,49,40,1,1.00
31843,6838932,Aveeno cream (PI) (Kenvue UK Ltd) [500],500.00,500,,200,78,60,1,1.00
8023,3200052,LimbO limb protector adult half leg normal build short MP80S (Thesis Technology Products and Services Ltd) [1],1.00,1,,323,234,45,1,1.00
15270,8092124,Mupirocin 2% ointment (Alliance Healthcare (Distribution) Ltd) [15],15.00,15,,124,41,41,1,1.00
1990,0472068,Buscopan 10mg tablets (Opella POM UK Ltd) [56],56.00,56,,115,64,34,1,1.00
26235,8125502,Nexium 10mg gastro-resistant granules sachets (PI) (Grunenthal Ltd) [28],28.00,28,,148,105,57,1,1.00
49939,3252723,Champix 0.5mg tablets (Pfizer Ltd) [56],56.00,56,,98,49,49,1,1.00
47045,1273614,Rivaroxaban 10mg tablets (Teva UK Ltd) [30],30.00,30,,28,56,128,1,1.00
51580,8103012,Loperamide 2mg oral lyophilisates sugar free (Alliance Healthcare (Distribution) Ltd) [6],6.00,6,,38,25,93,1,1.00
47987,8077323,Clonazepam 500micrograms/5ml oral solution sugar free (Alliance Healthcare (Distribution) Ltd) [150],150.00,150,,51,71,143,1,1.00
22695,2603660,Eltroxin 100microgram tablets (Advanz Pharma) [28],28.00,28,,134,49,19,1,1.00
51202,8095390,Adapalene 0.1% / Benzoyl peroxide 2.5% gel (Alliance Healthcare (Distribution) Ltd) [60],60.00,60,,43,43,134,1,1.00
4598,3012101,Neoral 10mg capsules (Novartis Pharmaceuticals UK Ltd) [60],60.00,60,,165,57,36,1,1.00
21187,8081127,Pregabalin 225mg capsules (Alliance Healthcare (Distribution) Ltd) [56],56.00,56,,144,71,60,1,1.00
2075,7025083,Piroxicam 0.5% gel (Alliance Healthcare (Distribution) Ltd) [112],112.00,112,,179,55,38,1,1.00
17933,3941754,Biquelle XL 50mg tablets (Aspire Pharma Ltd) [60],60.00,60,,102,56,42,1,1.00
16601,3856374,"SunVit-D3 1,000unit tablets (SunVit-D3 Ltd) [28]",28.00,28,,125,83,19,1,1.00
33030,8111361,Stalevo 125mg/31.25mg/200mg tablets (PI) (Orion Pharma (UK) Ltd) [100],100.00,100,,60,60,59,1,1.00
19487,3866688,Hylo-Fresh 0.03% eye drops preservative free (Scope Ophthalmics Ltd) [10],10.00,10,,112,40,36,1,1.00
19014,3933520,TriCare hypodermic insulin needles for pre-filled / reusable pen injectors screw on 5mm/31gauge (Owen Mumford Ltd) [100],100.00,100,,123,74,72,1,1.00
7999,1117829,Domperidone 10mg tablets (Almus Pharmaceuticals Ltd) [30],30.00,30,,105,52,19,1,1.00
44251,8041469,Lidocaine 5% / Phenylephrine 0.5% nasal spray (Alliance Healthcare (Distribution) Ltd) [2.50],2.50,0,,125,40,27,1,1.00
33327,1209030,Montelukast 10mg tablets (Accord-UK Ltd) [28],28.00,28,,147,87,23,1,1.00
50957,8055154,Progesterone micronised 100mg capsules (Alliance Healthcare (Distribution) Ltd) [30],30.00,30,,99,62,30,1,1.00
7677,1124171,Aspirin 300mg dispersible tablets (Accord-UK Ltd) [32],32.00,32,,88,70,24,1,1.00
45998,6287445,Pramipexole 1.05mg modified-release tablets (Alliance Healthcare (Distribution) Ltd) [30],30.00,30,,126,76,26,1,1.00
36667,4151460,Epival CR 500mg tablets (G.L. Pharma UK Ltd) [30],30.00,30,,110,60,60,1,1.00
40374,4196663,NovoPen Echo Plus hypodermic insulin injection pen reusable for 3ml cartridge 0.5 unit dial up / range 0.5-30 units Blue (Novo Nordisk Ltd) [1],1.00,1,,212,124,48,1,1.00
2951,2008977,Atrovent 500micrograms/2ml nebuliser liquid UDVs (Boehringer Ingelheim Ltd) [20],20.00,20,,190,79,31,1,1.00
46023,8062804,Elleste Duet 2mg tablets (PI) (Exeltis UK Ltd) [84],84.00,84,,96,65,25,1,1.00
1039,0579409,Dioctyl 100mg capsules (Teofarma S.r.l.) [100],100.00,100,,40,40,85,1,1.00
14623,7023724,Topamax 25mg tablets (PI) (Janssen-Cilag Ltd) [60],60.00,60,,148,57,47,1,1.00
25225,4008116,ExoCream (Penlan Healthcare Ltd) [125],125.00,125,,69,67,67,1,1.00
48338,8060725,Ontozry 200mg tablets (PI) (Angelini Pharma UK-I Ltd) [28],28.00,28,,20,125,78,1,1.00
19955,1202571,Clarithromycin 250mg/5ml oral suspension (Almus Pharmaceuticals Ltd) [70],70.00,70,,131,83,57,1,1.00
31750,3185600,Crestor 5mg tablets (AstraZeneca UK Ltd) [28],28.00,28,,150,74,28,1,1.00
11911,3551686,SpeediCath Compact Plus catheter female 12Ch 28812 (Coloplast Ltd) [30],30.00,30,,115,130,40,1,1.00
15939,3605615,"BD AutoShield Duo hypodermic insulin needles for pre-filled / reusable pen injectors screw on 5mm/30gauge (Becton, Dickinson UK Ltd) [100]",100.00,100,,145,123,118,1,1.00
50307,4288668,AAA Menthol 2% in Aqueous cream (TriOn Pharma Ltd) [500],500.00,500,,50,50,65,1,1.00
29799,1202720,Anastrozole 1mg tablets (Almus Pharmaceuticals Ltd) [28],28.00,28,,137,49,18,1,1.00
29737,1078708,Saline Steripoules nebuliser liquid 2.5ml unit dose ampoules (Galen Ltd) [20],20.00,20,,190,80,30,1,1.00
44612,1243948,Atropine 1mg/10ml solution for injection pre-filled syringes (Accord-UK Ltd) [1],1.00,1,,210,42,35,1,1.00
13403,3694924,Cutimed Protect cream (Essity UK Ltd) [90],90.00,90,,30,30,150,1,1.00
43782,4241311,Dimaz 20mg/ml eye drops (Scope Ophthalmics Ltd) [5],5.00,5,,31,31,76,1,1.00
4591,2150506,Fybogel Lemon 3.5g effervescent granules sachets SF (Reckitt Benckiser Healthcare (UK) Ltd) [30],30.00,30,,154,137,96,1,2.00
1517,2826345,Detrusitol XL 4mg capsules (Viatris UK Healthcare Ltd) [28],28.00,28,,88,53,29,1,1.00
2409,0769638,Sodium chloride 0.9% solution for injection 5ml ampoules (Alliance Healthcare (Distribution) Ltd) [10],10.00,10,,100,89,38,1,1.00
9843,3341989,Flexitol 25% Urea Heel Balm (Thornton & Ross Ltd) [75],75.00,75,,169,49,39,1,1.00
33650,4095733,Depakote 250mg gastro-resistant tablets (Sanofi) [30],30.00,30,,150,30,85,1,1.00
19076,6839336,Stalevo 150mg/37.5mg/200mg tablets (PI) (Orion Pharma (UK) Ltd) [100],100.00,100,,107,56,55,1,1.00
44119,8031882,Amlodipine 5mg tablets (Alliance Healthcare (Distribution) Ltd) [500],500.00,500,,103,48,48,1,1.00
24462,8114357,Emselex 7.5mg modified-release tablets (PI) (pharmaand GmbH) [28],28.00,28,,112,46,26,1,1.00
2019,0447573,Madopar 100mg/25mg capsules (Roche Products Ltd) [100],100.00,100,,119,50,53,1,1.00
7165,3102654,Comfifast Easywrap stockinette mittens 2-8 years (Vernacare International Ltd) [2],2.00,2,,121,84,32,1,1.00
13205,8466179,Valsartan 40mg tablets (Alliance Healthcare (Distribution) Ltd) [7],7.00,7,,135,66,19,1,1.00
7971,1110923,Simvastatin 80mg tablets (Almus Pharmaceuticals Ltd) [28],28.00,28,,100,90,23,1,1.00
51166,8071904,Cinnarizine 20mg / Dimenhydrinate 40mg tablets (Alliance Healthcare (Distribution) Ltd) [100],100.00,100,,50,88,49,1,1.00
37092,4155347,Insupen Original hypodermic insulin needles for pre-filled / reusable pen injectors screw on 5mm/31gauge (Spirit Healthcare Ltd) [100],100.00,100,,75,125,72,1,1.00
99,1062991,Digoxin 62.5microgram tablets (Accord-UK Ltd) [28],28.00,28,,106,36,19,1,1.00
48162,4287108,Epiduo 0.3%/2.5% gel (Galderma (UK) Ltd) [60],60.00,60,,43,43,154,1,1.00
12247,1155670,Mirtazapine 30mg orodispersible tablets (Almus Pharmaceuticals Ltd) [30],30.00,30,,164,68,31,1,1.00
10641,3387990,Aveeno cream (Kenvue UK Ltd) [300],300.00,300,,199,83,53,1,1.00
8793,3241734,Fosrenol 1000mg chewable tablets (Takeda UK Ltd) [90],90.00,90,,140,115,92,1,1.00
16595,3864097,Xailin Fresh 0.5% eye drops 0.4ml unit dose preservative free (Visufarma UK Ltd) [30],30.00,30,,82,67,55,1,1.00
26866,8128233,Folic acid 5mg/5ml oral solution sugar free (Alliance Healthcare (Distribution) Ltd) [150],150.00,150,,136,57,56,1,1.00
16636,3807575,Allevyn Life Sacrum dressing 17.2cm x 17.5cm (Smith & Nephew Healthcare Ltd) [10],10.00,10,,232,215,77,1,1.00
10795,8158024,Ropinirole 250microgram tablets (Alliance Healthcare (Distribution) Ltd) [12],12.00,12,,112,63,27,1,1.00
17410,3863735,Spedra 100mg tablets (A. Menarini Farmaceutica Internazionale SRL) [8],8.00,8,,87,52,30,1,1.00
7567,6336473,Lamotrigine 200mg tablets (Alliance Healthcare (Distribution) Ltd) [56],56.00,56,,118,48,30,1,1.00
313,1057363,Prednisolone 5mg tablets (Accord-UK Ltd) [28],28.00,28,,106,36,18,1,1.00
41617,2120285,Slozem 180mg capsules (Zentiva Pharma UK Ltd) [28],28.00,28,,157,52,31,1,1.00
50755,8051708,Levetiracetam 1g granules for oral solution sachets sugar free (Alliance Healthcare (Distribution) Ltd) [60],60.00,60,,157,128,110,1,1.00
32714,3926144,Xailin HA 0.2% eye drops (Visufarma UK Ltd) [10],10.00,10,,86,37,27,1,1.00
41504,8045635,Vimpat 100mg tablets (BUK) (UCB Pharma Ltd) [14],14.00,14,,108,62,31,1,1.00
11831,3537289,Catacrom 2% eye drops 0.3ml unit dose (Rayner Pharmaceuticals Ltd) [30],30.00,30,,174,76,31,1,1.00
7918,1110113,Digoxin 125microgram tablets (Almus Pharmaceuticals Ltd) [28],28.00,28,,117,52,17,1,1.00
5327,3548658,Scholl Softgrip class II thigh length stocking circular knit standard stock size closed toe Extra large Natural (SSL International Plc) [2],2.00,2,,142,92,32,1,1.00
6329,3021607,"BD Micro-Fine + hypodermic U100 insulin syringe sterile single use / single patient use 1ml with 8mm needle 0.3mm/30gauge (Becton, Dickinson UK Ltd) [10]",10.00,10,,175,147,86,1,10.00
17885,6291843,Alvesco 160 inhaler (PI) (Covis Pharma GmbH) [120],120.00,120,,102,59,36,1,1.00
46679,8058018,Wynzora 50micrograms/g / 0.5mg/g cream (PI) (Almirall Ltd) [60],60.00,60,,167,51,36,1,1.00
48358,8069551,Cyclogest 400mg pessaries (PI) (L.D. Collins & Co. Ltd) [15],15.00,15,,30,59,103,1,1.00
36774,4157038,Rybelsus 14mg tablets (Novo Nordisk Ltd) [30],30.00,30,,152,78,40,1,1.00
39707,8038374,Carbamazepine 100mg tablets (Medreich Plc) [84],84.00,84,,86,52,29,1,1.00
49398,1273879,Orlistat 120mg capsules (Accord-UK Ltd) [84],84.00,84,,68,123,58,1,1.00
5159,2590776,Activa class II below knee stocking circular knit standard stock size closed toe Large Black (L&R Medical UK Ltd) [2],2.00,2,,168,116,33,1,1.00
1617,2891745,Comfifast stockinette 3.5cm (Vernacare International Ltd) [1],1.00,1,,154,96,21,1,1.00
48101,1276369,Clobetasol 0.05% cream (Accord-UK Ltd) [30],30.00,30,,123,123,36,1,1.00
27291,4011763,AproDerm Colloidal Oat cream (GB) (Fontus Health Ltd) [100],100.00,100,,43,41,145,1,1.00
36994,8122061,Contour testing strips (PI) (Ascensia Diabetes Care UK Ltd) [50],50.00,50,,74,48,45,1,1.00
51414,8099301,Desmopressin 10micrograms/dose nasal spray (Alliance Healthcare (Distribution) Ltd) [60],60.00,60,,34,34,100,1,1.00
45991,5020904,Nortriptyline 10mg tablets (Alliance Healthcare (Distribution) Ltd) [100],100.00,100,,106,51,47,1,1.00
24730,4026746,Xadago 50mg tablets (Zambon UK Ltd) [30],30.00,30,,99,44,21,1,1.00
447,7018856,Pilocarpine hydrochloride 1% eye drops (Alliance Healthcare (Distribution) Ltd) [10],10.00,10,,36,36,27,1,1.00
2285,0903112,Uniroid HC ointment (Essential Generics Ltd) [30],30.00,30,,154,42,33,1,1.00
51277,8046203,Minoxidil 2.5mg tablets (Alliance Healthcare (Distribution) Ltd) [60],60.00,60,,100,41,36,1,1.00
49219,4282562,AactiMed Emulsifying ointment (TriOn Pharma Ltd) [500],500.00,500,,40,40,80,1,1.00
50230,4353009,Flutikaz 27.5micrograms/dose nasal spray (Teva UK Ltd) [120],120.00,120,,40,103,40,1,1.00
20998,3958063,GlucoRx Safety lancets 1.6mm/30gauge (GlucoRx Ltd) [100],100.00,100,,123,102,66,1,1.00
14739,7024151,Topamax 50mg tablets (PI) (Janssen-Cilag Ltd) [60],60.00,60,,147,55,45,1,1.00
45822,8055253,Melatonin 1mg/ml oral solution alcohol free sugar free (Special Order) [150],150.00,150,,72,70,162,1,1.00
47,2462596,Amias 2mg tablets (Neon Healthcare Ltd) [7],7.00,7,,105,44,35,1,1.00
15489,8449159,Allevyn Gentle Border dressing 7.5cm x 7.5cm (PI) (Smith & Nephew Healthcare Ltd) [10],10.00,10,,131,114,46,1,1.00
51109,1288877,Guanfacine 2mg modified-release tablets (Accord-UK Ltd) [28],28.00,28,,27,115,64,1,1.00
44003,8123960,Inspra 50mg tablets (PI) (Viatris UK Healthcare Ltd) [28],28.00,28,,96,58,26,1,1.00
48658,1283886,Famotidine 20mg tablets (Accord-UK Ltd) [28],28.00,28,,25,98,54,1,1.00
46066,8048829,Xadago 100mg tablets (PI) (Zambon UK Ltd) [30],30.00,30,,101,44,23,1,1.00
47495,1275056,Darifenacin 7.5mg modified-release tablets (Accord-UK Ltd) [28],28.00,28,,25,110,70,1,1.00
13066,8440182,Olanzapine 2.5mg tablets (Alliance Healthcare (Distribution) Ltd) [28],28.00,28,,156,75,27,1,1.00
1183,2391019,Zemtard 240 XL capsules (Galen Ltd) [28],28.00,28,,122,72,23,1,1.00
1717,2155075,Valtrex 500mg tablets (GlaxoSmithKline UK Ltd) [42],42.00,42,,130,60,28,1,1.00
537,7027899,Levothyroxine sodium 25microgram tablets (Alliance Healthcare (Distribution) Ltd) [500],500.00,500,,70,58,57,1,1.00
44339,4255931,Zapain 30mg/500mg capsules (Advanz Pharma) [50],50.00,50,,88,68,48,1,1.00
26298,1207562,Losartan 25mg tablets (Almus Pharmaceuticals Ltd) [28],28.00,28,,99,55,22,1,1.00
50746,8057622,Ibuprofen 100mg/5ml oral suspension sugar free (Alliance Healthcare (Distribution) Ltd) [150],150.00,150,,55,65,120,1,1.00
15407,7024185,Trusopt 20mg/ml eye drops (PI) (Santen UK Ltd) [5],5.00,5,,82,37,35,1,1.00
45922,1259522,Nadolol 80mg tablets (Neon Healthcare Ltd) [28],28.00,28,,300,120,52,1,1.00
11511,8436222,Topiramate 50mg tablets (Alliance Healthcare (Distribution) Ltd) [60],60.00,60,,128,54,35,1,1.00
9137,1117126,Sumatriptan 100mg tablets (Almus Pharmaceuticals Ltd) [6],6.00,6,,107,63,21,1,1.00
19957,1203025,Metformin 500mg modified-release tablets (Almus Pharmaceuticals Ltd) [56],56.00,56,,149,47,42,1,1.00
48115,4285961,AaCa D3 750mg/200unit caplets (TriOn Pharma Ltd) [112],112.00,112,,113,58,58,1,1.00
42074,4207379,AacuLose Hypromellose 0.3% eye drops (TriOn Pharma Ltd) [10],10.00,10,,80,29,29,1,1.00
43326,8059495,Metoprolol 100mg tablets (Alliance Healthcare (Distribution) Ltd) [56],56.00,56,,63,109,40,1,1.00
50203,6810618,Zonegran 25mg capsules (PI) (Advanz Pharma) [14],14.00,14,,150,61,31,1,1.00
37030,4156816,FerroDose-F 322mg tablets (TriOn Pharma Ltd) [28],28.00,28,,134,44,17,1,1.00
1851,0311118,Cocois ointment (RPH Pharmaceuticals AB) [40],40.00,40,,158,36,32,1,1.00
10741,3286341,Maxitram SR 50mg capsules (Chiesi Ltd) [60],60.00,60,,98,67,50,1,1.00
2979,2446060,Oxis 12 Turbohaler (AstraZeneca UK Ltd) [60],60.00,60,,102,44,44,1,1.00
36183,4101762,Clinitas 0.2% eye drops 0.5ml unit dose preservative free (Altacor Ltd) [30],30.00,30,,130,89,48,1,1.00
34554,1228394,Ibuprofen Seven Plus Pain Relief 200mg/5ml oral suspension (Aspire Pharma Ltd) [100],100.00,100,,122,55,55,1,1.00
50946,8004574,Olmesartan medoxomil 20mg / Hydrochlorothiazide 12.5mg tablets (Alliance Healthcare (Distribution) Ltd) [28],28.00,28,,124,50,43,1,1.00
42147,4049573,PepperMinn 0.2ml gastro-resistant capsules (Essential-Healthcare Ltd) [84],84.00,84,,112,65,66,1,1.00
10122,8461519,Oxcarbazepine 300mg tablets (Alliance Healthcare (Distribution) Ltd) [50],50.00,50,,99,71,45,1,1.00
16691,3863743,Spedra 200mg tablets (A. Menarini Farmaceutica Internazionale SRL) [4],4.00,4,,86,52,24,1,1.00
5261,3550936,Scholl Softgrip class I below knee stocking circular knit standard stock size open toe Extra large Natural (SSL International Plc) [2],2.00,2,,142,91,30,1,1.00
38611,4180337,Vizidor 20mg/ml eye drops (Bausch & Lomb UK Ltd) [5],5.00,5,,82,30,30,1,1.00
50723,8945123,Eslicarbazepine 200mg tablets (Alliance Healthcare (Distribution) Ltd) [60],60.00,60,,62,59,42,1,1.00
34686,1142926,Hydrocortisone 0.5% ointment (Essential Generics Ltd) [15],15.00,15,,128,43,33,1,1.00
43626,8025447,Fludroxycortide 4micrograms/square cm tape 7.5cm (Alliance Healthcare (Distribution) Ltd) [50],50.00,50,,99,53,53,1,1.00
21591,8097834,Propylthiouracil 50mg tablets (Alliance Healthcare (Distribution) Ltd) [56],56.00,56,,96,47,47,1,1.00
19982,3978947,Lixiana 60mg tablets (Daiichi Sankyo UK Ltd) [28],28.00,28,,113,67,27,1,1.00
8335,2771384,Clenil Modulite 250micrograms/dose inhaler (Chiesi Ltd) [200],200.00,200,,109,51,37,1,1.00
13817,3706041,Aquacel Foam dressing (adhesive) 20cm x 16.9cm sacral (ConvaTec Ltd) [5],5.00,5,,294,225,41,1,1.00
14811,3672540,Fresubin YOcreme dessert apricot-peach (Fresenius Kabi Ltd) [500],500.00,500,,187,95,90,1,1.00
46411,7096480,Chlorhexidine gluconate 0.2% mouthwash peppermint (Alliance Healthcare (Distribution) Ltd) [300],300.00,300,,64,64,138,1,1.00
50730,8061582,Cytisine 1.5mg tablets (Alliance Healthcare (Distribution) Ltd) [100],100.00,100,,136,66,20,1,1.00
16886,3585346,Priligy 30mg tablets (A. Menarini Farmaceutica Internazionale SRL) [6],6.00,6,,123,55,13,1,1.00
735,0147264,Ketostix testing strips (Ascensia Diabetes Care UK Ltd) [50],50.00,50,,108,44,44,1,1.00
45954,8057119,Propantheline bromide 15mg tablets (Alliance Healthcare (Distribution) Ltd) [112],112.00,112,,67,47,46,1,1.00
13415,3703113,Zeroderm ointment (Thornton & Ross Ltd) [500],500.00,500,,103,103,109,1,1.00
46373,8033706,Metformin 500mg oral powder sachets sugar free (Alliance Healthcare (Distribution) Ltd) [30],30.00,30,,121,58,37,1,1.00
3147,2897585,Cerazette 75microgram tablets (Organon Pharma (UK) Ltd) [84],84.00,84,,140,49,34,1,1.00
44639,8049470,Co-amoxiclav 500mg/125mg tablets (Alliance Healthcare (Distribution) Ltd) [15],15.00,15,,93,82,31,1,1.00
18978,3948890,Ipinnia XL 8mg tablets (Ethypharm UK Ltd) [28],28.00,28,,148,74,57,1,1.00
51214,8111270,Pentoxifylline 400mg modified-release tablets (Alliance Healthcare (Distribution) Ltd) [90],90.00,90,,90,82,65,1,1.00
25235,3878816,Maexeni 150microgram/30microgram tablets (Lupin Healthcare (UK) Ltd) [63],63.00,63,,104,54,25,1,1.00
40438,4173597,AsparDose 243mg (magnesium 10mmol) oral powder sachets (TriOn Pharma Ltd) [10],10.00,10,,108,81,35,1,1.00
12747,3647831,Codipar 15mg/500mg capsules (Advanz Pharma) [100],100.00,100,,93,90,67,1,1.00
22241,4022232,Stirlescent 250mg effervescent tablets (Stirling Anglian Pharmaceuticals Ltd) [20],20.00,20,,100,78,38,1,1.00
33195,3184512,Tabphyn MR 400microgram capsules (Genus Pharmaceuticals Ltd) [30],30.00,30,,106,65,30,1,1.00
45207,8056996,AeroChamber Plus Flow-Vu Anti-Static (PI) (Trudell Medical UK Ltd) [1],1.00,1,,150,45,45,1,1.00
46418,8072068,Cyanocobalamin 50microgram tablets (NoPL) (Alliance Healthcare (Distribution) Ltd) [50],50.00,50,,68,32,23,1,1.00
37978,8032450,Paracetamol 500mg soluble tablets (Alliance Healthcare (Distribution) Ltd) [100],100.00,100,,251,103,66,1,1.00
46995,1251438,Paracetamol 250mg/5ml oral suspension sugar free (Almus Pharmaceuticals Ltd) [100],100.00,100,,125,54,57,1,1.00
34790,1209402,Pregabalin 300mg capsules (Accord-UK Ltd) [56],56.00,56,,127,69,50,1,1.00
7299,3141553,Roaccutane 20mg capsules (Neon Healthcare Ltd) [30],30.00,30,,122,50,48,1,1.00
34341,8008765,Vipdomet 12.5mg/1000mg tablets (PI) (Takeda UK Ltd) [56],56.00,56,,143,70,45,1,1.00
51111,1288893,Guanfacine 4mg modified-release tablets (Accord-UK Ltd) [28],28.00,28,,27,115,64,1,1.00
50655,8114308,Bisoprolol 500micrograms/ml oral solution sugar free (Alliance Healthcare (Distribution) Ltd) [150],150.00,150,,51,70,142,1,1.00
6274,3041506,Atrovent 20micrograms/dose inhaler CFC free (Boehringer Ingelheim Ltd) [200],200.00,200,,93,54,35,1,1.00
42440,4227344,Bimi 0.3mg/ml eye drops (Scope Ophthalmics Ltd) [3],3.00,3,,31,31,76,1,1.00
9627,3308111,Diamox SR 250mg capsules (Advanz Pharma) [30],30.00,30,,88,72,32,1,1.00
50566,8113003,Tacrolimus 0.03% ointment (Alliance Healthcare (Distribution) Ltd) [30],30.00,30,,35,155,40,1,1.00
15287,7102361,Prograf 1mg capsules (PI) (Astellas Pharma Ltd) [60],60.00,60,,56,56,38,1,1.00
22341,8098634,Atrauman Ag dressing 10cm x 10cm (PI) (Paul Hartmann Ltd) [10],10.00,10,,188,147,16,1,1.00
50943,8046187,Minoxidil 5mg tablets (Alliance Healthcare (Distribution) Ltd) [60],60.00,60,,117,48,48,1,1.00
30767,4056008,Accrete D3 One a Day 1000mg/880unit chewable tablets (Thornton & Ross Ltd) [30],30.00,30,,201,48,43,1,1.00
358,0005355,Prothiaden 75mg tablets (Teofarma S.r.l.) [28],28.00,28,,102,88,26,1,1.00
34184,4102083,Slenyto 5mg modified-release tablets (Flynn Pharma Ltd) [30],30.00,30,,121,51,36,1,1.00
30115,1208743,Finasteride 1mg tablets (Accord-UK Ltd) [28],28.00,28,,121,69,21,1,1.00
37230,4157772,Dyzantil 300mg modified-release tablets (Aspire Pharma Ltd) [30],30.00,30,,142,81,26,1,1.00
5995,0251348,Esenta Orahesive powder 025535 (ConvaTec Ltd) [25],25.00,25,,115,36,35,1,1.00
34073,3996931,Medi Derma-Pro skin protectant ointment 63605 (Medicareplus International Ltd) [115],115.00,115,,172,49,49,1,1.00
51279,8059974,Lorazepam 250microgram tablets (Alliance Healthcare (Distribution) Ltd) [28],28.00,28,,106,50,28,1,1.00
50255,8110918,Colecalciferol 400unit capsules (NoPL) (Alliance Healthcare (Distribution) Ltd) [30],30.00,30,,12,10,20,1,1.00
26830,4022661,Neon Verifine hypodermic insulin needles for pre-filled / reusable pen injectors screw on 5mm/31gauge (Neon Diagnostics Ltd) [100],100.00,100,,127,82,69,1,1.00
41972,4221719,Aace D3 600unit capsules (Essential-Healthcare Ltd) [28],28.00,28,,96,57,31,1,1.00
2675,2861615,Cetraben cream (Thornton & Ross Ltd) [50],50.00,50,,99,43,43,1,1.00
21654,3154069,Gaviscon Advance oral suspension peppermint (Reckitt Benckiser Healthcare (UK) Ltd) [250],250.00,250,,64,64,133,1,1.00
1383,2534162,Maxalt 5mg tablets (Organon Pharma (UK) Ltd) [6],6.00,6,,97,51,22,1,1.00
44669,8061954,Ranolazine 375mg modified-release tablets (Alliance Healthcare (Distribution) Ltd) [60],60.00,60,,137,66,60,1,1.00
16683,3863727,Spedra 100mg tablets (A. Menarini Farmaceutica Internazionale SRL) [4],4.00,4,,85,50,23,1,1.00
43503,1136944,Gabapentin 100mg capsules (Accord-UK Ltd) [100],100.00,100,,136,62,38,1,1.00
13126,3684172,Salofalk 3g gastro-resistant modified-release granules sachets (Dr. Falk Pharma UK Ltd) [60],60.00,60,,160,103,92,1,1.00
41604,8047078,Lustral 100mg tablets (PI) (Viatris UK Healthcare Ltd) [28],28.00,28,,112,63,26,1,1.00
14875,6324313,Vesicare 10mg tablets (PI) (Astellas Pharma Ltd) [30],30.00,30,,116,45,25,1,1.00
30110,4024667,Cellusan 1% eye drops preservative free (Farmigea S.p.A.) [10],10.00,10,,79,36,36,1,1.00
2619,6835144,Aciclovir 5% cream (Alliance Healthcare (Distribution) Ltd) [2],2.00,2,,79,29,20,1,1.00
7565,6336499,Lamotrigine 50mg tablets (Alliance Healthcare (Distribution) Ltd) [56],56.00,56,,116,48,30,1,1.00
46399,8045189,Buspirone 15mg tablets (Alliance Healthcare (Distribution) Ltd) [30],30.00,30,,109,72,37,1,1.00
29831,1178730,Letrozole 2.5mg tablets (Accord-UK Ltd) [14],14.00,14,,105,40,20,1,1.00
30774,1110717,Isosorbide mononitrate 20mg tablets (Almus Pharmaceuticals Ltd) [56],56.00,56,,136,46,26,1,1.00
36624,1216084,Levetiracetam 100mg/ml oral solution sugar free (Accord-UK Ltd) [300],300.00,300,,178,80,79,1,1.00
13839,3740255,Octasa 400mg MR gastro-resistant tablets (Tillotts Pharma UK Ltd) [90],90.00,90,,100,68,71,1,1.00
16606,3861580,Xailin 0.2% eye gel (Visufarma UK Ltd) [10],10.00,10,,107,30,20,1,1.00
12647,3612066,Kalcipos-D 500mg/800unit chewable tablets (Ceuta Healthcare Ltd) [30],30.00,30,,86,51,51,1,1.00
12345,3564127,Zerobase 11% cream (Thornton & Ross Ltd) [50],50.00,50,,135,48,37,1,1.00
16751,1164581,Flucloxacillin 250mg/5ml oral solution sugar free (Almus Pharmaceuticals Ltd) [100],100.00,100,,180,80,57,1,1.00
36283,4101002,"ColeDose D3 1,000unit capsules (TriOn Pharma Ltd) [30]",30.00,30,,80,57,27,1,1.00
16502,3824612,Zerodouble gel (Thornton & Ross Ltd) [100],100.00,100,,188,48,38,1,1.00
51264,8108425,Galantamine 24mg modified-release capsules (Alliance Healthcare (Distribution) Ltd) [28],28.00,28,,74,30,130,1,1.00
46293,4266714,Movicol oral powder 13.7g sachets lemon & lime (Forum Health Products Ltd) [50],50.00,50,,153,135,139,1,1.00
41842,2807980,Juvela gluten free pasta fusilli (Juvela Ltd) [500],500.00,500,,214,163,73,1,1.00
12229,1151547,Oxybutynin 2.5mg tablets (Almus Pharmaceuticals Ltd) [56],56.00,56,,99,51,32,1,1.00
51110,1288885,Guanfacine 3mg modified-release tablets (Accord-UK Ltd) [28],28.00,28,,27,115,64,1,1.00
44259,8033664,Pivmecillinam 200mg tablets (Alliance Healthcare (Distribution) Ltd) [10],10.00,10,,139,62,25,1,1.00
14223,3806031,Lizinna 250microgram/35microgram tablets (Morningside Healthcare Ltd) [63],63.00,63,,159,65,44,1,1.00
48690,8108805,Diclofenac sodium 3% gel (Alliance Healthcare (Distribution) Ltd) [50],50.00,50,,33,43,162,1,1.00
50328,1275833,Ranolazine 750mg modified-release tablets (Accord-UK Ltd) [60],60.00,60,,62,64,112,1,1.00
41581,2063485,Juvela low protein bread rolls (Juvela Ltd) [350],350.00,350,,216,156,110,1,1.00
39402,4164141,Glucofix Tech Sensor testing strips (A. Menarini Diagnostics Ltd) [50],50.00,50,,68,58,44,1,1.00
2637,8100042,Hydrocortisone 2.5% ointment (Alliance Healthcare (Distribution) Ltd) [15],15.00,15,,129,44,33,1,1.00
22666,8113474,Incruse Ellipta 55micrograms/dose dry powder inhaler (PI) (GlaxoSmithKline UK Ltd) [30],30.00,30,,107,92,46,1,1.00
21195,6836209,Duloxetine 30mg gastro-resistant capsules (Alliance Healthcare (Distribution) Ltd) [28],28.00,28,,136,112,21,1,1.00
51123,4365060,Estradot Conti 30/95 transdermal patches (Sandoz Ltd) [24],24.00,24,,30,116,98,1,1.00
46818,8119224,NovoFine hypodermic insulin needles for pre-filled / reusable pen injectors screw on 8mm/30gauge (PI) (Novo Nordisk Ltd) [100],100.00,100,,130,72,72,1,1.00
51164,8056442,Azathioprine 75mg tablets (Alliance Healthcare (Distribution) Ltd) [100],100.00,100,,114,66,61,1,1.00
27241,4029112,ColeKal-D3 800unit capsules (Essential-Healthcare Ltd) [30],30.00,30,,75,60,32,1,1.00
41742,8048746,Isotard 50XL tablets (PI) (Evolan Pharma AB) [28],28.00,28,,126,48,18,1,1.00
1233,1083229,Naproxen 500mg tablets (Teva UK Ltd) [28],28.00,28,,136,76,21,1,1.00
44994,8061327,Atrovent 20micrograms/dose inhaler CFC free (PI) (Boehringer Ingelheim Ltd) [200],200.00,200,,93,54,45,1,1.00
46999,3697539,Atrauman dressing 5cm x 5cm (Paul Hartmann Ltd) [10],10.00,10,,92,13,122,1,1.00
16527,3854247,Invokana 300mg tablets (A. Menarini Farmaceutica Internazionale SRL) [30],30.00,30,,132,72,41,1,1.00
11054,3456688,Sterimar 31.8% isotonic nasal spray (Church & Dwight UK Ltd) [50],50.00,50,,156,39,38,1,1.00
20780,1135698,Hydrocortisone 10mg tablets (Accord-UK Ltd) [30],30.00,30,,95,40,26,1,1.00
12633,1159631,Bedranol SR 80mg capsules (Almus Pharmaceuticals Ltd) [28],28.00,28,,114,71,23,1,1.00
50934,8111189,Guanfacine 6mg modified-release tablets (Alliance Healthcare (Distribution) Ltd) [28],28.00,28,,90,82,65,1,1.00
11729,3532520,Zicron 40mg tablets (Bristol Laboratories Ltd) [28],28.00,28,,118,52,17,1,1.00
45294,8054132,Mefenamic acid 500mg tablets (Alliance Healthcare (Distribution) Ltd) [84],84.00,84,,96,86,44,1,1.00
51011,8089054,Ryaltris 25micrograms/dose / 600micrograms/dose nasal spray (PI) (Glenmark Pharmaceuticals Europe Ltd) [240],240.00,240,,120,42,42,1,1.00
39423,1248764,WockAIR 320micrograms/dose / 9micrograms/dose dry powder inhaler (Wockhardt UK Ltd) [60],60.00,60,,89,71,32,1,1.00
43342,4214730,Dexcom One Transmitter (Dexcom International Ltd) [1],1.00,1,,103,68,36,1,1.00
40568,4198883,AaCarb Carbomer 0.2% eye gel (TriOn Pharma Ltd) [10],10.00,10,,110,18,23,1,1.00
1001,2334662,Seravit Paediatric powder unflavoured (Nutricia Ltd) [200],200.00,200,,101,101,83,1,1.00
47090,4285409,Tolak 40mg/g cream (Pierre Fabre Ltd) [20],20.00,20,,33,124,31,1,1.00
497,1006071,Tamoxifen 10mg tablets (Teva UK Ltd) [30],30.00,30,,137,48,22,1,1.00
39914,4157673,1 Easy peak flow meter low range EASYL500 (TriOn Pharma Ltd) [1],1.00,1,,161,61,35,1,1.00
28015,6832703,Amantadine 100mg capsules (Alliance Healthcare (Distribution) Ltd) [14],14.00,14,,100,52,21,1,1.00
39055,6305601,Aviva testing strips (PI) (Roche Diabetes Care Ltd) [50],50.00,50,,71,48,47,1,1.00
46518,8118564,Docusate 50mg/5ml oral solution sugar free (Alliance Healthcare (Distribution) Ltd) [300],300.00,300,,169,78,73,1,1.00
40468,1179597,Carmize 0.5% eye drops (Aspire Pharma Ltd) [10],10.00,10,,76,35,32,1,1.00
6917,6804249,Moxonidine 200microgram tablets (Alliance Healthcare (Distribution) Ltd) [28],28.00,28,,99,48,21,1,1.00
51590,4361747,Differin 0.1% cream (Galderma (UK) Ltd) [50],50.00,50,,37,50,140,1,1.00
5109,2590420,Activa class I below knee stocking circular knit standard stock size closed toe Small Sand (L&R Medical UK Ltd) [2],2.00,2,,166,116,31,1,1.00
49942,3252731,Champix 1mg tablets (Pfizer Ltd) [28],28.00,28,,150,108,24,1,1.00
34431,4105185,Intrarosa 6.5mg pessaries (Theramex HQ UK Ltd) [28],28.00,28,,140,72,67,1,1.00
18967,3933504,TriCare hypodermic insulin needles for pre-filled / reusable pen injectors screw on 8mm/31gauge (Owen Mumford Ltd) [100],100.00,100,,123,74,72,1,1.00
43560,8061814,Desmopressin 120microgram sublingual tablets sugar free (Alliance Healthcare (Distribution) Ltd) [30],30.00,30,,92,50,48,1,1.00
29404,3489069,Octenilin irrigation solution 350ml bottles (Schulke & Mayr UK Ltd) [1],1.00,1,,217,60,59,1,1.00
2873,0351478,Hytrin 5mg tablets (Advanz Pharma) [28],28.00,28,,109,49,29,1,1.00
33488,4073102,Nutilis Clear powder 1.25g sachets (Nutricia Ltd) [50],50.00,50,,122,89,89,1,1.00
13408,1170760,Quetiapine 25mg tablets (Teva UK Ltd) [60],60.00,60,,138,49,26,1,1.00
51278,8069940,Melatonin 2mg/ml oral solution sugar free (Alliance Healthcare (Distribution) Ltd) [25],25.00,25,,45,45,110,1,1.00
43691,8032096,Alimemazine 7.5mg/5ml oral solution sugar free (Alliance Healthcare (Distribution) Ltd) [100],100.00,100,,130,57,57,1,1.00
41814,2100923,Juvela gluten free digestive biscuits (Juvela Ltd) [150],150.00,150,,165,65,62,1,1.00
17488,3867140,UrgoTul Absorb Border dressing 10cm x 10cm (Urgo Ltd) [10],10.00,10,,50,180,150,1,1.00
50696,8110991,Diclofenac 2.32% gel (Alliance Healthcare (Distribution) Ltd) [50],50.00,50,,110,36,36,1,1.00
39273,8943805,Methocarbamol 1500mg tablets (Alliance Healthcare (Distribution) Ltd) [100],100.00,100,,129,120,67,1,1.00
296,1099696,Omeprazole 10mg gastro-resistant capsules (Teva UK Ltd) [28],28.00,28,,108,79,41,1,1.00
1876,2233609,Zydol SR 100mg tablets (Grunenthal Ltd) [60],60.00,60,,105,44,40,1,1.00
41618,2120293,Slozem 240mg capsules (Zentiva Pharma UK Ltd) [28],28.00,28,,157,52,32,1,1.00
25575,1199959,Vanquoral 25mg capsules (Teva UK Ltd) [30],30.00,30,,167,73,35,1,1.00
46862,1274182,Icatibant 30mg/3ml solution for injection pre-filled syringes (Wockhardt UK Ltd) [1],1.00,1,,77,187,31,1,1.00
22636,8113433,Levonorgestrel 1.5mg tablets (P) (Alliance Healthcare (Distribution) Ltd) [1],1.00,1,,86,76,30,1,1.00
41789,2979912,Glutafin gluten free Select fibre bread mix (Dr Schar UK Ltd) [500],500.00,500,,195,144,50,1,1.00
36365,4095881,Steglatro 15mg tablets (Merck Sharp & Dohme (UK) Ltd) [28],28.00,28,,103,66,31,1,1.00
41576,4014296,Glutafin gluten free high fibre loaf sliced (Dr Schar UK Ltd) [350],350.00,350,,180,101,70,1,1.00
7124,1112598,Ramipril 5mg capsules (Accord-UK Ltd) [28],28.00,28,,147,77,29,1,1.00
11770,8438624,Alimemazine 30mg/5ml oral solution (Alliance Healthcare (Distribution) Ltd) [100],100.00,100,,128,51,51,1,1.00
29887,8440760,Azilect 1mg tablets (PI) (Teva UK Ltd) [28],28.00,28,,136,66,23,1,1.00
41682,5400361,Vydura 75mg oral lyophilisates (Pfizer Ltd) [8],8.00,8,,123,70,20,1,1.00
51180,8023012,Pregabalin 300mg tablets (Alliance Healthcare (Distribution) Ltd) [56],56.00,56,,115,94,62,1,1.00
9133,1117878,Ramipril 10mg capsules (Almus Pharmaceuticals Ltd) [28],28.00,28,,117,52,26,1,1.00
45757,5024773,Valsartan 160mg tablets (Alliance Healthcare (Distribution) Ltd) [28],28.00,28,,129,65,34,1,1.00
44452,8032971,Candesartan 2mg tablets (Alliance Healthcare (Distribution) Ltd) [28],28.00,28,,116,61,32,1,1.00
4048,0898148,Nutrizym 22 gastro-resistant capsules (Zentiva Pharma UK Ltd) [100],100.00,100,,101,61,60,1,1.00
43490,1183193,Naproxen 500mg tablets (Accord-UK Ltd) [28],28.00,28,,117,61,22,1,1.00
31725,6802623,Trileptal 60mg/ml oral suspension (PI) (Novartis Pharmaceuticals UK Ltd) [250],250.00,250,,172,95,75,1,1.00
48166,1280536,Sirolimus 500microgram tablets (Pfizer Ltd) [30],30.00,30,,109,25,61,1,1.00
40266,4178752,Tiogiva 18microgram inhalation powder capsules with device (Glenmark Pharmaceuticals Europe Ltd) [30],30.00,30,,150,92,66,1,1.00
13445,3695822,Care Simple linctus paediatric sugar free (Thornton & Ross Ltd) [200],200.00,200,,150,58,58,1,1.00
3341,8140279,Celiprolol 400mg tablets (Alliance Healthcare (Distribution) Ltd) [28],28.00,28,,73,74,26,1,1.00
46924,8063620,Sevelamer 800mg tablets (Alliance Healthcare (Distribution) Ltd) [180],180.00,180,,131,77,77,1,1.00
8360,1139922,Codeine 30mg tablets (Teva UK Ltd) [100],100.00,100,,136,47,22,1,1.00
42186,1045277,Co-dydramol 10mg/500mg tablets (Pot) (Accord-UK Ltd) [100],100.00,100,,100,44,44,1,1.00
30221,4047692,Aloflute 25micrograms/dose / 250micrograms/dose inhaler (Viatris UK Healthcare Ltd) [120],120.00,120,,100,59,36,1,1.00
400,1099746,Doxazosin 4mg tablets (Teva UK Ltd) [28],28.00,28,,138,49,23,1,1.00
10418,3403623,Vimpat 100mg tablets (UCB Pharma Ltd) [56],56.00,56,,108,62,32,1,1.00
2949,2421659,Evorel Sequi patches (Theramex HQ UK Ltd) [8],8.00,8,,81,79,21,1,1.00
20221,3891157,"SunVit-D3 2,000unit tablets (SunVit-D3 Ltd) [28]",28.00,28,,127,84,19,1,1.00
45520,5401336,Dabigatran etexilate 110mg capsules (Accord-UK Ltd) [60],60.00,60,,148,86,68,1,1.00
13208,8466195,Valsartan 160mg / Hydrochlorothiazide 12.5mg tablets (Alliance Healthcare (Distribution) Ltd) [28],28.00,28,,136,48,23,1,1.00
50942,8383614,Midodrine 5mg tablets (Alliance Healthcare (Distribution) Ltd) [100],100.00,100,,41,41,43,1,1.00
13173,3675428,Greenlan lancets 0.35mm/28gauge (Neon Diagnostics Ltd) [200],200.00,200,,48,105,70,1,1.00
500,1082734,Ferrous sulfate 200mg tablets (Accord-UK Ltd) [28],28.00,28,,117,47,19,1,1.00
34550,4101408,FerroEss 305mg capsules (Essential-Healthcare Ltd) [100],100.00,100,,79,78,57,1,1.00
26313,4033478,Acidex Advance oral suspension peppermint (Wockhardt UK Ltd) [250],250.00,250,,145,60,60,1,1.00
42381,8460883,Depo-Medrone 40mg/1ml suspension for injection vials (PI) (Pfizer Ltd) [1],1.00,1,,78,49,40,1,1.00
40372,4196671,NovoPen Echo Plus hypodermic insulin injection pen reusable for 3ml cartridge 0.5 unit dial up / range 0.5-30 units Red (Novo Nordisk Ltd) [1],1.00,1,,212,125,47,1,1.00
11268,3420601,AgaMatrix Ultra-Thin lancets 0.2mm/33gauge (AgaMatrix Europe Ltd) [200],200.00,200,,123,89,55,1,1.00
49238,1284975,Ticagrelor 60mg tablets (Teva UK Ltd) [56],56.00,56,,90,55,31,1,1.00
21597,3989423,Viva hypodermic insulin needles for pre-filled / reusable pen injectors screw on 5mm/31gauge (embecta UK Ltd) [90],90.00,90,,128,72,84,1,1.00
41612,8044893,Torasemide 5mg tablets (Alliance Healthcare (Distribution) Ltd) [28],28.00,28,,106,44,21,1,1.00
7159,3102522,Comfifast Easywrap stockinette leggings 5-8 years (Vernacare International Ltd) [1],1.00,1,,168,120,37,1,1.00
24609,8117194,Fluoxetine 10mg capsules (Alliance Healthcare (Distribution) Ltd) [30],30.00,30,,78,53,28,1,1.00
39373,4162053,Symbicort 100micrograms/dose / 3micrograms/dose pressurised inhaler (AstraZeneca UK Ltd) [120],120.00,120,,112,62,46,1,1.00
19448,1198654,Pregabalin 150mg capsules (Teva UK Ltd) [56],56.00,56,,134,66,36,1,1.00
11468,3496544,OpSite Plus dressing 6.5cm x 5cm (Smith & Nephew Healthcare Ltd) [25],25.00,25,,124,80,69,1,1.00
31890,1178862,Losartan 25mg tablets (Accord-UK Ltd) [28],28.00,28,,101,57,24,1,1.00
4049,0006239,Maxitrol eye ointment (Novartis Pharmaceuticals UK Ltd) [3.50],3.50,0,,93,32,22,1,1.00
27240,4041273,"ColeKal-D3 3,200unit capsules (Essential-Healthcare Ltd) [30]",30.00,30,,75,60,31,1,1.00
21231,4006607,Briviact 100mg tablets (UCB Pharma Ltd) [56],56.00,56,,110,57,37,1,1.00
40385,4199485,Episenta 1000mg modified-release granules sachets (Desitin Pharma Ltd) [30],30.00,30,,70,70,95,1,1.00
41813,3120342,Dulcolax Twelve Plus 5mg gastro-resistant tablets (Opella Healthcare UK Ltd) [100],100.00,100,,113,64,30,1,1.00
39904,4166211,"Balance ring pessary 1.25cm thick, 71mm diameter, PVC (TriOn Pharma Ltd) [1]",1.00,1,,125,71,71,1,1.00
3380,2790681,Tobradex 3mg/ml / 1mg/ml eye drops (Novartis Pharmaceuticals UK Ltd) [5],5.00,5,,85,36,37,1,1.00
46630,6838247,Rosuvastatin 10mg tablets (Alliance Healthcare (Distribution) Ltd) [28],28.00,28,,135,55,32,1,1.00
50709,8092223,Bisoprolol 1mg/ml oral solution sugar free (Alliance Healthcare (Distribution) Ltd) [155],155.00,155,,140,54,80,1,1.00
2672,7001654,Water for injections 2ml ampoules (Alliance Healthcare (Distribution) Ltd) [10],10.00,10,,84,78,33,1,1.00
14379,8427619,Arcoxia 60mg tablets (PI) (Organon Pharma (UK) Ltd) [30],30.00,30,,133,52,42,1,1.00
19429,3886272,Dretine 0.03mg/3mg tablets (Theramex HQ UK Ltd) [63],63.00,63,,104,53,26,1,1.00
44153,4240412,Mepilex Border Comfort Lite dressing 5cm x 12.5cm (Molnlycke Health Care Ltd) [10],10.00,10,,182,116,26,1,1.00
41508,8045684,Vimpat 150mg tablets (BUK) (UCB Pharma Ltd) [14],14.00,14,,107,61,31,1,1.00
14244,7122047,Flucloxacillin 250mg/5ml oral solution (Alliance Healthcare (Distribution) Ltd) [100],100.00,100,,179,81,57,1,1.00
48034,1278357,Ciclesonide 160micrograms/dose inhaler CFC free (Advanz Pharma) [120],120.00,120,,42,56,94,1,1.00
46397,8056400,Bimatoprost 300micrograms/ml / Timolol 5mg/ml eye drops 0.4ml unit dose preservative free (Alliance Healthcare (Distribution) Ltd) [30],30.00,30,,117,86,83,1,1.00
45924,4261558,Ocufresh Hypromellose 0.3% eye drops 0.5ml unit dose preservative free (Blumont Healthcare Ltd) [30],30.00,30,,130,90,50,1,1.00
37007,4113213,PulmoClear 0.9% inhalation solution 2.5ml vials (TriOn Pharma Ltd) [20],20.00,20,,102,87,48,1,1.00
46369,8016081,Febuxostat 80mg tablets (Alliance Healthcare (Distribution) Ltd) [28],28.00,28,,124,73,30,1,1.00
48565,1282656,Medroxyprogesterone 100mg tablets (Pfizer Ltd) [60],60.00,60,,51,63,113,1,1.00
40104,8041139,Cefalexin 250mg/5ml oral suspension (Alliance Healthcare (Distribution) Ltd) [100],100.00,100,,125,56,60,1,1.00
4,2333995,Zocor 40mg tablets (Organon Pharma (UK) Ltd) [28],28.00,28,,114,65,37,1,1.00
33294,1208685,Escitalopram 10mg tablets (Accord-UK Ltd) [28],28.00,28,,109,75,21,1,1.00
7993,1117159,Levothyroxine sodium 50microgram tablets (Almus Pharmaceuticals Ltd) [28],28.00,28,,105,37,19,1,1.00
26504,2132728,Femoston 2/10mg tablets (Exeltis UK Ltd) [84],84.00,84,,97,58,20,1,1.00
10267,1140276,Naproxen 250mg tablets (Almus Pharmaceuticals Ltd) [28],28.00,28,,129,47,21,1,1.00
32097,4035036,KreaMoint 50:50 ointment (Essential-Healthcare Ltd) [500],500.00,500,,102,102,94,1,1.00
15073,3145869,Calpol Infant 120mg/5ml oral suspension sugar free (McNeil Products Ltd) [100],100.00,100,,121,57,57,1,1.00
41140,2725125,MCT oil (Nutricia Ltd) [500],500.00,500,,152,80,80,1,1.00
2644,2272748,Estraderm MX 100 patches (Norgine Pharmaceuticals Ltd) [8],8.00,8,,101,99,24,1,1.00
21194,6836217,Duloxetine 40mg gastro-resistant capsules (Alliance Healthcare (Distribution) Ltd) [56],56.00,56,,107,62,49,1,1.00
14477,7029739,Allevyn Adhesive dressing 7.5cm x 7.5cm square (PI) (Smith & Nephew Healthcare Ltd) [10],10.00,10,,163,135,50,1,1.00
50704,8105454,Brimonidine 2mg/ml / Timolol 5mg/ml eye drops (Alliance Healthcare (Distribution) Ltd) [5],5.00,5,,1,1,1,1,1.00
6691,0038703,Tegaderm Film dressing 15cm x 20cm (3M Health Care Ltd) [10],10.00,10,,296,205,6,1,1.00
38881,1103134,Cimetidine 200mg/5ml oral solution sugar free (Rosemont Pharmaceuticals Ltd) [300],300.00,300,,172,72,78,1,1.00
44489,5400429,Apixaban 5mg tablets (Accord-UK Ltd) [56],56.00,56,,94,64,42,1,1.00
45820,4259354,Hylo Dual Intense eye drops preservative free (Scope Ophthalmics Ltd) [10],10.00,10,,40,36,110,1,1.00
7924,1110600,Doxazosin 1mg tablets (Almus Pharmaceuticals Ltd) [28],28.00,28,,138,48,23,1,1.00
42118,1257682,Abiraterone 500mg tablets (Accord-UK Ltd) [56],56.00,56,,149,64,60,1,1.00
14277,8092991,Rabeprazole 20mg gastro-resistant tablets (Alliance Healthcare (Distribution) Ltd) [28],28.00,28,,134,53,40,1,1.00
21156,4006581,Briviact 50mg tablets (UCB Pharma Ltd) [56],56.00,56,,111,56,39,1,1.00
48271,2318558,Felodipine 2.5mg modified-release tablets (Teva UK Ltd) [28],28.00,28,,137,49,17,1,1.00
44697,8056657,Loperamide 2mg oral lyophilisates sugar free (Alliance Healthcare (Distribution) Ltd) [12],12.00,12,,55,25,105,1,1.00
17281,3884715,Latuda 37mg tablets (CNX Therapeutics Ltd) [28],28.00,28,,156,90,17,1,1.00
37564,8114829,Ganfort 0.3mg/ml / 5mg/ml eye drops 0.4ml unit dose (PI) (AbbVie Ltd) [30],30.00,30,,113,87,60,1,1.00
5852,0080655,Simpla S2 non-drainable night drainage bag 320902 2litre (Coloplast Ltd) [10],10.00,10,,309,250,22,1,1.00
36284,4100996,"ColeDose D3 3,200unit capsules (TriOn Pharma Ltd) [30]",30.00,30,,81,58,26,1,1.00
21697,1207596,Gliclazide 40mg tablets (Accord-UK Ltd) [28],28.00,28,,107,37,19,1,1.00
16059,1174143,Repinex XL 8mg tablets (Aspire Pharma Ltd) [28],28.00,28,,142,81,29,1,1.00
14111,3793973,Biatain Adhesive dressing 15cm x 15cm square (Coloplast Ltd) [5],5.00,5,,225,227,41,1,1.00
46837,4239414,Kent Pharma Sodium Hyaluronate 0.2% eye drops preservative free (Kent Pharma (UK) Ltd) [10],10.00,10,,76,35,35,1,1.00
16645,6802557,Esomeprazole 20mg gastro-resistant capsules (Alliance Healthcare (Distribution) Ltd) [28],28.00,28,,132,90,21,1,1.00
43480,1083419,Propranolol 40mg tablets (Accord-UK Ltd) [28],28.00,28,,108,38,19,1,1.00
9128,1132596,Ondansetron 4mg tablets (Almus Pharmaceuticals Ltd) [30],30.00,30,,110,42,34,1,1.00
45844,1224609,Enalapril 2.5mg tablets (Accord-UK Ltd) [28],28.00,28,,115,66,19,1,1.00
44325,4235974,AddGluco 40% gel (TriOn Pharma Ltd) [75],75.00,75,,140,42,44,1,1.00
16895,8071334,Dexamethasone (base) 3.3mg/1ml solution for injection ampoules (Alliance Healthcare (Distribution) Ltd) [10],10.00,10,,86,78,37,1,1.00
2947,2421642,Evorel Conti patches (Theramex HQ UK Ltd) [8],8.00,8,,80,80,21,1,1.00
33433,3946951,Adoport 2mg capsules (Sandoz Ltd) [50],50.00,50,,174,96,55,1,1.00
569,0143990,Kemadrin 5mg tablets (Aspen Pharma Trading Ltd) [100],100.00,100,,86,47,47,1,1.00
51268,8084907,Paracetamol 125mg suppositories (Alliance Healthcare (Distribution) Ltd) [10],10.00,10,,113,60,23,1,1.00
6520,2070787,Allevyn dressing (non-adhesive) 5cm x 5cm square (Smith & Nephew Healthcare Ltd) [10],10.00,10,,144,133,63,1,1.00
48184,1277151,Adapalene 0.1% / Benzoyl peroxide 2.5% gel (Penlan Pharmaceuticals Ltd) [45],45.00,45,,43,43,123,1,1.00
26209,1098169,Levothyroxine sodium 25microgram tablets (Teva UK Ltd) [28],28.00,28,,117,45,27,1,1.00
1987,0368423,Diflucan 200mg/5ml oral suspension (Pfizer Ltd) [35],35.00,35,,116,69,63,1,1.00
14579,6271084,Timolol 10mg tablets (Alliance Healthcare (Distribution) Ltd) [30],30.00,30,,68,37,37,1,1.00
50781,8043226,Midazolam 10mg/2ml oromucosal solution pre-filled oral syringes sugar free (Alliance Healthcare (Distribution) Ltd) [4],4.00,4,,74,155,74,1,1.00
45225,1269414,Valaciclovir 500mg tablets (Accord-UK Ltd) [10],10.00,10,,28,81,68,1,1.00
33009,4076030,Venladex XL 225mg tablets (Dexcel-Pharma Ltd) [28],28.00,28,,115,67,20,1,1.00
14108,8109449,Montelukast 4mg chewable tablets sugar free (Alliance Healthcare (Distribution) Ltd) [28],28.00,28,,136,73,30,1,1.00
45744,8043762,Apixaban 2.5mg tablets (Alliance Healthcare (Distribution) Ltd) [60],60.00,60,,110,66,46,1,1.00
14745,6324297,DuoTrav 40micrograms/ml / 5mg/ml eye drops (PI) (Novartis Pharmaceuticals UK Ltd) [2.5],2.50,0,,104,44,33,1,1.00
11079,3457629,Doublebase emollient wash gel (Dermal Laboratories Ltd) [200],200.00,200,,144,102,49,1,1.00
45982,1246941,Haloperidol 5mg tablets (Almus Pharmaceuticals Ltd) [28],28.00,28,,139,48,22,1,1.00
21333,8096869,Procyclidine 5mg tablets (Alliance Healthcare (Distribution) Ltd) [100],100.00,100,,86,45,45,1,1.00
7889,1110154,Amitriptyline 50mg tablets (Almus Pharmaceuticals Ltd) [28],28.00,28,,106,37,18,1,1.00
46145,8057440,Omeprazole 20mg gastro-resistant tablets (Alliance Healthcare (Distribution) Ltd) [28],28.00,28,,102,65,31,1,1.00
2476,2151819,Depo-Medrone 80mg/2ml suspension for injection vials (Pfizer Ltd) [10],10.00,10,,148,89,56,1,1.00
40596,4218491,AaceCa 250mg dispersible tablets (Essential-Healthcare Ltd) [10],10.00,10,,24,24,74,1,1.00
15481,7054752,Serevent 50micrograms/dose Accuhaler (PI) (GlaxoSmithKline UK Ltd) [60],60.00,60,,92,90,38,1,1.00
6667,2618932,Primapore dressing 8cm x 10cm (Smith & Nephew Healthcare Ltd) [20],20.00,20,,142,136,50,1,1.00
45046,0344739,Lacrilube eye ointment preservative free (AbbVie Ltd) [3.50],3.50,0,,85,33,23,1,1.00
30125,4033494,Ongentys 50mg capsules (BIAL Pharma UK Ltd) [30],30.00,30,,185,78,23,1,1.00
45993,8143638,Nortriptyline 50mg tablets (Alliance Healthcare (Distribution) Ltd) [30],30.00,30,,96,68,35,1,1.00
43905,1210616,Sodium bicarbonate 500mg capsules (Almus Pharmaceuticals Ltd) [56],56.00,56,,90,64,70,1,1.00
6788,3059524,Lyrica 25mg capsules (Viatris UK Healthcare Ltd) [84],84.00,84,,129,90,45,1,1.00
50724,8121402,Folic acid 400microgram tablets (Alliance Healthcare (Distribution) Ltd) [90],90.00,90,,95,43,43,1,1.00
49941,3997418,Champix 0.5mg/1mg 4 week treatment initiation pack (Pfizer Ltd) [53],53.00,53,,150,108,22,1,1.00
5163,2590735,Activa class II below knee stocking circular knit standard stock size closed toe Medium Black (L&R Medical UK Ltd) [2],2.00,2,,166,115,33,1,1.00
46450,4231908,Aactive D3 200units/drop oral drops (TriOn Pharma Ltd) [15],15.00,15,,35,60,80,1,1.00
20665,3998911,Intuniv 4mg modified-release tablets (Takeda UK Ltd) [28],28.00,28,,134,64,35,1,1.00
39541,4191797,Xailin Plus HA 0.2% eye drops preservative free (Visufarma UK Ltd) [10],10.00,10,,93,46,30,1,1.00
51125,4365086,Estradot Conti 40/130 transdermal patches (Sandoz Ltd) [24],24.00,24,,30,116,98,1,1.00
12504,1159078,Bisoprolol 3.75mg tablets (Almus Pharmaceuticals Ltd) [28],28.00,28,,118,60,22,1,1.00
11509,8436214,Topiramate 25mg tablets (Alliance Healthcare (Distribution) Ltd) [60],60.00,60,,127,54,29,1,1.00
46933,6335046,Tramadol 150mg modified-release tablets (Alliance Healthcare (Distribution) Ltd) [60],60.00,60,,114,46,35,1,1.00
15859,3848108,Vesomni 6mg/0.4mg modified-release tablets (Astellas Pharma Ltd) [30],30.00,30,,145,66,32,1,1.00
42138,1220243,Rosuvastatin 20mg tablets (Accord-UK Ltd) [28],28.00,28,,142,74,43,1,1.00
1813,2041812,Oilatum Plus bath additive (Thornton & Ross Ltd) [500],500.00,500,,221,93,51,1,1.00
38473,4171633,Fixkoh Airmaster 50micrograms/dose / 100micrograms/dose dry powder inhaler (Genus Pharmaceuticals Holdings Ltd) [60],60.00,60,,114,112,41,1,1.00
33677,8001489,Inegy 10mg/20mg tablets (PI) (Organon Pharma (UK) Ltd) [30],30.00,30,,101,52,33,1,1.00
6220,2775641,Gelclair concentrated oral gel 15ml sachets (Alliance Pharmaceuticals Ltd) [21],21.00,21,,123,104,76,1,1.00
2585,2777316,Lotriderm cream (Organon Pharma (UK) Ltd) [30],30.00,30,,135,34,34,1,1.00
51245,8048126,Rivaroxaban 15mg tablets (Alliance Healthcare (Distribution) Ltd) [100],100.00,100,,128,55,90,1,1.00
3291,2702868,Loniten 2.5mg tablets (Pfizer Ltd) [60],60.00,60,,116,65,43,1,1.00
48539,1279587,Conjugated oestrogens 300microgram tablets (Pfizer Ltd) [84],84.00,84,,28,97,109,1,1.00
50981,2268134,Profore latex free multi-layer compression bandage kit 25cm-30cm ankle circumference (Smith & Nephew Healthcare Ltd) [1],1.00,1,,184,132,69,1,1.00
51173,1260785,Melatonin 2mg modified-release tablets (Almus Pharmaceuticals Ltd) [30],30.00,30,,131,67,32,1,1.00
20809,8085060,Betamethasone valerate 0.1% ointment (Alliance Healthcare (Distribution) Ltd) [100],100.00,100,,184,53,36,1,1.00
2008,0001990,Trosyl 283mg/ml nail solution (Pfizer Ltd) [12],12.00,12,,76,32,30,1,1.00
1381,7118672,Paracetamol 250mg/5ml oral suspension (Alliance Healthcare (Distribution) Ltd) [100],100.00,100,,69,69,53,1,1.00
50577,8011256,Inhixa 60mg/0.6ml solution for injection pre-filled syringes (PI) (Techdow Pharma England Ltd) [10],10.00,10,,160,103,81,1,1.00
12066,3488442,Movelat gel (Thornton & Ross Ltd) [125],125.00,125,,199,52,40,1,1.00
44127,8037764,Naratriptan 2.5mg tablets (Alliance Healthcare (Distribution) Ltd) [12],12.00,12,,34,73,45,1,1.00
39417,8037780,Camcolit 400 modified-release tablets (PI) (Essential Pharma Ltd) [100],100.00,100,,70,63,60,1,1.00
14373,6289219,Seretide 250 Evohaler (PI) (GlaxoSmithKline UK Ltd) [120],120.00,120,,91,52,34,1,1.00
34045,4085353,Vesicare 1mg/ml oral suspension (Astellas Pharma Ltd) [150],150.00,150,,118,67,51,1,1.00
13172,3675436,Greenlan lancets 0.35mm/28gauge (Neon Diagnostics Ltd) [100],100.00,100,,72,57,53,1,1.00
7933,1110667,Enalapril 20mg tablets (Almus Pharmaceuticals Ltd) [28],28.00,28,,114,66,19,1,1.00
11637,3545365,Resolor 1mg tablets (Takeda UK Ltd) [28],28.00,28,,112,51,29,1,1.00
7154,3102563,Comfifast Easywrap stockinette vest long sleeve 5-8 years (Vernacare International Ltd) [1],1.00,1,,169,120,35,1,1.00
18791,2429793,GlucoGel 40% gel original (BBI Healthcare Ltd) [75],75.00,75,,132,55,30,1,1.00
30425,8387359,Briviact 25mg tablets (PI) (UCB Pharma Ltd) [56],56.00,56,,112,60,40,1,1.00
49988,4351631,Enolio 10micrograms/ml oral solution (Eclosix Ltd) [50],50.00,50,,130,53,53,1,1.00
43437,8053829,Hyoscine butylbromide 10mg tablets (Alliance Healthcare (Distribution) Ltd) [56],56.00,56,,78,50,24,1,1.00
8392,3242963,Flaminal Forte gel dressing (Flen Health UK Ltd) [75],75.00,75,,159,127,21,1,1.00
13381,0863449,Januvia 25mg tablets (Merck Sharp & Dohme (UK) Ltd) [28],28.00,28,,94,51,21,1,1.00
43925,1246123,Carbocisteine 750mg/5ml oral solution sugar free (Rosemont Pharmaceuticals Ltd) [100],100.00,100,,155,66,64,1,1.00
3878,0278333,Menadiol 10mg tablets (Alliance Pharmaceuticals Ltd) [100],100.00,100,,78,43,43,1,1.00
41787,3341112,Glutafin gluten free pizza base (Dr Schar UK Ltd) [300],300.00,300,,287,263,41,1,1.00
16521,3861614,Xailin Night eye ointment preservative free (Visufarma UK Ltd) [5],5.00,5,,109,32,22,1,1.00
40528,4193157,A1-Cal D3 500mg/400unit chewable tablets sugar free (TriOn Pharma Ltd) [60],60.00,60,,95,53,53,1,1.00
7973,1110907,Simvastatin 20mg tablets (Almus Pharmaceuticals Ltd) [28],28.00,28,,113,46,21,1,1.00
2376,0227256,Priadel 400mg modified-release tablets (Essential Pharma Ltd) [100],100.00,100,,104,46,40,1,1.00
8701,2678084,IntraSite Conformable dressing 10cm x 20cm rectangular (Smith & Nephew Healthcare Ltd) [10],10.00,10,,206,166,28,1,1.00
11769,8438632,Alimemazine 7.5mg/5ml oral solution (Alliance Healthcare (Distribution) Ltd) [100],100.00,100,,127,51,52,1,1.00
12502,1159052,Bisoprolol 1.25mg tablets (Almus Pharmaceuticals Ltd) [28],28.00,28,,118,60,22,1,1.00
34667,8156895,Faramsil 400microgram modified-release tablets (Alliance Healthcare (Distribution) Ltd) [30],30.00,30,,136,54,23,1,1.00
845,2555811,Tubifast 2-way stretch stockinette 7.5cm (Molnlycke Health Care Ltd) [5],5.00,5,,99,80,79,1,1.00
29664,4051314,Zebinix 200mg tablets (BIAL Pharma UK Ltd) [60],60.00,60,,104,87,52,1,1.00
20616,1205335,Lisinopril 5mg/5ml oral solution sugar free (Rosemont Pharmaceuticals Ltd) [150],150.00,150,,151,72,62,1,1.00
14944,3820628,Fultium-D3 800unit capsules (Thornton & Ross Ltd) [90],90.00,90,,105,62,50,1,1.00
3253,2799377,Doublebase gel (Dermal Laboratories Ltd) [500],500.00,500,,225,83,81,1,1.00
48137,1144146,Phosphates enema (Formula B) 128ml long tube (Essential Generics Ltd) [1],1.00,1,,47,79,50,1,1.00
16646,6802573,Esomeprazole 40mg gastro-resistant capsules (Alliance Healthcare (Distribution) Ltd) [28],28.00,28,,132,92,21,1,1.00
16651,6330559,Ipratropium 500micrograms/2ml nebuliser liquid Steri-Neb unit dose vials (Alliance Healthcare (Distribution) Ltd) [20],20.00,20,,127,94,65,1,1.00
1881,0430769,Livial 2.5mg tablets (Organon Pharma (UK) Ltd) [84],84.00,84,,137,48,19,1,1.00
42432,8050114,Co-dydramol 20mg/500mg tablets (Alliance Healthcare (Distribution) Ltd) [56],56.00,56,,119,51,51,1,1.00
14502,3722428,Aqueous calamine cream (Thornton & Ross Ltd) [100],100.00,100,,188,48,38,1,1.00
8292,3225687,Ganfort 0.3mg/ml / 5mg/ml eye drops (AbbVie Ltd) [3],3.00,3,,64,30,28,1,1.00
12245,1155688,Mirtazapine 45mg orodispersible tablets (Almus Pharmaceuticals Ltd) [30],30.00,30,,98,59,43,1,1.00
239,8461725,Chloramphenicol 1% eye ointment (Alliance Healthcare (Distribution) Ltd) [4],4.00,4,,91,32,24,1,1.00
7354,3150018,Kentera 3.9mg/24hours patches (Accord-UK Ltd) [8],8.00,8,,110,99,28,1,1.00
22267,1210640,Ferrous fumarate 322mg tablets (Advanz Pharma) [28],28.00,28,,116,48,20,1,1.00
37577,4162087,Guide testing strips (Roche Diabetes Care Ltd) [50],50.00,50,,55,57,40,1,1.00
46812,6272579,Latuda 37mg tablets (PI) (CNX Therapeutics Ltd) [28],28.00,28,,159,91,29,1,1.00
41510,8045668,Vimpat 200mg tablets (BUK) (UCB Pharma Ltd) [56],56.00,56,,108,63,32,1,1.00
41416,0352765,Juvela low protein mix (Juvela Ltd) [500],500.00,500,,188,124,50,1,1.00
1549,2693752,Celebrex 100mg capsules (Viatris UK Healthcare Ltd) [60],60.00,60,,132,52,51,1,1.00
47935,0313932,Augmentin 125/31 oral suspension (GlaxoSmithKline UK Ltd) [100],100.00,100,,134,87,59,1,1.00
15242,8087967,Benzydamine 0.15% mouthwash sugar free (Alliance Healthcare (Distribution) Ltd) [300],300.00,300,,178,72,72,1,1.00
45831,1271055,Estriol 1mg/g vaginal cream with applicator (Aspen Pharma Trading Ltd) [15],15.00,15,,157,37,30,1,1.00
47105,1073840,Hydroxocobalamin 1mg/1ml solution for injection ampoules (Advanz Pharma) [5],5.00,5,,80,80,16,1,1.00
13220,1152016,Fluoxetine 60mg capsules (Almus Pharmaceuticals Ltd) [30],30.00,30,,94,78,34,1,1.00
14302,8109753,Raloxifene 60mg tablets (Alliance Healthcare (Distribution) Ltd) [28],28.00,28,,102,66,26,1,1.00
2108,7151012,Bromocriptine 2.5mg tablets (Alliance Healthcare (Distribution) Ltd) [30],30.00,30,,120,45,25,1,1.00
913,0106245,Galactomin 19 powder (Nutricia Ltd) [400],400.00,400,,137,105,105,1,1.00
31591,4044699,Vencarm XL 225mg capsules (Aspire Pharma Ltd) [28],28.00,28,,127,82,27,1,1.00
3342,7121213,Flucloxacillin 500mg capsules (Alliance Healthcare (Distribution) Ltd) [100],100.00,100,,53,53,103,1,1.00
50711,8061491,Dabigatran etexilate 110mg capsules (Alliance Healthcare (Distribution) Ltd) [60],60.00,60,,148,86,68,1,1.00
32465,8118580,Crestor 5mg tablets (PI) (AstraZeneca UK Ltd) [28],28.00,28,,145,75,21,1,1.00
34344,1209337,Pregabalin 25mg capsules (Accord-UK Ltd) [84],84.00,84,,96,58,36,1,1.00
14602,6358881,Loperamide 2mg tablets (Alliance Healthcare (Distribution) Ltd) [30],30.00,30,,74,41,19,1,1.00
5970,3017480,Cavilon Durable barrier cream (3M Health Care Ltd) [28],28.00,28,,118,41,39,1,1.00
42161,1226836,Lacosamide 200mg tablets (Accord-UK Ltd) [56],56.00,56,,121,79,37,1,1.00
49239,1284983,Ticagrelor 90mg tablets (Teva UK Ltd) [56],56.00,56,,90,55,31,1,1.00
2274,2391480,Meptid 200mg tablets (Almirall Ltd) [112],112.00,112,,145,72,55,1,1.00
51230,8061053,Ezetrol 10mg tablets (PI) (Organon Pharma (UK) Ltd) [30],30.00,30,,97,50,25,1,1.00
1177,2129732,Angitil SR 180 capsules (Ethypharm UK Ltd) [56],56.00,56,,156,52,39,1,1.00
44472,1264951,Candesartan 2mg tablets (Almus Pharmaceuticals Ltd) [7],7.00,7,,115,50,20,1,1.00
18814,3715067,FruitiVits oral powder 6g sachets (Vitaflo International Ltd) [30],30.00,30,,113,113,67,1,1.00
9982,1140128,Tramadol 50mg capsules (Almus Pharmaceuticals Ltd) [30],30.00,30,,124,59,31,1,1.00
15121,2819142,Eumovate Eczema and Dermatitis 0.05% cream (Haleon UK Trading Ltd) [15],15.00,15,,126,36,29,1,1.00
50743,8079097,Fluticasone propionate 50micrograms/dose nasal spray (Alliance Healthcare (Distribution) Ltd) [150],150.00,150,,35,35,135,1,1.00
3142,2154052,Combivent nebuliser liquid 2.5ml UDVs (Boehringer Ingelheim Ltd) [60],60.00,60,,197,86,80,1,1.00
50762,8105470,Lurasidone 18.5mg tablets (Alliance Healthcare (Distribution) Ltd) [28],28.00,28,,120,80,120,1,1.00
2967,2143204,Depo-Medrone 120mg/3ml suspension for injection vials (Pfizer Ltd) [10],10.00,10,,160,78,66,1,1.00
15592,6816607,Progynova 1mg tablets (PI) (Bayer Plc) [84],84.00,84,,93,65,25,1,1.00
46690,8062994,Viazem XL 300mg capsules (PI) (Thornton & Ross Ltd) [28],28.00,28,,1,1,1,1,1.00
3630,2374403,Entocort 2mg/100ml enema (Tillotts Pharma UK Ltd) [7],7.00,7,,215,111,123,1,1.00
48045,1277870,Varenicline 1mg tablets and Varenicline 500microgram tablets (Teva UK Ltd) [25],25.00,25,,14,79,126,1,1.00
44191,4113627,Spiolto Respimat 2.5micrograms/dose / 2.5micrograms/dose inhalation solution cartridge with device (Boehringer Ingelheim Ltd) [60],60.00,60,,123,74,41,1,1.00
22662,8113623,Fortisip Compact Protein liquid banana (PI) (Nutricia Ltd) [500],500.00,500,,110,105,103,1,1.00
33514,3667573,Flexitol 10% Urea cream (Thornton & Ross Ltd) [150],150.00,150,,199,54,54,1,1.00
36559,1209709,Aripiprazole 5mg tablets (Accord-UK Ltd) [28],28.00,28,,119,52,25,1,1.00
40428,8042426,Selexid 200mg tablets (PI) (Karo Healthcare UK Ltd) [20],20.00,20,,134,57,52,1,1.00
38234,4046116,Zacco 10mg/5ml oral suspension (SyriMed) [150],150.00,150,,150,64,62,1,1.00
6606,0278952,Jelonet dressing 10cm x 10cm (Smith & Nephew Healthcare Ltd) [10],10.00,10,,174,131,15,1,1.00
32133,8427627,Arcoxia 90mg tablets (PI) (Organon Pharma (UK) Ltd) [30],30.00,30,,132,52,36,1,1.00
51311,8079659,One-Alpha 0.5microgram capsules (PI) (Neon Healthcare Ltd) [30],30.00,30,,97,59,31,1,1.00
8322,3472925,Hylo-Tear 0.1% eye drops preservative free (Scope Ophthalmics Ltd) [10],10.00,10,,113,38,40,1,1.00
16955,3531738,Buscopan Cramps 10mg tablets (Opella Healthcare UK Ltd) [20],20.00,20,,113,64,20,1,1.00
32079,4046090,Viva hypodermic insulin needles for pre-filled / reusable pen injectors screw on 6mm/31gauge (embecta UK Ltd) [90],90.00,90,,129,86,71,1,1.00
5264,3550910,Scholl Softgrip class I below knee stocking circular knit standard stock size open toe Medium Natural (SSL International Plc) [2],2.00,2,,142,90,32,1,1.00
45286,4226809,SunVit-Pro Calcium carbonate 1.25g chewable tablets (SunVit-D3 Ltd) [100],100.00,100,,60,60,100,1,1.00
11586,3510781,Acticoat Flex 3 dressing 5cm x 5cm square (Smith & Nephew Healthcare Ltd) [5],5.00,5,,132,119,21,1,1.00
47041,4283271,Vizilatan Duo eye drops (Bausch & Lomb UK Ltd) [2.50],2.50,0,,100,32,32,1,1.00
42187,1069970,Co-codamol 8mg/500mg tablets (Accord-UK Ltd) [100],100.00,100,,126,56,44,1,1.00
8390,1117340,Metronidazole 200mg tablets (Almus Pharmaceuticals Ltd) [21],21.00,21,,120,48,25,1,1.00
2147,0302299,Hydromol 2.5% cream (Alliance Pharmaceuticals Ltd) [50],50.00,50,,133,45,36,1,1.00
48123,4279352,AaceCa 500mg effervescent tablets (Essential-Healthcare Ltd) [76],76.00,76,,36,36,152,1,1.00
8272,0414490,"Heparin sodium 5,000units/0.2ml solution for injection ampoules (C P Pharmaceuticals Ltd) [10]",10.00,10,,97,76,29,1,1.00
62,1082403,Spironolactone 50mg tablets (Teva UK Ltd) [28],28.00,28,,135,47,22,1,1.00
12322,3563244,Adoport 1mg capsules (Sandoz Ltd) [100],100.00,100,,178,98,90,1,1.00
21605,1153238,Sodium chloride 0.9% nebuliser liquid 2.5ml unit dose ampoules (Accord-UK Ltd) [20],20.00,20,,190,79,31,1,1.00
27479,8127771,Hylo-Care eye drops preservative free (PI) (Scope Ophthalmics Ltd) [10],10.00,10,,36,37,39,1,1.00
1102,0420992,Topper 8 non-woven fabric swab 4ply sterile 7.5cm x 7.5cm (Systagenix Wound Management Ltd) [5],5.00,5,,136,119,95,1,20.00
48675,8060998,Nicorette invisi 10mg/16hours patches (PI) (McNeil Products Ltd) [7],7.00,7,,82,102,22,1,1.00
2867,0319848,Liquifilm Tears 1.4% eye drops (Allergan Ltd) [15],15.00,15,,85,31,30,1,1.00
50756,8067266,Levocarnitine 1.5g/5ml (30%) oral solution paediatric sugar free (Alliance Healthcare (Distribution) Ltd) [20],20.00,20,,43,115,43,1,1.00
39906,4166161,"Balance ring pessary 1.25cm thick, 77mm diameter, PVC (TriOn Pharma Ltd) [1]",1.00,1,,125,77,77,1,1.00
6806,1115195,Pravastatin 10mg tablets (Teva UK Ltd) [28],28.00,28,,137,47,22,1,1.00
11945,2882272,Cavilon Durable barrier cream 2g sachets 3392GS (3M Health Care Ltd) [20],20.00,20,,98,90,52,1,1.00
41517,8041311,Neupro 8mg/24hours transdermal patches (BUK) (UCB Pharma Ltd) [28],28.00,28,,150,150,26,1,1.00
45826,1224104,Promethazine hydrochloride 25mg tablets (Teva UK Ltd) [56],56.00,56,,126,56,52,1,1.00
13847,1156793,Pantoprazole 40mg powder for solution for injection vials (Sun Pharma UK Ltd) [1],1.00,1,,74,41,36,1,1.00
31679,1219955,Sildenafil 50mg tablets (Almus Pharmaceuticals Ltd) [4],4.00,4,,106,42,22,1,1.00
2356,2087203,Zydol 100mg/2ml solution for injection ampoules (Grunenthal Ltd) [5],5.00,5,,76,80,20,1,1.00
12230,1148766,Clarithromycin 250mg tablets (Almus Pharmaceuticals Ltd) [14],14.00,14,,97,62,21,1,1.00
12454,3591666,Allevyn Gentle Border Lite dressing 5cm x 5cm (Smith & Nephew Healthcare Ltd) [10],10.00,10,,131,139,35,1,1.00
46005,8121865,Aspire Allergy Relief 2% eye drops (Aspire Pharma Ltd) [10],10.00,10,,77,42,32,1,1.00
16817,2120269,Benzylpenicillin sodium 600mg powder for solution for injection vials (Genus Pharmaceuticals Ltd) [2],2.00,2,,82,57,32,1,1.00
12902,8427874,"Clobetasol 500microgram / Neomycin 5mg / Nystatin 100,000units/g cream (Alliance Healthcare (Distribution) Ltd) [30]",30.00,30,,140,38,25,1,1.00
37779,4160248,Ebilfumin 75mg capsules (Teva UK Ltd) [10],10.00,10,,116,68,39,1,1.00
37595,3477197,Valni 20 Retard tablets (Tillomed Laboratories Ltd) [56],56.00,56,,113,67,22,1,1.00
36584,4152203,FerroNorm 125mg/ml oral drops (Essential-Healthcare Ltd) [15],15.00,15,,105,47,47,1,1.00
51538,7055908,Imdur 60mg modified-release tablets (PI) (TopRidge Pharma (Ireland) Ltd) [28],28.00,28,,117,64,25,1,1.00
1526,2483956,Detrusitol 1mg tablets (Viatris UK Healthcare Ltd) [56],56.00,56,,90,55,30,1,1.00
29961,3601234,Ilaxten 20mg tablets (A. Menarini Farmaceutica Internazionale SRL) [30],30.00,30,,114,50,29,1,1.00
44193,8025637,"Colecalciferol 1,000unit capsules (Alliance Healthcare (Distribution) Ltd) [30]",30.00,30,,97,58,34,1,1.00
134,7112204,Methyldopa 500mg tablets (Alliance Healthcare (Distribution) Ltd) [56],56.00,56,,136,47,38,1,1.00
26515,2891836,Comfifast stockinette 7.5cm (Vernacare International Ltd) [5],5.00,5,,92,84,86,1,1.00
16771,3866365,Fortini Creamy Fruit Multi Fibre berry fruit (Nutricia Ltd) [400],400.00,400,,151,146,44,1,1.00
8540,3248572,Prontosan irrigation solution 350ml bottles (B.Braun Medical Ltd) [1],1.00,1,,209,55,55,1,1.00
37298,1229954,Glucorex SR 500mg tablets (GlucoRx Ltd) [28],28.00,28,,78,79,22,1,1.00
2962,0464156,Pulmicort 400 Turbohaler (AstraZeneca UK Ltd) [50],50.00,50,,102,46,44,1,1.00
2385,0836510,Diazepam 10mg/2ml solution for injection ampoules (Alliance Healthcare (Distribution) Ltd) [10],10.00,10,,80,75,30,1,1.00
48637,8384414,Dexafree 1mg/1ml eye drops 0.4ml unit dose (PI) (Thea Pharmaceuticals Ltd) [30],30.00,30,,120,75,57,1,1.00
6750,6834741,Clindamycin 150mg capsules (Alliance Healthcare (Distribution) Ltd) [24],24.00,24,,112,51,41,1,1.00
11507,8435752,Codeine 30mg tablets (Alliance Healthcare (Distribution) Ltd) [100],100.00,100,,137,47,23,1,1.00
34687,4017711,KliarVax Sodium Bicarbonate ear drops (Essential-Healthcare Ltd) [10],10.00,10,,78,46,32,1,1.00
50220,8112195,Metoprolol 50mg tablets (Alliance Healthcare (Distribution) Ltd) [56],56.00,56,,85,50,34,1,1.00
51170,7107998,Phorpain 5% gel (Alliance Healthcare (Distribution) Ltd) [100],100.00,100,,175,46,45,1,1.00
3898,1021922,Phenobarbital 15mg/5ml elixir (Thornton & Ross Ltd) [500],500.00,500,,184,76,76,1,1.00
47977,8148371,Systane eye drops (PI) (Alcon Eye Care UK Ltd) [10],10.00,10,,33,45,84,1,1.00
37441,8113425,Beta-Prograne 160mg modified-release capsules (Alliance Healthcare (Distribution) Ltd) [28],28.00,28,,112,66,21,1,1.00
1670,2394906,Zomig 2.5mg tablets (Grunenthal Ltd) [6],6.00,6,,86,60,28,1,1.00
32699,6272017,Mepilex Lite dressing 10cm x 10cm (PI) (Molnlycke Health Care Ltd) [5],5.00,5,,159,143,27,1,1.00
14899,6328363,Paracetamol 120mg/5ml oral suspension paediatric (Alliance Healthcare (Distribution) Ltd) [100],100.00,100,,128,68,53,1,1.00
43704,1085463,Tramadol 50mg capsules (Accord-UK Ltd) [30],30.00,30,,116,61,26,1,1.00
15506,8383986,Ciloxan 0.3% eye drops (PI) (Novartis Pharmaceuticals UK Ltd) [5],5.00,5,,98,51,40,1,1.00
6238,1113018,Carvedilol 12.5mg tablets (Teva UK Ltd) [28],28.00,28,,134,47,15,1,1.00
33805,4090874,Microdot Max Safety Pen hypodermic insulin needles for pre-filled / reusable pen injectors screw on 5mm/30gauge (Cambridge Sensors Ltd) [100],100.00,100,,222,54,137,1,1.00
46665,8042335,Fesoterodine 4mg modified-release tablets (Alliance Healthcare (Distribution) Ltd) [28],28.00,28,,167,81,27,1,1.00
7954,1109677,Trimethoprim 200mg tablets (Almus Pharmaceuticals Ltd) [14],14.00,14,,120,61,21,1,1.00
48039,8077406,Ezetimibe 10mg tablets (Alliance Healthcare (Distribution) Ltd) [100],100.00,100,,39,39,67,1,1.00
38931,8033920,Sereflo 25micrograms/dose / 125micrograms/dose inhaler (PI) (Cipla EU Ltd) [120],120.00,120,,154,82,42,1,1.00
45776,8435802,Phorpain 5% gel (Alliance Healthcare (Distribution) Ltd) [30],30.00,30,,152,37,28,1,1.00
46022,8062796,Elleste Duet 1mg tablets (PI) (Exeltis UK Ltd) [84],84.00,84,,96,65,25,1,1.00
16634,6332100,Prednisolone 2.5mg gastro-resistant tablets (Alliance Healthcare (Distribution) Ltd) [30],30.00,30,,36,37,22,1,1.00
47409,8073124,ViePax XL 75mg tablets (BUK) (Alliance Healthcare (Distribution) Ltd) [28],28.00,28,,100,65,18,1,1.00
41685,4213518,Itzenal 7.5mg/5ml oral solution sugar free (Zentiva Pharma UK Ltd) [100],100.00,100,,127,55,50,1,1.00
634,2439503,Tegretol 200mg tablets (Novartis Pharmaceuticals UK Ltd) [84],84.00,84,,109,65,42,1,1.00
37511,4106928,FerroEss 140mg/5ml oral solution (Essential-Healthcare Ltd) [300],300.00,300,,167,69,69,1,1.00
91,2849081,Cozaar 100mg tablets (Organon Pharma (UK) Ltd) [28],28.00,28,,97,51,30,1,1.00
31036,4024675,Cellusan Light 0.5% eye drops preservative free (Farmigea S.p.A.) [10],10.00,10,,78,36,34,1,1.00
14234,6273106,Fortini Multi Fibre liquid banana (PI) (Nutricia Ltd) [200],200.00,200,,58,57,128,1,1.00
5202,3548716,Scholl Softgrip class II below knee stocking circular knit standard stock size closed toe Medium Natural (SSL International Plc) [2],2.00,2,,142,91,31,1,1.00
1885,2427029,Zamadol SR 150mg capsules (Viatris UK Healthcare Ltd) [60],60.00,60,,152,61,51,1,1.00
48337,8060709,Ontozry 100mg tablets (PI) (Angelini Pharma UK-I Ltd) [28],28.00,28,,20,125,78,1,1.00
7486,3157674,Biatain Non-Adhesive dressing 10cm x 20cm rectangular (Coloplast Ltd) [5],5.00,5,,288,193,39,1,1.00
38747,4175394,Biquelle XL 50mg tablets (Aspire Pharma Ltd) [30],30.00,30,,101,56,34,1,1.00
10655,1146448,Heparin sodium 200units/2ml I.V. flush solution ampoules (C P Pharmaceuticals Ltd) [10],10.00,10,,98,75,31,1,1.00
41798,8034548,Tears Naturale II eye drops (Alliance Healthcare (Distribution) Ltd) [15],15.00,15,,82,35,30,1,1.00
15338,8093569,Keppra 500mg tablets (PI) (UCB Pharma Ltd) [60],60.00,60,,120,62,61,1,1.00
1190,2401479,Viazem XL 300mg capsules (Thornton & Ross Ltd) [28],28.00,28,,118,69,23,1,1.00
46473,8055485,Rivaroxaban 20mg tablets (Alliance Healthcare (Distribution) Ltd) [28],28.00,28,,98,55,30,1,1.00
37541,4158739,Nustendi 180mg/10mg tablets (Daiichi Sankyo UK Ltd) [28],28.00,28,,114,67,19,1,1.00
2438,0852079,Remedeine Forte tablets (Crescent Pharma Ltd) [56],56.00,56,,100,48,48,1,1.00
37043,8941890,Melatonin 2mg capsules (Alliance Healthcare (Distribution) Ltd) [30],30.00,30,,98,52,34,1,1.00
5171,2590826,Activa class II below knee stocking circular knit standard stock size open toe Medium Sand (L&R Medical UK Ltd) [2],2.00,2,,167,116,33,1,1.00
36282,4101028,"ColeDose D3 1,000unit tablets (TriOn Pharma Ltd) [30]",30.00,30,,75,34,20,1,1.00
44150,4240420,Mepilex Border Comfort Lite dressing 10cm x 10cm (Molnlycke Health Care Ltd) [10],10.00,10,,158,144,40,1,1.00
7442,1121227,Nasofan 50micrograms/dose aqueous nasal spray (Teva UK Ltd) [150],150.00,150,,126,41,39,1,1.00
17093,3795788,Mylife Penfine Classic hypodermic insulin needles for pre-filled / reusable pen injectors screw on 6mm/32gauge (Pikdare S.p.A.) [100],100.00,100,,144,96,54,1,1.00
34097,4098653,Soprobec 250micrograms/dose inhaler (Glenmark Pharmaceuticals Europe Ltd) [200],200.00,200,,101,51,36,1,1.00
1870,2233625,Zydol SR 200mg tablets (Grunenthal Ltd) [60],60.00,60,,105,44,41,1,1.00
14215,2815611,Oilatum cream (Thornton & Ross Ltd) [500],500.00,500,,69,68,206,1,1.00
7979,1108885,Ibuprofen 600mg tablets (Almus Pharmaceuticals Ltd) [84],84.00,84,,107,71,60,1,1.00
10814,3438587,Avamys 27.5micrograms/dose nasal spray (GlaxoSmithKline UK Ltd) [120],120.00,120,,111,54,33,1,1.00
14402,6324222,Janumet 50mg/1000mg tablets (PI) (Merck Sharp & Dohme (UK) Ltd) [56],56.00,56,,138,69,45,1,1.00
54,0006403,Aldactone 25mg tablets (Pfizer Ltd) [100],100.00,100,,96,48,38,1,1.00
20769,1125152,Sertraline 100mg tablets (Teva UK Ltd) [28],28.00,28,,135,47,23,1,1.00
17953,3946167,CosmoCol Half oral powder 6.9g sachets (Stirling Anglian Pharmaceuticals Ltd) [30],30.00,30,,162,118,119,1,1.00
16510,3864972,Mirvaso 3mg/g gel (Galderma (UK) Ltd) [30],30.00,30,,133,41,38,1,1.00
2247,0892901,Aveeno cream (Kenvue UK Ltd) [100],100.00,100,,151,55,45,1,1.00
29939,1175587,Blerone XL 4mg capsules (Zentiva Pharma UK Ltd) [28],28.00,28,,125,64,30,1,1.00
14958,7026271,Seroquel 25mg tablets (PI) (Luye Pharma Ltd) [60],60.00,60,,116,49,48,1,1.00
32886,3583903,MucoClear 3% inhalation solution 4ml ampoules (Pari Medical Ltd) [60],60.00,60,,152,85,29,1,1.00
222,0319459,Paroven 250mg capsules (Thornton & Ross Ltd) [120],120.00,120,,89,86,69,1,1.00
32937,1178193,Anastrozole 1mg tablets (Accord-UK Ltd) [28],28.00,28,,106,43,21,1,1.00
47669,1273499,Rivaroxaban 10mg tablets (Teva UK Ltd) [100],100.00,100,,90,55,128,1,1.00
9926,3354925,Actilite gauze dressing 10cm x 20cm (Advancis Medical) [10],10.00,10,,273,186,21,1,1.00
34703,8011686,Keppra 1g tablets (BUK) (UCB Pharma Ltd) [60],60.00,60,,113,90,55,1,1.00
26463,1207588,Losartan 100mg tablets (Almus Pharmaceuticals Ltd) [28],28.00,28,,116,47,19,1,1.00
41698,4222006,Dimetrum 2mg tablets (Besins Healthcare (UK) Ltd) [28],28.00,28,,26,92,56,1,1.00
48194,8078578,Phenoxymethylpenicillin 500mg tablets (Alliance Healthcare (Distribution) Ltd) [20],20.00,20,,105,46,28,1,1.00
1058,0114041,Scanpor tape 5cm (Bio-Diagnostics Ltd) [5],5.00,5,,52,45,44,1,1.00
50217,8111668,Co-codamol 15mg/500mg capsules (Alliance Healthcare (Distribution) Ltd) [100],100.00,100,,85,67,88,1,1.00
14845,3405537,Frebini Energy Fibre liquid vanilla (Fresenius Kabi Ltd) [200],200.00,200,,141,47,47,1,1.00
466,0006213,Maxitrol eye drops (Novartis Pharmaceuticals UK Ltd) [5],5.00,5,,73,30,30,1,1.00
51183,8048118,Rivaroxaban 10mg tablets (Alliance Healthcare (Distribution) Ltd) [100],100.00,100,,128,55,90,1,1.00
42807,4232781,"Fragmin 10,000units/4ml solution for injection vials (Pfizer Ltd) [10]",10.00,10,,132,64,60,1,1.00
42166,1257765,Propranolol 40mg tablets (Accord-UK Ltd) [1000],1000.00,1000,,115,66,66,1,1.00
19450,1198670,Pregabalin 225mg capsules (Teva UK Ltd) [56],56.00,56,,140,64,46,1,1.00
2862,2082642,Viscotears 2mg/g liquid gel (Bausch & Lomb UK Ltd) [10],10.00,10,,109,29,21,1,1.00
36995,6326698,Alvesco 160 inhaler (PI) (Covis Pharma GmbH) [60],60.00,60,,100,56,35,1,1.00
27913,8147605,"BD AutoShield Duo hypodermic insulin needles for pre-filled / reusable pen injectors screw on 5mm/30gauge (PI) (Becton, Dickinson UK Ltd) [100]",100.00,100,,144,121,117,1,1.00
11162,3385994,Voltarol Rapid 50mg tablets (Novartis Pharmaceuticals UK Ltd) [30],30.00,30,,87,45,26,1,1.00
42191,1085414,Dihydrocodeine 30mg tablets (Accord-UK Ltd) [28],28.00,28,,106,36,17,1,1.00
13527,1173277,Atorvastatin 80mg tablets (Teva UK Ltd) [28],28.00,28,,111,80,41,1,1.00
40394,4175360,AaqEye Carmellose 0.5% eye drops (Essential-Healthcare Ltd) [10],10.00,10,,69,33,31,1,1.00
51270,8022980,Pregabalin 150mg tablets (Alliance Healthcare (Distribution) Ltd) [56],56.00,56,,110,93,61,1,1.00
2126,7112279,Sulpiride 400mg tablets (Alliance Healthcare (Distribution) Ltd) [30],30.00,30,,127,52,30,1,1.00
26399,4030870,SunVit-D3 400unit tablets (SunVit-D3 Ltd) [28],28.00,28,,125,83,19,1,1.00
48605,8091464,Colecalciferol 400unit / Calcium carbonate 1.5g chewable tablets (NoPL) (Alliance Healthcare (Distribution) Ltd) [56],56.00,56,,48,43,43,1,1.00
12934,3660685,Azyter 15mg/g eye drops 0.25g unit dose (Thea Pharmaceuticals Ltd) [6],6.00,6,,121,76,19,1,1.00
32363,4073870,PyriDose 10mg tablets (TriOn Pharma Ltd) [28],28.00,28,,90,49,47,1,1.00
50763,8105488,Lurasidone 37mg tablets (Alliance Healthcare (Distribution) Ltd) [28],28.00,28,,120,80,120,1,1.00
45742,4224168,CyanocoB12 1mg modified-release tablets (TriOn Pharma Ltd) [28],28.00,28,,50,50,25,1,1.00
1398,0795542,Liquifilm Tears 1.4% eye drops 0.4ml unit dose preservative free (Allergan Ltd) [30],30.00,30,,78,68,55,1,1.00
16466,6806715,Terbutaline 5mg/2ml nebuliser liquid unit dose vials (Alliance Healthcare (Distribution) Ltd) [20],20.00,20,,189,78,31,1,1.00
40371,4196689,NovoPen 6 hypodermic insulin injection pen reusable for 3ml cartridge 1 unit dial up / range 1-60 units Grey (Novo Nordisk Ltd) [1],1.00,1,,212,124,47,1,1.00
31757,8142341,Cipralex 20mg/ml oral drops (PI) (Lundbeck Ltd) [15],15.00,15,,111,59,45,1,1.00
2270,0283184,Mucogel oral suspension (Rosemont Pharmaceuticals Ltd) [500],500.00,500,,52,83,186,1,1.00
47071,1276179,Progesterone micronised 100mg capsules (Besins Healthcare (UK) Ltd) [30],30.00,30,,90,25,55,1,1.00
30139,8157950,Mepore Film dressing 6cm x 7cm (PI) (Molnlycke Health Care Ltd) [10],10.00,10,,162,114,27,1,1.00
38622,8033268,Melolin dressing 10cm x 10cm (PI) (Smith & Nephew Healthcare Ltd) [5],5.00,5,,164,135,23,1,1.00
9922,3352986,Eucreas 50mg/1000mg tablets (Novartis Pharmaceuticals UK Ltd) [60],60.00,60,,112,66,66,1,1.00
7942,1110980,Zopiclone 3.75mg tablets (Almus Pharmaceuticals Ltd) [28],28.00,28,,79,46,25,1,1.00
21151,4006573,Briviact 25mg tablets (UCB Pharma Ltd) [56],56.00,56,,113,57,39,1,1.00
43489,6324164,Domperidone 1mg/ml oral suspension sugar free (PI) (Alliance Healthcare (Distribution) Ltd) [200],200.00,200,,176,56,55,1,1.00
5078,2782407,Activa class I below knee stocking circular knit standard stock size closed toe Extra large Black (L&R Medical UK Ltd) [2],2.00,2,,167,115,31,1,1.00
33667,7025513,Imigran 50mg tablets (PI) (GlaxoSmithKline UK Ltd) [6],6.00,6,,86,59,19,1,1.00
18975,3948858,Ipinnia XL 2mg tablets (Ethypharm UK Ltd) [28],28.00,28,,148,74,58,1,1.00
12918,8426389,Repaglinide 1mg tablets (Alliance Healthcare (Distribution) Ltd) [30],30.00,30,,122,50,30,1,1.00
2234,2116044,Voltarol 25mg suppositories (Novartis Pharmaceuticals UK Ltd) [10],10.00,10,,121,65,26,1,1.00
29802,1204015,Bicalutamide 150mg tablets (Almus Pharmaceuticals Ltd) [28],28.00,28,,154,49,24,1,1.00
21619,8443210,Acamprosate 333mg gastro-resistant tablets (Alliance Healthcare (Distribution) Ltd) [168],168.00,168,,128,106,70,1,1.00
47969,8067746,Primidone 250mg tablets (DAWA) (Alliance Healthcare (Distribution) Ltd) [100],100.00,100,,95,60,45,1,1.00
666,2385607,Suprax 200mg tablets (Advanz Pharma) [7],7.00,7,,106,45,21,1,1.00
36775,4157012,Rybelsus 3mg tablets (Novo Nordisk Ltd) [30],30.00,30,,150,76,39,1,1.00
51431,8438871,Salbutamol 5mg/2.5ml nebuliser liquid unit dose ampoules (Alliance Healthcare (Distribution) Ltd) [20],20.00,20,,192,80,31,1,1.00
15343,6369045,Eprosartan 600mg tablets (Alliance Healthcare (Distribution) Ltd) [28],28.00,28,,115,100,29,1,1.00
16506,6349807,Atorvastatin 20mg tablets (Alliance Healthcare (Distribution) Ltd) [28],28.00,28,,92,78,21,1,1.00
15162,8385338,Rizatriptan 10mg tablets (Alliance Healthcare (Distribution) Ltd) [6],6.00,6,,91,41,21,1,1.00
13731,3727757,Desunin 800unit tablets (Viatris UK Healthcare Ltd) [30],30.00,30,,84,51,22,1,1.00
50775,8012536,Methenamine hippurate 1g tablets (Alliance Healthcare (Distribution) Ltd) [60],60.00,60,,160,88,58,1,1.00
9122,1132505,Cyproterone 50mg tablets (Almus Pharmaceuticals Ltd) [56],56.00,56,,118,69,25,1,1.00
40419,8041071,Rosuvastatin 20mg capsules (Alliance Healthcare (Distribution) Ltd) [28],28.00,28,,274,96,47,1,1.00
33415,1213339,Brancico XL 200mg tablets (Zentiva Pharma UK Ltd) [60],60.00,60,,107,68,58,1,1.00
32087,4040374,Fobumix Easyhaler 80micrograms/dose / 4.5micrograms/dose dry powder inhaler (Orion Pharma (UK) Ltd) [120],120.00,120,,130,83,48,1,1.00
11258,3465689,Aptamil Pepti 1 powder (Nutricia Ltd) [400],400.00,400,,101,101,123,1,1.00
1558,6805865,Trihexyphenidyl 2mg tablets (Alliance Healthcare (Distribution) Ltd) [84],84.00,84,,73,43,42,1,1.00
16539,1126895,Acetazolamide 250mg tablets (Advanz Pharma) [112],112.00,112,,90,49,49,1,1.00
44491,8047318,Venlafaxine 300mg modified-release tablets (Alliance Healthcare (Distribution) Ltd) [30],30.00,30,,77,62,36,1,1.00
7886,1115245,Amiloride 5mg tablets (Almus Pharmaceuticals Ltd) [28],28.00,28,,95,39,23,1,1.00
30791,8435331,Acetazolamide 250mg tablets (Alliance Healthcare (Distribution) Ltd) [112],112.00,112,,101,70,54,1,1.00
33515,3665650,Flexitol 10% Urea cream (Thornton & Ross Ltd) [500],500.00,500,,161,62,56,1,1.00
51007,8048787,Utrogestan 200mg vaginal capsules (PI) (Besins Healthcare (UK) Ltd) [21],21.00,21,,143,66,20,1,1.00
2434,0270652,Epaderm ointment (Molnlycke Health Care Ltd) [500],500.00,500,,103,103,110,1,1.00
12254,1148535,Flecainide 50mg tablets (Almus Pharmaceuticals Ltd) [60],60.00,60,,107,38,36,1,1.00
44783,4260287,CyanocoMinn 1mg tablets (Essential-Healthcare Ltd) [50],50.00,50,,82,36,28,1,1.00
3379,0238360,Haldol Decanoate 100mg/1ml solution for injection ampoules (Essential Pharma Ltd) [5],5.00,5,,102,85,20,1,1.00
16442,1196401,Escitalopram 5mg tablets (Teva UK Ltd) [28],28.00,28,,98,62,22,1,1.00
16619,3851755,Glucoject lancets PLUS 0.2mm/33gauge (A. Menarini Diagnostics Ltd) [200],200.00,200,,108,73,52,1,1.00
36423,1208990,Midazolam 10mg/2ml solution for injection ampoules (Accord-UK Ltd) [10],10.00,10,,102,87,40,1,1.00
50839,8077216,Symbicort 200micrograms/dose / 6micrograms/dose pressurised inhaler (PI) (AstraZeneca UK Ltd) [120],120.00,120,,112,62,48,1,1.00
562,1083039,Quinine sulfate 200mg tablets (Accord-UK Ltd) [28],28.00,28,,116,47,18,1,1.00
6438,2972164,Tegaderm Foam dressing 10cm x 10cm square (3M Health Care Ltd) [10],10.00,10,,219,203,74,1,1.00
36259,1208867,Glycopyrronium bromide 200micrograms/1ml solution for injection ampoules (Accord-UK Ltd) [10],10.00,10,,85,40,70,1,1.00
30196,4051785,Skilarence 120mg gastro-resistant tablets (Almirall Ltd) [90],90.00,90,,126,85,59,1,1.00
43550,8061822,Tildiem 60mg modified-release tablets (PI) (Sanofi) [90],90.00,90,,112,71,45,1,1.00
41119,4207395,AacuLose Hypromellose 0.5% eye drops (TriOn Pharma Ltd) [10],10.00,10,,71,41,31,1,1.00
48623,6838874,Latuda 18.5mg tablets (PI) (CNX Therapeutics Ltd) [28],28.00,28,,145,90,28,1,1.00
32923,4079075,Combisal 25micrograms/dose / 50micrograms/dose inhaler (Aspire Pharma Ltd) [120],120.00,120,,95,56,42,1,1.00
8618,3257110,K-Lite Long bandage 10cm x 5.25m (Urgo Ltd) [1],1.00,1,,156,65,58,1,1.00
622,2439511,Tegretol 100mg tablets (Novartis Pharmaceuticals UK Ltd) [84],84.00,84,,90,71,44,1,1.00
12227,1151554,Oxybutynin 5mg tablets (Almus Pharmaceuticals Ltd) [56],56.00,56,,109,66,21,1,1.00
44268,8043754,Apixaban 2.5mg tablets (Alliance Healthcare (Distribution) Ltd) [10],10.00,10,,104,70,22,1,1.00
44486,5400395,Apixaban 2.5mg tablets (Accord-UK Ltd) [60],60.00,60,,105,46,40,1,1.00
37543,4160230,CyanocoB12 100microgram tablets (TriOn Pharma Ltd) [50],50.00,50,,112,50,36,1,1.00
46451,4229373,Aactive HA PF 0.2% eye drops preservative free (TriOn Pharma Ltd) [10],10.00,10,,27,36,84,1,1.00
37803,4148193,"SunVit-D3 4,000unit tablets (SunVit-D3 Ltd) [28]",28.00,28,,126,84,19,1,1.00
1030,0402362,Diprosone 0.05% cream (Organon Pharma (UK) Ltd) [100],100.00,100,,195,41,47,1,1.00
16766,3885894,Aveeno cream (Kenvue UK Ltd) [500],500.00,500,,88,62,206,1,1.00
39903,4166195,"Balance ring pessary 1.25cm thick, 68mm diameter, PVC (TriOn Pharma Ltd) [1]",1.00,1,,125,68,68,1,1.00
40824,8043713,Oxybutynin 5mg modified-release tablets (Alliance Healthcare (Distribution) Ltd) [28],28.00,28,,78,46,45,1,1.00
32939,4061263,Arovi 120mg/0.8ml solution for injection pre-filled syringes (ROVI Biotech Ltd) [10],10.00,10,,167,102,78,1,1.00
48239,8079998,Glycopyrronium bromide 2mg/5ml oral solution (Special Order) [250],250.00,250,,65,78,155,1,1.00
47487,8118499,Indapamide 1.5mg modified-release tablets (Alliance Healthcare (Distribution) Ltd) [30],30.00,30,,136,48,23,1,1.00
12635,3620549,Artelac Rebalance 0.15% eye drops (Bausch & Lomb UK Ltd) [10],10.00,10,,73,28,28,1,1.00
15370,8094542,Imigran 100mg tablets (PI) (GlaxoSmithKline UK Ltd) [6],6.00,6,,84,57,18,1,1.00
1965,1058890,Famotidine 20mg tablets (Teva UK Ltd) [28],28.00,28,,134,47,16,1,1.00
44476,8031379,Sertraline 150mg tablets (Alliance Healthcare (Distribution) Ltd) [30],30.00,30,,101,72,35,1,1.00
15120,3781952,Cimizt 30microgram/150microgram tablets (Morningside Healthcare Ltd) [63],63.00,63,,142,57,38,1,1.00
8639,3243094,Complan Shake oral powder 57g sachets chocolate (Nutricia Ltd) [4],4.00,4,,171,117,58,1,1.00
44495,4227369,Aactive HA 0.1% eye drops (TriOn Pharma Ltd) [10],10.00,10,,70,40,30,1,1.00
47052,0336347,Solpadeine Plus soluble tablets (Omega Pharma Ltd) [24],24.00,24,,110,107,30,1,1.00
50739,8105322,Famotidine 40mg tablets (Alliance Healthcare (Distribution) Ltd) [56],56.00,56,,125,40,50,1,1.00
1866,0159665,Librium 5mg capsules (Viatris UK Healthcare Ltd) [100],100.00,100,,93,46,45,1,1.00
43245,8015885,Stalevo 75mg/18.75mg/200mg tablets (PI) (Orion Pharma (UK) Ltd) [30],30.00,30,,106,56,55,1,1.00
44644,8060147,Prednisolone 3mg tablets (Alliance Healthcare (Distribution) Ltd) [28],28.00,28,,92,63,20,1,1.00
31732,1221167,Rosuvastatin 10mg tablets (Teva UK Ltd) [28],28.00,28,,101,60,24,1,1.00
3759,2304087,Medrone 16mg tablets (Pfizer Ltd) [30],30.00,30,,101,58,25,1,1.00
45899,8059446,Citalopram 40mg/ml oral drops sugar free (Alliance Healthcare (Distribution) Ltd) [15],15.00,15,,89,44,42,1,1.00
47988,8077331,Clonazepam 2mg/5ml oral solution sugar free (Alliance Healthcare (Distribution) Ltd) [150],150.00,150,,51,71,143,1,1.00
25303,8117756,Contiflo XL 400microgram capsules (Alliance Healthcare (Distribution) Ltd) [30],30.00,30,,80,59,31,1,1.00
262,1073626,Zopiclone 3.75mg tablets (Teva UK Ltd) [28],28.00,28,,105,44,25,1,1.00
6545,0182857,CliniSorb dressing 10cm x 20cm (CliniMed Ltd) [10],10.00,10,,291,150,19,1,1.00
32176,8395634,Primidone 50mg tablets (SERB) (Alliance Healthcare (Distribution) Ltd) [100],100.00,100,,74,47,45,1,1.00
48612,8436305,Ropinirole 4mg modified-release tablets (Alliance Healthcare (Distribution) Ltd) [28],28.00,28,,140,81,30,1,1.00
13719,1175421,Phenytoin sodium 25mg capsules (Flynn Pharma Ltd) [28],28.00,28,,94,55,55,1,1.00
15215,3673282,Aquacel Extra dressing 5cm x 5cm square (ConvaTec Ltd) [10],10.00,10,,118,97,35,1,1.00
12460,2210516,Nitrolingual 400micrograms/dose pump sublingual spray (Beaumont Pharma Ltd) [200],200.00,200,,100,35,34,1,1.00
45759,7050347,Beclometasone 50micrograms/dose nasal spray (Alliance Healthcare (Distribution) Ltd) [200],200.00,200,,128,41,40,1,1.00
7314,2701753,Purilon Gel dressing (Coloplast Ltd) [80],80.00,80,,155,145,74,1,1.00
11057,3463965,Zerocream (Thornton & Ross Ltd) [50],50.00,50,,134,47,38,1,1.00
40264,4178711,Tiogiva 18microgram inhalation powder capsules (Glenmark Pharmaceuticals Europe Ltd) [60],60.00,60,,150,91,65,1,1.00
19432,3978574,Sirdupla 25micrograms/dose / 125micrograms/dose inhaler (Viatris UK Healthcare Ltd) [120],120.00,120,,102,59,36,1,1.00
5363,0333484,Stomahesive wafer S100 100mm x 100mm (ConvaTec Ltd) [5],5.00,5,,128,128,36,1,1.00
9149,1134717,Sotalol 80mg tablets (Almus Pharmaceuticals Ltd) [28],28.00,28,,118,52,17,1,1.00
3000,0282608,Fybogel Mebeverine effervescent granules sachets orange (Reckitt Benckiser Healthcare (UK) Ltd) [10],10.00,10,,95,81,44,1,1.00
43619,8032799,Azelastine 0.05% eye drops (Alliance Healthcare (Distribution) Ltd) [8],8.00,8,,96,35,32,1,1.00
6746,2934206,Dermatix gel (Meda Pharmaceuticals Ltd) [15],15.00,15,,111,26,26,1,1.00
2233,0106989,Voltarol 12.5mg suppositories (Novartis Pharmaceuticals UK Ltd) [10],10.00,10,,121,63,24,1,1.00
41468,8047581,Valsartan 40mg tablets (Alliance Healthcare (Distribution) Ltd) [28],28.00,28,,123,65,22,1,1.00
34608,8011496,Solifenacin 5mg tablets (Alliance Healthcare (Distribution) Ltd) [30],30.00,30,,107,50,21,1,1.00
44671,8061962,Ranolazine 750mg modified-release tablets (Alliance Healthcare (Distribution) Ltd) [60],60.00,60,,137,81,66,1,1.00
10753,3440112,Biocath Comprehensive Care Foley Tray catheter male 14Ch D22655M14 10ml balloon (Bard Ltd) [1],1.00,1,,233,217,104,1,1.00
30776,1081504,Procyclidine 5mg tablets (Teva UK Ltd) [28],28.00,28,,123,54,20,1,1.00
40511,8439952,Gaalin 8mg modified-release capsules (Alliance Healthcare (Distribution) Ltd) [28],28.00,28,,130,67,22,1,1.00
19214,6839286,Relvar Ellipta 184micrograms/dose / 22micrograms/dose dry powder inhaler (PI) (GlaxoSmithKline UK Ltd) [30],30.00,30,,108,93,46,1,1.00
10121,8461501,Oxcarbazepine 150mg tablets (Alliance Healthcare (Distribution) Ltd) [50],50.00,50,,86,56,30,1,1.00
48120,1277367,Famotidine 20mg tablets (Teva UK Ltd) [56],56.00,56,,108,54,32,1,1.00
41860,2654390,Juvela gluten free pizza base (Juvela Ltd) [300],300.00,300,,240,240,27,1,1.00
851,2555829,Tubifast 2-way stretch stockinette 10.75cm (Molnlycke Health Care Ltd) [5],5.00,5,,142,81,80,1,1.00
37025,1180991,Desorex 75microgram tablets (Somex Pharma) [84],84.00,84,,142,52,26,1,1.00
41772,2988418,Glutafin gluten free bread mix (Dr Schar UK Ltd) [500],500.00,500,,195,146,49,1,1.00
48499,8088213,Protopic 0.1% ointment (PI) (LEO Pharma) [30],30.00,30,,150,38,32,1,1.00
51002,8089328,Dapagliflozin 5mg tablets (Alliance Healthcare (Distribution) Ltd) [28],28.00,28,,122,73,25,1,1.00
4405,0092767,Night Nurse capsules (Haleon UK Trading Ltd) [10],10.00,10,,87,71,19,1,1.00
46448,4263588,QV Intensive ointment (Ego Pharmaceuticals) [450],450.00,450,,93,93,106,1,1.00
16492,6832034,Epilim Chronosphere MR 500mg granules sachets (PI) (Sanofi) [30],30.00,30,,107,102,63,1,1.00
2491,2343036,Depo-Medrone with Lidocaine suspension for injection 1ml vials (Pfizer Ltd) [1],1.00,1,,74,34,35,1,1.00
7945,1108901,Metformin 500mg tablets (Almus Pharmaceuticals Ltd) [84],84.00,84,,93,87,55,1,1.00
46452,4268140,AddGluco chewable tablets orange (TriOn Pharma Ltd) [10],10.00,10,,30,30,90,1,1.00
44187,8012932,Lorazepam 500microgram tablets (Alliance Healthcare (Distribution) Ltd) [28],28.00,28,,124,77,26,1,1.00
26870,8139222,Olmesartan medoxomil 20mg tablets (Alliance Healthcare (Distribution) Ltd) [28],28.00,28,,128,88,21,1,1.00
14433,8449662,Fresubin Protein Energy drink chocolate (PI) (Fresenius Kabi Ltd) [200],200.00,200,,141,47,47,1,1.00
45980,1246925,Haloperidol 500microgram tablets (Almus Pharmaceuticals Ltd) [28],28.00,28,,122,52,22,1,1.00
25816,1052364,Tobramycin 240mg/6ml solution for injection vials (Pfizer Ltd) [1],1.00,1,,66,34,34,1,1.00
2023,0205344,Madopar CR capsules (Roche Products Ltd) [100],100.00,100,,137,55,61,1,1.00
3433,2176204,Iopidine 5mg/ml eye drops (Essential Pharma Ltd) [5],5.00,5,,87,38,38,1,1.00
9952,3342698,Oxyal 0.15% eye drops (Bausch & Lomb UK Ltd) [10],10.00,10,,73,28,28,1,1.00
14507,3735206,"Fragmin 18,000units/0.72ml solution for injection pre-filled syringes (Pfizer Ltd) [5]",5.00,5,,166,131,28,1,1.00
44718,8025900,Ferrous fumarate 140mg/5ml oral solution (NoPL) (Alliance Healthcare (Distribution) Ltd) [200],200.00,200,,144,65,61,1,1.00
12361,1156306,Amisulpride 200mg tablets (Almus Pharmaceuticals Ltd) [60],60.00,60,,110,51,36,1,1.00
34816,8015836,Belvo 250mg gastro-resistant tablets (Alliance Healthcare (Distribution) Ltd) [30],30.00,30,,102,71,31,1,1.00
11476,3488368,Hylo-Forte 0.2% eye drops preservative free (Scope Ophthalmics Ltd) [10],10.00,10,,112,41,38,1,1.00
5599,2190577,Flip-Flo sterile catheter valve BFF5 (Bard Ltd) [5],5.00,5,,211,114,91,1,1.00
48657,1275767,Lurasidone 74mg tablets (Accord-UK Ltd) [28],28.00,28,,24,104,80,1,1.00
25028,4028775,Symbicort 200micrograms/dose / 6micrograms/dose pressurised inhaler (AstraZeneca UK Ltd) [120],120.00,120,,112,62,48,1,1.00
41615,8042632,Pilocarpine 5mg tablets (Alliance Healthcare (Distribution) Ltd) [84],84.00,84,,135,51,40,1,1.00
26502,1140326,Edicil MR 30mg tablets (Teva UK Ltd) [28],28.00,28,,124,56,20,1,1.00
13697,3676251,Sinemet Plus 25mg/100mg tablets (Organon Pharma (UK) Ltd) [100],100.00,100,,110,56,52,1,1.00
50560,4266656,AACT Rehydration oral powder sachets (Essential-Healthcare Ltd) [20],20.00,20,,62,100,82,1,1.00
2852,0351346,Hytrin 2mg tablets (Advanz Pharma) [28],28.00,28,,109,49,30,1,1.00
6467,2551125,Algisite M dressing 10cm x 10cm (Smith & Nephew Healthcare Ltd) [10],10.00,10,,195,145,34,1,1.00
8781,2442176,Viridal Duo Starter Pack 10microgram powder and solvent for solution for injection cartridges with device (Advanz Pharma) [2],2.00,2,,171,66,53,1,1.00
11924,3512878,"BD Micro-Fine Ultra hypodermic insulin needles for pre-filled / reusable pen injectors screw on 4mm/32gauge (Becton, Dickinson UK Ltd) [100]",100.00,100,,130,70,90,1,1.00
48099,4175386,AerEase peak flow meter standard range (Essential-Healthcare Ltd) [1],1.00,1,,35,160,60,1,1.00
2838,0123521,Pulmicort 100 Turbohaler (AstraZeneca UK Ltd) [200],200.00,200,,100,44,44,1,1.00
2901,2544740,Qvar 100 Autohaler (Teva UK Ltd) [200],200.00,200,,98,56,34,1,1.00
43740,5029012,Disulfiram 200mg tablets (Alliance Healthcare (Distribution) Ltd) [50],50.00,50,,71,45,45,1,1.00
880,2803245,Energivit powder (Nutricia Ltd) [400],400.00,400,,102,103,120,1,1.00
451,0006189,Maxidex 0.1% eye drops (Novartis Pharmaceuticals UK Ltd) [5],5.00,5,,71,28,27,1,1.00
5973,2528966,Cavilon No Sting barrier film pump spray 3346P (3M Health Care Ltd) [28],28.00,28,,118,41,41,1,1.00
35456,8015661,Omnican Fine hypodermic insulin needles for pre-filled / reusable pen injectors screw on 4mm/31gauge (PI) (B.Braun Medical Ltd) [100],100.00,100,,132,72,71,1,1.00
16411,6326367,Doxepin 50mg capsules (Alliance Healthcare (Distribution) Ltd) [28],28.00,28,,103,81,21,1,1.00
16542,3438876,Vensir XL 75mg capsules (Morningside Healthcare Ltd) [28],28.00,28,,115,65,23,1,1.00
2776,2469419,Elleste Duet Conti tablets (Exeltis UK Ltd) [84],84.00,84,,98,67,21,1,1.00
43640,8442618,Naltrexone 50mg tablets (Alliance Healthcare (Distribution) Ltd) [28],28.00,28,,90,73,23,1,1.00
1248,1099092,Codeine 15mg tablets (Accord-UK Ltd) [28],28.00,28,,105,35,17,1,1.00
1187,2467264,Angitil XL 240 capsules (Ethypharm UK Ltd) [28],28.00,28,,158,53,23,1,1.00
15265,8131419,Paroxetine 10mg tablets (Alliance Healthcare (Distribution) Ltd) [28],28.00,28,,135,60,30,1,1.00
51232,8086993,Amoxicillin 500mg tablets (Alliance Healthcare (Distribution) Ltd) [21],21.00,21,,123,82,23,1,1.00
46427,8056384,Eletriptan 40mg tablets (Alliance Healthcare (Distribution) Ltd) [6],6.00,6,,23,95,50,1,1.00
39538,4190377,Episenta 300mg modified-release capsules (Desitin Pharma Ltd) [30],30.00,30,,61,61,95,1,1.00
10739,3286374,Maxitram SR 150mg capsules (Chiesi Ltd) [60],60.00,60,,97,68,54,1,1.00
36520,1226745,Cefalexin 500mg tablets (Flynn Pharma Ltd) [21],21.00,21,,88,65,38,1,1.00
41592,3817202,Mevalia low protein ciabattine (Vitaflo International Ltd) [260],260.00,260,,235,125,68,1,1.00
12251,1156090,Metoprolol 50mg tablets (Almus Pharmaceuticals Ltd) [28],28.00,28,,119,47,18,1,1.00
42841,8053167,Lyrica 225mg capsules (PI) (Viatris UK Healthcare Ltd) [56],56.00,56,,130,62,45,1,1.00
46520,8037061,Duloxetine 90mg gastro-resistant capsules (Alliance Healthcare (Distribution) Ltd) [28],28.00,28,,135,67,27,1,1.00
19119,0370924,Portia eye shade 173 (Bray Group Ltd) [1],1.00,1,,128,94,17,1,1.00
36998,8096075,Campral EC 333mg tablets (PI) (Merck Serono Ltd) [168],168.00,168,,125,77,71,1,1.00
3319,2491561,Provigil 100mg tablets (Teva UK Ltd) [30],30.00,30,,104,43,29,1,1.00
46748,8058646,Testosterone undecanoate 1g/4ml solution for injection vials (Alliance Healthcare (Distribution) Ltd) [1],1.00,1,,42,74,52,1,1.00
5092,2782399,Activa class I below knee stocking circular knit standard stock size closed toe Large Black (L&R Medical UK Ltd) [2],2.00,2,,168,116,31,1,1.00
4663,3034840,Ursofalk 250mg capsules (Dr. Falk Pharma UK Ltd) [100],100.00,100,,133,89,38,1,1.00
50729,8109027,Colistimethate 1million unit powder for solution for injection vials (Alliance Healthcare (Distribution) Ltd) [10],10.00,10,,60,138,55,1,1.00
45616,8944076,Acrivastine 8mg capsules (Alliance Healthcare (Distribution) Ltd) [24],24.00,24,,96,62,22,1,1.00
31587,4057535,SunVit-D3 800unit capsules (SunVit-D3 Ltd) [28],28.00,28,,122,65,19,1,1.00
31682,1203926,Montelukast 10mg tablets (Almus Pharmaceuticals Ltd) [28],28.00,28,,145,85,23,1,1.00
9135,1132612,Sertraline 100mg tablets (Almus Pharmaceuticals Ltd) [28],28.00,28,,121,61,20,1,1.00
47584,8061038,Lixiana 60mg tablets (PI) (Daiichi Sankyo UK Ltd) [30],30.00,30,,113,67,39,1,1.00
8000,1117837,Domperidone 10mg tablets (Almus Pharmaceuticals Ltd) [100],100.00,100,,104,46,42,1,1.00
6435,3041621,Tegaderm Foam dressing (adhesive) 13.9cm x 13.9cm circular (heel) (3M Health Care Ltd) [5],5.00,5,,274,208,35,1,1.00
46685,8063091,Fixkoh Airmaster 50micrograms/dose / 250micrograms/dose dry powder inhaler (PI) (Genus Pharmaceuticals Holdings Ltd) [60],60.00,60,,1,1,1,1,1.00
50932,8111163,Guanfacine 4mg modified-release tablets (Alliance Healthcare (Distribution) Ltd) [28],28.00,28,,90,82,65,1,1.00
12903,8427882,"Clobetasol 500microgram / Neomycin 5mg / Nystatin 100,000units/g ointment (Alliance Healthcare (Distribution) Ltd) [30]",30.00,30,,141,39,24,1,1.00
50702,8114373,Allopurinol 300mg tablets (Alliance Healthcare (Distribution) Ltd) [100],100.00,100,,60,60,60,1,1.00
15294,3808581,Utrogestan 200mg vaginal capsules (Besins Healthcare (UK) Ltd) [21],21.00,21,,223,93,36,1,1.00
22248,8125759,Vipidia 12.5mg tablets (PI) (Takeda UK Ltd) [28],28.00,28,,96,61,22,1,1.00
1448,0068320,Diprosalic 0.05%/2% scalp application (Organon Pharma (UK) Ltd) [100],100.00,100,,126,50,50,1,1.00
43903,8113094,Thiamine 50mg tablets (Alliance Healthcare (Distribution) Ltd) [28],28.00,28,,97,70,21,1,1.00
11889,3542560,Combodart 0.5mg/0.4mg capsules (Recordati Pharmaceuticals Ltd) [30],30.00,30,,107,47,48,1,1.00
50764,8105504,Lurasidone 74mg tablets (Alliance Healthcare (Distribution) Ltd) [28],28.00,28,,120,80,120,1,1.00
44019,8042251,Roflumilast 500microgram tablets (Alliance Healthcare (Distribution) Ltd) [30],30.00,30,,90,46,25,1,1.00
46422,1127984,Diclofenac sodium 25mg gastro-resistant tablets (Almus Pharmaceuticals Ltd) [84],84.00,84,,137,47,41,1,1.00
1790,2856938,Calcichew Forte chewable tablets (Forum Health Products Ltd) [60],60.00,60,,102,68,68,1,1.00
51428,8080491,Salbutamol 2.5mg/2.5ml nebuliser liquid unit dose ampoules (Alliance Healthcare (Distribution) Ltd) [20],20.00,20,,119,91,64,1,1.00
9972,8091191,Risperidone 500microgram orodispersible tablets sugar free (Alliance Healthcare (Distribution) Ltd) [28],28.00,28,,125,72,21,1,1.00
26923,2891844,Comfifast stockinette 10.75cm (Vernacare International Ltd) [5],5.00,5,,140,94,97,1,1.00
9817,3338464,Tamiflu 30mg capsules (Roche Products Ltd) [10],10.00,10,,124,69,26,1,1.00
50296,3850112,Alogliptin 6.25mg tablets (Takeda UK Ltd) [28],28.00,28,,99,62,22,1,1.00
2639,2811503,Balneum Plus cream (Almirall Ltd) [500],500.00,500,,76,76,212,1,1.00
21854,1202472,Prednisolone 5mg/5ml oral solution unit dose (Logixx Pharma Solutions Ltd) [10],10.00,10,,137,76,46,1,1.00
754,2619344,Betoptic 0.25% eye drops suspension 0.25ml unit dose (Immedica Pharma AB) [50],50.00,50,,141,138,49,1,1.00
18840,3674645,Thirty:30 ointment (Ennogen Healthcare Ltd) [500],500.00,500,,110,105,105,1,1.00
12512,1159136,Risperidone 3mg tablets (Almus Pharmaceuticals Ltd) [60],60.00,60,,128,60,56,1,1.00
16227,0796649,Sodium bicarbonate 5% ear drops (Thornton & Ross Ltd) [10],10.00,10,,70,29,29,1,1.00
19945,1204601,Carbocisteine 750mg/10ml oral solution 10ml sachets sugar free (Esteve Pharmaceuticals Ltd) [15],15.00,15,,141,67,62,1,1.00
47556,4285383,Hibiwash 4% solution (Molnlycke Health Care Ltd) [500],500.00,500,,66,66,170,1,1.00
45623,8047490,Amlodipine 10mg / Valsartan 160mg tablets (Alliance Healthcare (Distribution) Ltd) [28],28.00,28,,90,67,33,1,1.00
10022,8128464,Fexofenadine 120mg tablets (Alliance Healthcare (Distribution) Ltd) [30],30.00,30,,137,64,30,1,1.00
954,0276816,Polycal powder (Nutricia Ltd) [400],400.00,400,,102,101,118,1,1.00
21244,4008678,Cilique 250microgram/35microgram tablets (Gedeon Richter (UK) Ltd) [63],63.00,63,,92,56,26,1,1.00
10740,3286358,Maxitram SR 100mg capsules (Chiesi Ltd) [60],60.00,60,,97,68,50,1,1.00
10279,3396355,Biatain Non-Adhesive dressing 5cm x 7cm rectangular (Coloplast Ltd) [10],10.00,10,,158,140,52,1,1.00
8513,3248598,Prontosan Wound Gel gel dressing (B.Braun Medical Ltd) [30],30.00,30,,122,40,30,1,1.00
1796,0798280,Calcichew D3 chewable tablets (Forum Health Products Ltd) [100],100.00,100,,93,64,64,1,1.00
47027,4284378,Rozex 0.75% cream (Galderma (UK) Ltd) [50],50.00,50,,139,50,37,1,1.00
48694,8108797,Solaraze 3% gel (PI) (Almirall Ltd) [50],50.00,50,,154,43,33,1,1.00
1054,2303998,Tensipine MR 10 tablets (Genus Pharmaceuticals Ltd) [56],56.00,56,,93,43,25,1,1.00
46112,8062820,Nootropil 800mg tablets (PI) (Advanz Pharma) [90],90.00,90,,108,58,55,1,1.00
2016,7125107,Trazodone 150mg tablets (Alliance Healthcare (Distribution) Ltd) [28],28.00,28,,112,71,26,1,1.00
46443,6832406,Inhalvent 20micrograms/dose inhaler (Alliance Healthcare (Distribution) Ltd) [200],200.00,200,,95,53,35,1,1.00
40501,8383432,Lyrica 75mg capsules (PI) (Viatris UK Healthcare Ltd) [56],56.00,56,,129,51,36,1,1.00
50564,8113219,Dexamethasone 2mg tablets (Alliance Healthcare (Distribution) Ltd) [100],100.00,100,,96,46,39,1,1.00
50971,8056673,Simvastatin 20mg / Ezetimibe 10mg tablets (Alliance Healthcare (Distribution) Ltd) [28],28.00,28,,25,104,75,1,1.00
12362,1156314,Amisulpride 400mg tablets (Almus Pharmaceuticals Ltd) [60],60.00,60,,99,51,50,1,1.00
12486,3581394,Octasa 800mg MR gastro-resistant tablets (Tillotts Pharma UK Ltd) [90],90.00,90,,104,88,68,1,1.00
42168,1259225,Vildagliptin 50mg tablets (Accord-UK Ltd) [56],56.00,56,,32,120,72,1,1.00
13548,3690187,Lyrica 20mg/ml oral solution (Viatris UK Healthcare Ltd) [473],473.00,473,,200,84,81,1,1.00
48651,8091803,4SURE beta-ketone testing strips (PI) 4S-810-4634100-005 (Nipro Medical UK Ltd) [10],10.00,10,,43,40,64,1,1.00
29805,1206374,Candesartan 32mg tablets (Almus Pharmaceuticals Ltd) [28],28.00,28,,137,48,37,1,1.00
50864,1047877,Magnesium sulfate paste (Thornton & Ross Ltd) [50],50.00,50,,55,35,35,1,1.00
46827,1257153,Indapamide 2.5mg tablets (Almus Pharmaceuticals Ltd) [28],28.00,28,,104,47,21,1,1.00
13698,3639374,Sinemet 25mg/250mg tablets (Organon Pharma (UK) Ltd) [100],100.00,100,,112,55,52,1,1.00
12218,1155928,Carvedilol 25mg tablets (Almus Pharmaceuticals Ltd) [28],28.00,28,,137,48,22,1,1.00
2860,0155671,Minims prednisolone sodium phosphate 0.5% eye drops 0.5ml unit dose (Bausch & Lomb UK Ltd) [20],20.00,20,,88,87,88,1,1.00
40324,4140729,Epimax moisturising cream (Aspire Pharma Ltd) [100],100.00,100,,40,34,182,1,1.00
37487,1179092,Pravastatin 40mg tablets (Accord-UK Ltd) [28],28.00,28,,146,84,22,1,1.00
20145,3939691,Zaluron XL 50mg tablets (GB) (Fontus Health Ltd) [60],60.00,60,,102,55,40,1,1.00
36592,4154613,Convulex 300mg gastro-resistant capsules (G.L. Pharma UK Ltd) [30],30.00,30,,94,67,37,1,1.00
44487,5400411,Apixaban 2.5mg tablets (Accord-UK Ltd) [20],20.00,20,,104,46,22,1,1.00
41374,1251297,Fesoterodine 8mg modified-release tablets (Accord-UK Ltd) [28],28.00,28,,136,74,39,1,1.00
5634,2408490,Aquasleeve standard 783680 34cm-39cm (Coloplast Ltd) [4],4.00,4,,288,177,40,1,1.00
20576,8095036,Nefopam 30mg tablets (Alliance Healthcare (Distribution) Ltd) [90],90.00,90,,136,63,23,1,1.00
33236,8155012,Carmize 1% eye drops 0.4ml unit dose preservative free (Alliance Healthcare (Distribution) Ltd) [30],30.00,30,,128,81,52,1,1.00
34611,0219063,Gaviscon Infant oral powder sachets (Reckitt Benckiser Healthcare (UK) Ltd) [30],30.00,30,,105,75,39,1,1.00
45649,8055204,Lamictal 200mg tablets (PI) (GlaxoSmithKline UK Ltd) [56],56.00,56,,113,60,31,1,1.00
27032,4017729,Optho-Lique 0.5% eye drops (Essential-Healthcare Ltd) [10],10.00,10,,94,56,33,1,1.00
48350,8105280,Gamolenic acid 40mg capsules (NoPL) (Alliance Healthcare (Distribution) Ltd) [240],240.00,240,,55,45,45,1,1.00
33018,4074175,Yaltormin SR 1000mg tablets (Wockhardt UK Ltd) [28],28.00,28,,101,96,48,1,1.00
27494,4020343,Omnican Fine hypodermic insulin needles for pre-filled / reusable pen injectors screw on 5mm/31gauge (B.Braun Medical Ltd) [100],100.00,100,,132,76,72,1,1.00
12988,1160688,Dorzolamide 20mg/ml / Timolol 5mg/ml eye drops (Accord-UK Ltd) [5],5.00,5,,83,40,39,1,1.00
50752,8046773,Lacosamide 100mg tablets (Alliance Healthcare (Distribution) Ltd) [56],56.00,56,,101,44,24,1,1.00
6267,2850345,Colgate Duraphat 2800ppm fluoride toothpaste (Colgate-Palmolive (UK) Ltd) [75],75.00,75,,192,39,32,1,1.00
34685,4077624,FerroEss 322mg tablets (Essential-Healthcare Ltd) [28],28.00,28,,150,49,16,1,1.00
45484,4259867,Slynd 4mg tablets (Exeltis UK Ltd) [84],84.00,84,,103,53,25,1,1.00
10746,3403102,Nicorette invisi 15mg/16hours patches (McNeil Products Ltd) [7],7.00,7,,103,84,21,1,1.00
46154,1265453,Quetiapine 400mg tablets (Accord-UK Ltd) [60],60.00,60,,115,61,58,1,1.00
1540,0349472,Difflam 0.15% spray (Ceuta Healthcare Ltd) [30],30.00,30,,110,47,47,1,1.00
42268,8048795,Rinaspray 21micrograms/dose nasal spray (PI) (Opella Healthcare UK Ltd) [180],180.00,180,,137,51,29,1,1.00
2988,2819118,Ispagel Orange 3.5g effervescent granules sachets (Bristol Laboratories Ltd) [30],30.00,30,,153,102,70,1,1.00
44939,8056954,Risperidone 1mg/ml oral solution sugar free (Alliance Healthcare (Distribution) Ltd) [100],100.00,100,,159,77,50,1,1.00
19577,1196245,Amoxicillin 500mg capsules (Almus Pharmaceuticals Ltd) [15],15.00,15,,99,98,17,1,1.00
18794,3748472,Nutilis Fruit Dessert Level 4 strawberry (Nutricia Ltd) [450],450.00,450,,285,96,44,1,1.00
40126,1244763,Zipamol Plus 8mg/500mg effervescent tablets (Accord-UK Ltd) [32],32.00,32,,102,37,99,1,1.00
46522,8128530,Edicil MR 30mg tablets (Alliance Healthcare (Distribution) Ltd) [28],28.00,28,,124,54,20,1,1.00
2612,8465783,White soft paraffin 50% / Liquid paraffin 50% ointment (Alliance Healthcare (Distribution) Ltd) [250],250.00,250,,93,93,69,1,1.00
37556,4164554,Feredet 190mg/5ml oral solution (TriOn Pharma Ltd) [500],500.00,500,,192,81,78,1,1.00
31900,3969359,Thealoz Duo Gel eye gel 0.4g unit dose preservative free (Thea Pharmaceuticals Ltd) [30],30.00,30,,174,77,30,1,1.00
2740,0903898,"Portia ring pessary 1.25cm thick, 80mm diameter, PVC (Bray Group Ltd) [1]",1.00,1,,191,158,13,1,1.00
51197,1276203,Mercaptopurine 50mg tablets (Accord-UK Ltd) [25],25.00,25,,40,40,62,1,1.00
45198,8011199,Spiriva 18microgram inhalation powder capsules (PI) (Boehringer Ingelheim Ltd) [30],30.00,30,,96,76,59,1,1.00
50990,8095200,Promethazine teoclate 25mg tablets (Alliance Healthcare (Distribution) Ltd) [28],28.00,28,,20,98,72,1,1.00
21186,8071292,Pregabalin 25mg capsules (Alliance Healthcare (Distribution) Ltd) [56],56.00,56,,101,66,40,1,1.00
2044,1083245,Phenobarbital 30mg tablets (Teva UK Ltd) [28],28.00,28,,135,47,23,1,1.00
16264,8071482,Etopan XL 600mg tablets (Alliance Healthcare (Distribution) Ltd) [30],30.00,30,,95,65,32,1,1.00
32825,8413692,Metoclopramide 10mg/2ml solution for injection ampoules (Alliance Healthcare (Distribution) Ltd) [5],5.00,5,,102,79,22,1,1.00
2608,0029496,Betnovate 0.1% ointment (GlaxoSmithKline UK Ltd) [100],100.00,100,,168,51,38,1,1.00
50261,8110892,Sodium bicarbonate 500mg capsules (NoPL) (Alliance Healthcare (Distribution) Ltd) [100],100.00,100,,30,15,30,1,1.00
38146,4173563,200-SEL tablets (TriOn Pharma Ltd) [30],30.00,30,,88,50,50,1,1.00
51290,8098816,Atropine 1% eye drops 0.5ml unit dose preservative free (Alliance Healthcare (Distribution) Ltd) [20],20.00,20,,127,40,87,1,1.00
7884,1108620,Allopurinol 100mg tablets (Almus Pharmaceuticals Ltd) [28],28.00,28,,117,51,16,1,1.00
12404,3587607,"Jext 300micrograms/0.3ml (1 in 1,000) solution for injection auto-injectors (ALK-Abello Ltd) [1]",1.00,1,,169,37,34,1,1.00
51160,8067571,Varenicline 500microgram tablets (Alliance Healthcare (Distribution) Ltd) [28],28.00,28,,133,84,20,1,1.00
22697,2603652,Eltroxin 50microgram tablets (Advanz Pharma) [28],28.00,28,,135,50,20,1,1.00
7388,3149630,Combigan eye drops (AbbVie Ltd) [5],5.00,5,,65,32,30,1,1.00
26329,3996956,GlucoRx Allpresan diabetic foam cream Intensive (GlucoRx Ltd) [300],300.00,300,,57,57,243,1,1.00
32966,1208941,Memantine 20mg tablets (Accord-UK Ltd) [28],28.00,28,,124,60,25,1,1.00
39258,4190393,Trimbow NEXThaler 88micrograms/dose / 5micrograms/dose / 9micrograms/dose dry powder inhaler (Chiesi Ltd) [120],120.00,120,,166,90,41,1,1.00
2436,0851840,Remedeine tablets (Crescent Pharma Ltd) [112],112.00,112,,111,46,46,1,1.00
3080,0316802,Locoid 0.1% Lipocream (Neon Healthcare Ltd) [100],100.00,100,,187,53,37,1,1.00
43472,8050809,"BD Micro-Fine Ultra hypodermic insulin needles for pre-filled / reusable pen injectors screw on 5mm/31gauge (PI) (Becton, Dickinson UK Ltd) [100]",100.00,100,,130,87,71,1,1.00
12269,1152198,Hydrocortisone 10mg tablets (Almus Pharmaceuticals Ltd) [30],30.00,30,,96,39,20,1,1.00
12268,1149632,Lansoprazole 15mg gastro-resistant capsules (Almus Pharmaceuticals Ltd) [28],28.00,28,,97,77,36,1,1.00
21417,1130343,Ondansetron 4mg/2ml solution for injection ampoules (Viatris UK Healthcare Ltd) [5],5.00,5,,103,98,21,1,1.00
51182,8070344,Rivaroxaban 10mg capsules (Alliance Healthcare (Distribution) Ltd) [28],28.00,28,,117,69,30,1,1.00
46678,8058026,Fludrocortisone 50microgram tablets (Alliance Healthcare (Distribution) Ltd) [30],30.00,30,,30,100,43,1,1.00
564,7027063,Ciprofloxacin 250mg tablets (Alliance Healthcare (Distribution) Ltd) [20],20.00,20,,45,46,25,1,1.00
3280,2449569,CellCept 500mg tablets (Roche Products Ltd) [50],50.00,50,,124,68,53,1,1.00
48345,8105272,"Colecalciferol 20,000unit capsules (NoPL) (Alliance Healthcare (Distribution) Ltd) [30]",30.00,30,,40,34,34,1,1.00
19889,6839682,Dovobet gel (PI) (LEO Pharma) [60],60.00,60,,120,76,50,1,1.00
6084,2764421,SpeediCath catheter female 12Ch 28512 (Coloplast Ltd) [30],30.00,30,,287,185,40,1,1.00
13429,6290969,Donepezil 5mg tablets (Alliance Healthcare (Distribution) Ltd) [28],28.00,28,,85,54,34,1,1.00
22802,8091167,Hypromellose 0.3% eye drops preservative free (Alliance Healthcare (Distribution) Ltd) [10],10.00,10,,76,35,34,1,1.00
44506,1083401,Propranolol 10mg tablets (Accord-UK Ltd) [28],28.00,28,,107,38,19,1,1.00
12964,8424285,Pioglitazone 30mg tablets (Alliance Healthcare (Distribution) Ltd) [28],28.00,28,,121,68,23,1,1.00
6924,3040920,Softpore dressing 6cm x 7cm (Richardson Healthcare Ltd) [60],60.00,60,,142,132,99,1,1.00
18797,2867505,Spiriva 18microgram inhalation powder capsules with HandiHaler (Boehringer Ingelheim Ltd) [30],30.00,30,,96,75,58,1,1.00
17449,1173665,Esomeprazole 20mg gastro-resistant tablets (Accord-UK Ltd) [28],28.00,28,,144,76,30,1,1.00
1604,2047462,Dostinex 500microgram tablets (Pfizer Ltd) [8],8.00,8,,75,48,47,1,1.00
31745,2935617,Crestor 20mg tablets (AstraZeneca UK Ltd) [28],28.00,28,,146,74,32,1,1.00
40082,1179282,Risperidone 500microgram tablets (Accord-UK Ltd) [20],20.00,20,,110,18,45,1,1.00
12450,8128670,Risedronate sodium 5mg tablets (Alliance Healthcare (Distribution) Ltd) [28],28.00,28,,101,65,20,1,1.00
36519,1226935,Cefalexin 250mg tablets (Flynn Pharma Ltd) [28],28.00,28,,119,65,20,1,1.00
17084,3908571,TheiCal-D3 1000mg/880unit chewable tablets (Stirling Anglian Pharmaceuticals Ltd) [30],30.00,30,,158,105,33,1,1.00
50785,8105447,Midodrine 10mg tablets (Alliance Healthcare (Distribution) Ltd) [100],100.00,100,,50,90,42,1,1.00
50741,8057630,Fluoxetine 20mg/5ml oral solution sugar free (Alliance Healthcare (Distribution) Ltd) [70],70.00,70,,50,50,110,1,1.00
7220,2971216,Alvesco 80 inhaler (Covis Pharma GmbH) [120],120.00,120,,100,57,35,1,1.00
31945,4040077,Epaderm cream (Molnlycke Health Care Ltd) [150],150.00,150,,170,47,47,1,1.00
48138,1144138,Phosphates enema (Formula B) 128ml standard tube (Essential Generics Ltd) [1],1.00,1,,50,48,47,1,1.00
41630,4199337,AaproMel 0.5% eye drops (Essential-Healthcare Ltd) [10],10.00,10,,71,41,30,1,1.00
43639,8041121,Prednisolone 1mg gastro-resistant tablets (Alliance Healthcare (Distribution) Ltd) [100],100.00,100,,90,48,50,1,1.00
3748,2911378,Asmanex 200micrograms/dose Twisthaler (Organon Pharma (UK) Ltd) [60],60.00,60,,164,63,45,1,1.00
14117,1182989,Neditol XL 2mg capsules (Aspire Pharma Ltd) [28],28.00,28,,128,66,31,1,1.00
46529,8027740,Sertraline 25mg tablets (Alliance Healthcare (Distribution) Ltd) [28],28.00,28,,99,43,23,1,1.00
14908,1073568,Glyceryl trinitrate 400micrograms/dose pump sublingual spray (Accord-UK Ltd) [200],200.00,200,,112,31,30,1,1.00
46300,4266946,Movicol Plain oral powder 13.7g sachets (Forum Health Products Ltd) [30],30.00,30,,135,84,150,1,1.00
41386,3926151,Xailin Hydrate 0.3% eye drops (Visufarma UK Ltd) [10],10.00,10,,82,30,30,1,1.00
51190,1288844,Levothyroxine sodium 75microgram tablets (Teva UK Ltd) [56],56.00,56,,0,0,0,1,1.00
15597,7023369,Seretide 500 Accuhaler (PI) (GlaxoSmithKline UK Ltd) [60],60.00,60,,93,91,35,1,1.00
8260,2289205,Adcal-D3 chewable tablets tutti frutti (Grunenthal Ltd) [112],112.00,112,,144,86,50,1,1.00
21237,4010492,GlucoRx CarePoint hypodermic insulin needles for pre-filled / reusable pen injectors screw on 5mm/31gauge (GlucoRx Ltd) [100],100.00,100,,132,72,72,1,1.00
27477,6332712,Lumigan 100micrograms/ml eye drops (PI) (AbbVie Ltd) [3],3.00,3,,93,50,42,1,1.00
9828,8455396,Desmopressin 100microgram tablets (Alliance Healthcare (Distribution) Ltd) [90],90.00,90,,79,46,45,1,1.00
48540,1279595,Conjugated oestrogens 1.25mg tablets (Pfizer Ltd) [84],84.00,84,,52,97,109,1,1.00
37542,4158747,Nilemdo 180mg tablets (Daiichi Sankyo UK Ltd) [28],28.00,28,,114,67,20,1,1.00
51258,8108821,Co-amoxiclav 250mg/62mg/5ml oral suspension sugar free (Alliance Healthcare (Distribution) Ltd) [100],100.00,100,,52,52,123,1,1.00
14929,2813202,Daktacort Hydrocortisone cream (McNeil Products Ltd) [15],15.00,15,,131,35,32,1,1.00
13140,3677648,palmdoc iCare Advanced testing strips (Palmdoc Ltd) [50],50.00,50,,61,46,45,1,1.00
8601,3249216,Emselex 7.5mg modified-release tablets (pharmaand GmbH) [28],28.00,28,,111,45,22,1,1.00
43621,8037509,Sodium cromoglicate 100mg capsules (Alliance Healthcare (Distribution) Ltd) [100],100.00,100,,93,58,57,1,1.00
2908,2183523,Flixotide 100micrograms/dose Accuhaler (GlaxoSmithKline UK Ltd) [60],60.00,60,,132,106,41,1,1.00
22368,3990843,palmdoc testing strips (Palmdoc Ltd) [50],50.00,50,,82,63,46,1,1.00
33598,8111429,Aveeno body wash (PI) (Kenvue UK Ltd) [500],500.00,500,,200,78,60,1,1.00
40526,4193132,A1-Cal 500mg chewable tablets (TriOn Pharma Ltd) [100],100.00,100,,127,61,60,1,1.00
14561,6289722,Lactulose 10g/15ml oral solution 15ml sachets sugar free (Alliance Healthcare (Distribution) Ltd) [10],10.00,10,,124,106,39,1,1.00
12304,3571668,Nexplanon 68mg implant (Organon Pharma (UK) Ltd) [1],1.00,1,,181,68,26,1,1.00
51185,8049454,Sitagliptin 100mg/5ml oral solution sugar free (Alliance Healthcare (Distribution) Ltd) [150],150.00,150,,147,71,53,1,1.00
49537,8461766,Zonisamide 25mg capsules (Alliance Healthcare (Distribution) Ltd) [14],14.00,14,,108,69,30,1,1.00
4244,2465284,Monomil XL 60mg tablets (Teva UK Ltd) [28],28.00,28,,106,62,24,1,1.00
46000,8008047,Prednisolone 20mg/100ml rectal solution (Alliance Healthcare (Distribution) Ltd) [7],7.00,7,,191,97,117,1,1.00
42189,1067594,Co-dydramol 10mg/500mg tablets (Accord-UK Ltd) [100],100.00,100,,121,48,58,1,1.00
43902,8113102,Thiamine 100mg tablets (Alliance Healthcare (Distribution) Ltd) [28],28.00,28,,97,70,20,1,1.00
45981,1246933,Haloperidol 1.5mg tablets (Almus Pharmaceuticals Ltd) [28],28.00,28,,120,51,21,1,1.00
45996,6287395,Pramipexole 260microgram modified-release tablets (Alliance Healthcare (Distribution) Ltd) [30],30.00,30,,135,61,25,1,1.00
2217,0323394,Marvelon tablets (Organon Pharma (UK) Ltd) [63],63.00,63,,142,45,30,1,1.00
46629,6838262,Rosuvastatin 20mg tablets (Alliance Healthcare (Distribution) Ltd) [28],28.00,28,,116,55,36,1,1.00
2140,0377614,"BD Micro-Fine + hypodermic U100 insulin syringe sterile single use / single patient use 0.5ml with 12.7mm needle 0.33mm/29gauge (Becton, Dickinson UK Ltd) [10]",10.00,10,,173,142,84,1,10.00
26312,4033452,Acidex Advance oral suspension peppermint (Wockhardt UK Ltd) [500],500.00,500,,76,74,176,1,1.00
20697,3897121,Medi Derma-S non-sting medical barrier film pump spray 60796 (Medicareplus International Ltd) [30],30.00,30,,34,34,102,1,1.00
46142,8057465,Enalapril 2.5mg tablets (Alliance Healthcare (Distribution) Ltd) [28],28.00,28,,115,66,20,1,1.00
15897,3657707,Rapilose 40% gel (Penlan Healthcare Ltd) [75],75.00,75,,132,56,29,1,1.00
26476,4010484,GlucoRx CarePoint hypodermic insulin needles for pre-filled / reusable pen injectors screw on 4mm/31gauge (GlucoRx Ltd) [100],100.00,100,,132,73,71,1,1.00
32533,8411159,Mefenamic acid 250mg capsules (Alliance Healthcare (Distribution) Ltd) [100],100.00,100,,48,48,94,1,1.00
44189,8011520,Doxazosin 8mg tablets (Alliance Healthcare (Distribution) Ltd) [28],28.00,28,,95,52,26,1,1.00
6752,2338788,Biotene Oralbalance dry mouth saliva replacement gel (Haleon UK Trading Ltd) [50],50.00,50,,153,38,32,1,1.00
12508,1159094,Risperidone 500microgram tablets (Almus Pharmaceuticals Ltd) [20],20.00,20,,121,48,18,1,1.00
32897,1178441,Donepezil 5mg tablets (Accord-UK Ltd) [28],28.00,28,,119,46,31,1,1.00
15758,3837317,Upostelle 1500microgram tablets (Gedeon Richter (UK) Ltd) [1],1.00,1,,91,71,25,1,1.00
15497,3423308,KerraMaxCare dressing 10cm x 22cm rectangular (Crawford Healthcare Ltd) [10],10.00,10,,328,172,19,1,1.00
46632,1110519,Codeine 30mg tablets (Almus Pharmaceuticals Ltd) [28],28.00,28,,106,37,18,1,1.00
12913,8426124,Levofloxacin 250mg tablets (Alliance Healthcare (Distribution) Ltd) [10],10.00,10,,135,48,25,1,1.00
46997,1249713,Quetiapine 25mg tablets (Almus Pharmaceuticals Ltd) [60],60.00,60,,99,49,35,1,1.00
16512,6349815,Atorvastatin 40mg tablets (Alliance Healthcare (Distribution) Ltd) [28],28.00,28,,132,103,27,1,1.00
37476,4160313,Vagirux 10microgram vaginal tablets (Gedeon Richter (UK) Ltd) [24],24.00,24,,153,58,26,1,1.00
26413,8435810,Phorpain Maximum Strength 10% gel (Alliance Healthcare (Distribution) Ltd) [30],30.00,30,,151,38,27,1,1.00
40058,4197638,Acepiro 600mg effervescent tablets (Stirling Anglian Pharmaceuticals Ltd) [20],20.00,20,,100,56,50,1,1.00
50993,4351409,Movicol oral powder 13.7g sachets lemon & lime (Forum Health Products Ltd) [30],30.00,30,,150,150,135,1,1.00
16216,0332668,Ichthopaste bandage 7.5cm x 6m (Evolan Pharma AB) [1],1.00,1,,119,59,57,1,1.00
20033,1202019,Co-codamol 8mg/500mg caplets (Accord-UK Ltd) [32],32.00,32,,91,72,34,1,1.00
13380,0863456,Januvia 50mg tablets (Merck Sharp & Dohme (UK) Ltd) [28],28.00,28,,95,51,21,1,1.00
1804,0017202,Kay-Cee-L syrup (Geistlich Sons Ltd) [500],500.00,500,,194,77,76,1,1.00
17120,1197789,Glycopyrronium bromide 600micrograms/3ml solution for injection ampoules (Advanz Pharma) [3],3.00,3,,106,100,26,1,1.00
49977,1280890,Clindamycin 150mg capsules (Pfizer Ltd) [100],100.00,100,,93,85,56,1,1.00
48114,1279728,Misabri PR 82.5mg pro-longed release tablets (CNX Therapeutics Ltd) [30],30.00,30,,90,55,55,1,1.00
19541,6834626,Almotriptan 12.5mg tablets (Alliance Healthcare (Distribution) Ltd) [6],6.00,6,,100,49,25,1,1.00
12940,3659703,Doublebase Dayleve gel (Dermal Laboratories Ltd) [100],100.00,100,,185,43,42,1,1.00
17125,3935889,Cetraben ointment (Thornton & Ross Ltd) [125],125.00,125,,70,72,72,1,1.00
30092,8155962,Etoricoxib 90mg tablets (Alliance Healthcare (Distribution) Ltd) [28],28.00,28,,115,55,33,1,1.00
13504,1172642,Candesartan 4mg tablets (Teva UK Ltd) [28],28.00,28,,137,49,17,1,1.00
36122,1226752,Cefalexin 125mg/5ml oral suspension (Flynn Pharma Ltd) [100],100.00,100,,136,63,53,1,1.00
46401,8056426,Calcipotriol 0.005% / Betamethasone dipropionate 0.05% gel (Alliance Healthcare (Distribution) Ltd) [120],120.00,120,,70,45,35,1,1.00
7970,1115849,Glyceryl trinitrate 500microgram sublingual tablets (Almus Pharmaceuticals Ltd) [100],100.00,100,,63,40,40,1,1.00
51261,8153520,Diphenhydramine 25mg tablets (Alliance Healthcare (Distribution) Ltd) [20],20.00,20,,99,70,22,1,1.00
1240,2659951,Isodur 25XL capsules (Galen Ltd) [28],28.00,28,,122,72,21,1,1.00
40321,8154916,Carmellose 0.5% eye drops 0.4ml unit dose preservative free (Alliance Healthcare (Distribution) Ltd) [30],30.00,30,,129,81,52,1,1.00
45836,1270065,Estriol 500microgram pessaries (Aspen Pharma Trading Ltd) [15],15.00,15,,37,130,60,1,1.00
7988,1110832,Prednisolone 1mg tablets (Almus Pharmaceuticals Ltd) [28],28.00,28,,105,36,19,1,1.00
13226,1164557,Oxazepam 15mg tablets (Almus Pharmaceuticals Ltd) [28],28.00,28,,106,37,17,1,1.00
47169,8067589,Varenicline 1mg tablets (Alliance Healthcare (Distribution) Ltd) [28],28.00,28,,133,83,20,1,1.00
48314,8080178,Gazylan XL 8mg capsules (Alliance Healthcare (Distribution) Ltd) [28],28.00,28,,10,64,32,1,1.00
40197,4200333,Phyto-K 10mg tablets (TriOn Pharma Ltd) [28],28.00,28,,105,72,19,1,1.00
11168,2324325,Cutimed Sorbact Contact swab 4cm x 6cm (Essity UK Ltd) [5],5.00,5,,142,121,31,1,1.00
34973,4089710,GlucoRx Torq oral gel raspberry ripple (GlucoRx Ltd) [70.50],70.50,0,,150,20,200,1,1.00
1375,0240853,Rifadin 300mg capsules (Sanofi) [100],100.00,100,,123,70,43,1,1.00
736,0366245,Diastix testing strips (Ascensia Diabetes Care UK Ltd) [50],50.00,50,,108,43,43,1,1.00
33682,4017810,MyriBase gel (Penlan Healthcare Ltd) [500],500.00,500,,239,87,87,1,1.00
48573,1282581,Medroxyprogesterone 5mg tablets (Pfizer Ltd) [100],100.00,100,,51,63,113,1,1.00
50754,8046740,Lacosamide 200mg tablets (Alliance Healthcare (Distribution) Ltd) [56],56.00,56,,111,61,35,1,1.00
11485,3503174,Mylife Pura testing strips (Pikdare S.p.A.) [50],50.00,50,,82,65,41,1,1.00
1676,0278069,Synalar 0.025% ointment (Reig Jofre UK Ltd) [30],30.00,30,,140,39,32,1,1.00
43497,1081868,Metoclopramide 10mg tablets (Accord-UK Ltd) [28],28.00,28,,105,37,18,1,1.00
1380,7012784,Paracetamol 250mg/5ml oral suspension (Alliance Healthcare (Distribution) Ltd) [500],500.00,500,,192,97,80,1,1.00
7956,1109685,Trimethoprim 100mg tablets (Almus Pharmaceuticals Ltd) [28],28.00,28,,120,62,21,1,1.00
43610,1079342,Metronidazole 200mg/5ml oral suspension (Rosemont Pharmaceuticals Ltd) [100],100.00,100,,126,54,54,1,1.00
37109,8414575,Seretide 50 Evohaler (PI) (GlaxoSmithKline UK Ltd) [120],120.00,120,,92,53,35,1,1.00
44370,4257333,Ceyesto 1mg/ml oral solution (Alturix Ltd) [100],100.00,100,,58,66,145,1,1.00
37089,8025645,Hydroxychloroquine 300mg tablets (Alliance Healthcare (Distribution) Ltd) [30],30.00,30,,98,64,27,1,1.00
20060,8440869,Tranylcypromine 10mg tablets (Alliance Healthcare (Distribution) Ltd) [28],28.00,28,,67,40,40,1,1.00
1649,2469096,Singulair Paediatric 5mg chewable tablets (Organon Pharma (UK) Ltd) [28],28.00,28,,115,66,36,1,1.00
12244,1152990,Mirtazapine 30mg tablets (Almus Pharmaceuticals Ltd) [28],28.00,28,,121,66,22,1,1.00
468,8461659,Timolol 0.25% eye drops (Alliance Healthcare (Distribution) Ltd) [5],5.00,5,,75,34,32,1,1.00
50462,1207679,Zonisamide 25mg capsules (Accord-UK Ltd) [14],14.00,14,,49,110,25,1,1.00
47405,1147958,Betamethasone valerate 0.1% cream (Accord-UK Ltd) [100],100.00,100,,183,39,47,1,1.00
51322,8073181,Metformin 1g oral powder sachets sugar free (Alliance Healthcare (Distribution) Ltd) [30],30.00,30,,90,115,55,1,1.00
26693,1214477,Co-codamol 15mg/500mg tablets (Accord-UK Ltd) [100],100.00,100,,122,78,62,1,1.00
24840,8125817,Invokana 100mg tablets (PI) (A. Menarini Farmaceutica Internazionale SRL) [30],30.00,30,,130,71,31,1,1.00
41425,4209284,AaceCa D3 1500mg/400unit chewable tablets (Essential-Healthcare Ltd) [56],56.00,56,,146,90,28,1,1.00
22672,1210996,Prednisolone 2.5mg tablets (Accord-UK Ltd) [28],28.00,28,,108,38,20,1,1.00
2540,7092422,Ursodeoxycholic acid 150mg tablets (Alliance Healthcare (Distribution) Ltd) [60],60.00,60,,85,59,30,1,1.00
48122,4283461,AaceCa 500mg effervescent tablets (Essential-Healthcare Ltd) [19],19.00,19,,20,20,150,1,1.00
50113,1278001,Doxycycline 100mg capsules (Teva UK Ltd) [50],50.00,50,,108,46,45,1,1.00
45206,8056988,AeroChamber Plus Flow-Vu Anti-Static with small mask infant 0-18 months (PI) (Trudell Medical UK Ltd) [1],1.00,1,,150,75,75,1,1.00
26661,8127854,Bezalip 200mg tablets (BUK) (Teva UK Ltd) [100],100.00,100,,126,65,51,1,1.00
21196,6836191,Duloxetine 20mg gastro-resistant capsules (Alliance Healthcare (Distribution) Ltd) [28],28.00,28,,158,85,57,1,1.00
48577,1279876,Zolmitriptan 5mg/0.1ml nasal spray unit dose (Grunenthal Ltd) [6],6.00,6,,85,56,160,1,1.00
34672,6336515,Nasofan 50micrograms/dose aqueous nasal spray (Alliance Healthcare (Distribution) Ltd) [150],150.00,150,,127,42,42,1,1.00
1636,2776078,T-Safe 380A QL intrauterine contraceptive device (Williams Medical Supplies Ltd) [1],1.00,1,,303,94,17,1,1.00
42874,1260777,Fludrocortisone 100microgram tablets (Almus Pharmaceuticals Ltd) [30],30.00,30,,108,48,30,1,1.00
1913,2371953,Urispas 200 tablets (Recordati Pharmaceuticals Ltd) [90],90.00,90,,81,70,41,1,1.00
19870,6834634,Promethazine hydrochloride 10mg tablets (Alliance Healthcare (Distribution) Ltd) [56],56.00,56,,89,52,39,1,1.00
21581,4006250,HydraMed night eye ointment preservative free (Farmigea S.p.A.) [5],5.00,5,,126,34,23,1,1.00
42220,5023767,Terbinafine 1% cream (Alliance Healthcare (Distribution) Ltd) [15],15.00,15,,125,39,25,1,1.00
3153,0495432,Flamazine 1% cream (Smith & Nephew Healthcare Ltd) [50],50.00,50,,148,47,30,1,1.00
16656,6332597,Moxifloxacin 400mg tablets (Alliance Healthcare (Distribution) Ltd) [5],5.00,5,,48,49,26,1,1.00
5112,2681518,Activa class I below knee stocking circular knit standard stock size open toe Medium Sand (L&R Medical UK Ltd) [2],2.00,2,,165,116,32,1,1.00
2430,0037358,Naseptin nasal cream (Alliance Pharmaceuticals Ltd) [15],15.00,15,,122,33,23,1,1.00
46001,8023061,Pregabalin 75mg tablets (Alliance Healthcare (Distribution) Ltd) [56],56.00,56,,114,94,63,1,1.00
44270,8158396,Haloperidol 5mg/1ml solution for injection ampoules (Alliance Healthcare (Distribution) Ltd) [10],10.00,10,,108,102,26,1,1.00
37557,4164588,AD Caps softgel capsules (TriOn Pharma Ltd) [28],28.00,28,,96,73,21,1,1.00
31892,3820974,Oralieve moisturising mouth spray (Oralieve UK) [50],50.00,50,,116,41,38,1,1.00
51103,1288356,Cetirizine 1mg/ml oral solution sugar free (Accord-UK Ltd) [200],200.00,200,,74,61,145,1,1.00
51184,8070542,Rivaroxaban 15mg capsules (Alliance Healthcare (Distribution) Ltd) [28],28.00,28,,117,69,30,1,1.00
15040,6287973,Trileptal 300mg tablets (PI) (Novartis Pharmaceuticals UK Ltd) [50],50.00,50,,108,64,56,1,1.00
44278,1187459,Co-codamol 30mg/500mg tablets (Accord-UK Ltd) [100],100.00,100,,115,76,61,1,1.00
33801,1208925,Memantine 10mg tablets (Accord-UK Ltd) [28],28.00,28,,124,60,23,1,1.00
50654,8111247,Atomoxetine 4mg/ml oral solution sugar free (Alliance Healthcare (Distribution) Ltd) [100],100.00,100,,140,53,63,1,1.00
15029,1129949,Ondansetron 8mg tablets (Teva UK Ltd) [10],10.00,10,,123,54,19,1,1.00
25240,4017828,MyriBase gel (Penlan Healthcare Ltd) [100],100.00,100,,186,43,44,1,1.00
44719,8042699,Ferrous sulfate 200mg tablets (NoPL) (Alliance Healthcare (Distribution) Ltd) [28],28.00,28,,134,43,15,1,1.00
50716,8067258,Darifenacin 15mg modified-release tablets (Alliance Healthcare (Distribution) Ltd) [28],28.00,28,,25,110,25,1,1.00
2204,0381764,Faverin 50mg tablets (Viatris UK Healthcare Ltd) [60],60.00,60,,97,76,24,1,1.00
50930,8111148,Guanfacine 2mg modified-release tablets (Alliance Healthcare (Distribution) Ltd) [28],28.00,28,,90,82,65,1,1.00
32697,4074944,Depalta 60mg gastro-resistant capsules (GlucoRx Ltd) [28],28.00,28,,121,84,37,1,1.00
9408,3291119,Xyzal 0.5mg/ml oral solution (UCB Pharma Ltd) [200],200.00,200,,163,72,58,1,1.00
50693,8092090,Allopurinol 200mg tablets (Alliance Healthcare (Distribution) Ltd) [28],28.00,28,,25,102,60,1,1.00
44560,6329809,"Colecalciferol 1,000unit capsules (NoPL) (Alliance Healthcare (Distribution) Ltd) [28]",28.00,28,,62,58,58,1,1.00
12195,3355179,Blephaclean wipes (Thea Pharmaceuticals Ltd) [20],20.00,20,,129,76,37,1,1.00
32064,3494895,SodiClor 1.46g/5ml (5mmol/ml) oral solution (Arjun Products Ltd) [100],100.00,100,,105,55,55,1,1.00
7920,1097450,Atenolol 50mg tablets (Almus Pharmaceuticals Ltd) [28],28.00,28,,118,52,21,1,1.00
40434,4194023,Avenor 25micrograms/dose / 50micrograms/dose inhaler (Zentiva Pharma UK Ltd) [120],120.00,120,,42,92,56,1,1.00
46637,2339075,Phytomenadione 2mg/0.2ml solution for injection ampoules (Neon Healthcare Ltd) [5],5.00,5,,125,114,49,1,1.00
42164,1246719,Period Pain Reliever 250mg gastro-resistant tablets (Accord-UK Ltd) [9],9.00,9,,132,18,46,1,1.00
46749,6358915,Frisium 10mg tablets (BUK) (Atnahs Pharma UK Ltd) [30],30.00,30,,105,45,23,1,1.00
15180,3663754,Mylife Clickfine hypodermic insulin needles for pre-filled / reusable pen injectors snap on 6mm/31gauge (Pikdare S.p.A.) [100],100.00,100,,145,95,56,1,1.00
36395,3999786,Evolve Carbomer 980 0.2% eye gel preservative free (Medicom Healthcare Ltd) [10],10.00,10,,82,30,29,1,1.00
47908,8097388,Prednisolone 5mg soluble tablets sugar free (Alliance Healthcare (Distribution) Ltd) [30],30.00,30,,124,51,31,1,1.00
1536,1070168,Baclofen 10mg tablets (Teva UK Ltd) [84],84.00,84,,138,49,23,1,1.00
11622,8457061,Pericyazine 2.5mg tablets (Alliance Healthcare (Distribution) Ltd) [84],84.00,84,,104,71,22,1,1.00
26581,8120552,Colecalciferol 800unit tablets (Alliance Healthcare (Distribution) Ltd) [30],30.00,30,,89,38,27,1,1.00
12516,3596764,SpeediCath Compact catheter male one size (12-18Ch) 28692 (Coloplast Ltd) [30],30.00,30,,200,137,70,1,1.00
40565,8427908,Dantrium 25mg capsules (PI) (Forum Health Products Ltd) [100],100.00,100,,101,85,67,1,1.00
34532,4099933,Lokelma 5g oral powder sachets (AstraZeneca UK Ltd) [30],30.00,30,,128,120,81,1,1.00
50735,8062739,Dexamethasone 4mg tablets (Alliance Healthcare (Distribution) Ltd) [30],30.00,30,,46,23,115,1,1.00
34304,4101564,Emulsifying ointment (Ennogen Healthcare International Ltd) [500],500.00,500,,110,108,108,1,1.00
3140,0092114,Alpha tocopheryl acetate 500mg/5ml oral suspension (Alliance Pharmaceuticals Ltd) [100],100.00,100,,53,53,104,1,1.00
32782,1178391,Citalopram 10mg tablets (Accord-UK Ltd) [28],28.00,28,,100,56,22,1,1.00
51249,8073264,Dexamethasone 1mg tablets (Alliance Healthcare (Distribution) Ltd) [30],30.00,30,,132,30,56,1,1.00
46008,6276372,Tadalafil 5mg tablets (Alliance Healthcare (Distribution) Ltd) [28],28.00,28,,122,59,23,1,1.00
47049,1273556,Rivaroxaban 2.5mg tablets (Teva UK Ltd) [56],56.00,56,,28,55,128,1,1.00
12261,1152123,Mebeverine 135mg tablets (Almus Pharmaceuticals Ltd) [100],100.00,100,,103,61,61,1,1.00
14335,8165847,Tegaderm Film dressing 6cm x 7cm (PI) (3M Health Care Ltd) [100],100.00,100,,150,97,54,1,1.00
1280,1078849,Codeine 30mg tablets (Teva UK Ltd) [28],28.00,28,,136,47,22,1,1.00
2004,0253724,Sudocrem antiseptic healing cream (Teva UK Ltd) [60],60.00,60,,46,47,56,1,1.00
40202,8042608,Qvar 50micrograms/dose Easi-Breathe inhaler (PI) (Teva UK Ltd) [200],200.00,200,,114,57,41,1,1.00
36442,4108353,Sukkarto SR 750mg tablets (Morningside Healthcare Ltd) [56],56.00,56,,112,97,37,1,1.00
316,1081074,Metformin 500mg tablets (Teva UK Ltd) [28],28.00,28,,136,75,22,1,1.00
45881,8055220,Peppermint oil 0.2ml gastro-resistant capsules (NoPL) (Alliance Healthcare (Distribution) Ltd) [84],84.00,84,,97,74,37,1,1.00
2501,2675528,Flixotide 125micrograms/dose Evohaler (GlaxoSmithKline UK Ltd) [120],120.00,120,,93,53,35,1,1.00
50167,8060105,Diclofenac sodium 75mg modified-release tablets (Alliance Healthcare (Distribution) Ltd) [28],28.00,28,,91,17,18,1,1.00
20032,1127497,Budesonide 500micrograms/2ml nebuliser liquid unit dose vials (Accord-UK Ltd) [20],20.00,20,,136,83,48,1,1.00
12232,1151604,Clomipramine 10mg capsules (Almus Pharmaceuticals Ltd) [28],28.00,28,,136,47,24,1,1.00
42842,8093304,Lyrica 25mg capsules (PI) (Viatris UK Healthcare Ltd) [56],56.00,56,,130,91,46,1,1.00
46402,8059479,Captopril 5mg/5ml oral solution sugar free (Alliance Healthcare (Distribution) Ltd) [100],100.00,100,,155,67,66,1,1.00
43568,8007940,Prasugrel 5mg tablets (Alliance Healthcare (Distribution) Ltd) [28],28.00,28,,126,76,23,1,1.00
44477,8031361,Sertraline 200mg tablets (Alliance Healthcare (Distribution) Ltd) [30],30.00,30,,100,70,36,1,1.00
39001,1250323,Hydrocortisone 2.5mg tablets (Genesis Pharmaceuticals Ltd) [30],30.00,30,,96,51,24,1,1.00
19483,3730389,"SunVit-D3 50,000unit tablets (SunVit-D3 Ltd) [15]",15.00,15,,126,53,20,1,1.00
24444,4018073,"Desunin 4,000unit tablets (Viatris UK Healthcare Ltd) [70]",70.00,70,,88,53,53,1,1.00
2472,2186062,Betacap 0.1% scalp application (Dermal Laboratories Ltd) [100],100.00,100,,144,49,48,1,1.00
48158,1276336,Clobetasol 0.05% ointment (Accord-UK Ltd) [100],100.00,100,,120,40,20,1,1.00
30426,8387383,Briviact 50mg tablets (PI) (UCB Pharma Ltd) [56],56.00,56,,113,58,40,1,1.00
32504,4076485,GreenFine hypodermic insulin needles for pre-filled / reusable pen injectors screw on 6mm/31gauge (Neon Diagnostics Ltd) [100],100.00,100,,129,70,67,1,1.00
29803,1203918,Bicalutamide 50mg tablets (Almus Pharmaceuticals Ltd) [28],28.00,28,,140,53,24,1,1.00
1833,2337707,Oilatum Bath Formula (Thornton & Ross Ltd) [150],150.00,150,,161,75,33,1,1.00
8051,3208006,Peptamen Junior powder (Nestle Health Science) [400],400.00,400,,101,101,143,1,1.00
50016,2445393,Nifedipress MR 20 tablets (Dexcel-Pharma Ltd) [56],56.00,56,,115,66,19,1,1.00
8288,3227113,Keppra 500mg/5ml concentrate for solution for infusion vials (UCB Pharma Ltd) [10],10.00,10,,150,68,54,1,1.00
2448,6835110,Paracetamol 500mg capsules (Alliance Healthcare (Distribution) Ltd) [32],32.00,32,,76,72,43,1,1.00
46134,8452740,Iopidine 5mg/ml eye drops (PI) (Essential Pharma Ltd) [5],5.00,5,,72,30,30,1,1.00
40292,4048138,Neomag (magnesium 97mg (4mmol)) chewable tablets (Neoceuticals Ltd) [50],50.00,50,,105,65,63,1,1.00
44443,4238762,AaceCa D3 1250mg/400unit chewable tablets (Essential-Healthcare Ltd) [56],56.00,56,,60,60,165,1,1.00
31749,2935609,Crestor 10mg tablets (AstraZeneca UK Ltd) [28],28.00,28,,150,74,28,1,1.00
531,1077841,Levothyroxine sodium 25microgram tablets (Wockhardt UK Ltd) [28],28.00,28,,130,54,22,1,1.00
3288,2586279,Mirapexin 0.088mg tablets (Boehringer Ingelheim Ltd) [30],30.00,30,,113,63,23,1,1.00
9224,3280708,Doublebase emollient shower gel (Dermal Laboratories Ltd) [200],200.00,200,,238,68,39,1,1.00
46936,8460990,Lorazepam 1mg tablets (Genus) (Alliance Healthcare (Distribution) Ltd) [28],28.00,28,,80,76,20,1,1.00
34838,1231950,"Strivit-D3 20,000unit capsules (Strides Pharma UK Ltd) [20]",20.00,20,,88,45,23,1,1.00
46944,8054926,Acetylcysteine 600mg tablets (NoPL) (Alliance Healthcare (Distribution) Ltd) [30],30.00,30,,63,58,58,1,1.00
9547,3299195,Adcal-D3 Lemon chewable tablets (Grunenthal Ltd) [56],56.00,56,,142,88,27,1,1.00
12597,3609948,Tegaderm Foam dressing (adhesive) 6.9cm x 6.9cm soft cloth border (3M Health Care Ltd) [10],10.00,10,,179,115,54,1,1.00
31004,1178169,Amlodipine 5mg tablets (Accord-UK Ltd) [28],28.00,28,,128,52,23,1,1.00
1852,2014199,Cocois ointment (RPH Pharmaceuticals AB) [100],100.00,100,,176,54,40,1,1.00
6516,2070811,Allevyn dressing (non-adhesive) 10cm x 10cm square (Smith & Nephew Healthcare Ltd) [10],10.00,10,,194,184,65,1,1.00
3384,2364826,Calcort 6mg tablets (Neon Healthcare Ltd) [60],60.00,60,,90,65,29,1,1.00
31662,4061370,Omnican Fine hypodermic insulin needles for pre-filled / reusable pen injectors screw on 5mm/32gauge (B.Braun Medical Ltd) [100],100.00,100,,130,70,70,1,1.00
37752,1145150,Co-codamol 8mg/500mg effervescent tablets sugar free (Accord-UK Ltd) [100],100.00,100,,248,101,46,1,1.00
46215,8048647,Sevikar 20mg/5mg tablets (PI) (Daiichi Sankyo UK Ltd) [28],28.00,28,,112,67,19,1,1.00
1501,2333292,Depo-Provera 150mg/1ml suspension for injection pre-filled syringes (Pfizer Ltd) [1],1.00,1,,165,47,31,1,1.00
44351,8054728,Sodium valproate 500mg gastro-resistant tablets (Alliance Healthcare (Distribution) Ltd) [30],30.00,30,,128,53,31,1,1.00
30096,8156432,Dutasteride 500microgram capsules (Alliance Healthcare (Distribution) Ltd) [30],30.00,30,,101,76,25,1,1.00
1168,2401438,Viazem XL 120mg capsules (Thornton & Ross Ltd) [28],28.00,28,,117,68,21,1,1.00
36576,4140059,VisuXL Gel eye drops preservative free (Visufarma UK Ltd) [10],10.00,10,,115,45,45,1,1.00
43662,8036246,Propylthiouracil 100mg tablets (Alliance Healthcare (Distribution) Ltd) [56],56.00,56,,95,47,46,1,1.00
44504,8031155,Metformin 1g tablets (Alliance Healthcare (Distribution) Ltd) [28],28.00,28,,132,61,26,1,1.00
31975,1179407,Sertraline 100mg tablets (Accord-UK Ltd) [28],28.00,28,,128,49,23,1,1.00
7817,3193703,Algivon dressing 10cm x 10cm (Advancis Medical) [5],5.00,5,,158,136,27,1,1.00
31683,1203967,Mometasone 50micrograms/dose nasal spray (Almus Pharmaceuticals Ltd) [140],140.00,140,,114,46,42,1,1.00
48312,8080111,Gazylan XL 16mg capsules (Alliance Healthcare (Distribution) Ltd) [28],28.00,28,,10,64,32,1,1.00
702,7049166,Aciclovir 800mg dispersible tablets (Alliance Healthcare (Distribution) Ltd) [35],35.00,35,,120,47,63,1,1.00
19628,6292684,Levothyroxine sodium 100microgram tablets (Alliance Healthcare (Distribution) Ltd) [1000],1000.00,1000,,105,56,57,1,1.00
49978,1277607,Omeprazole 20mg gastro-resistant capsules (Teva UK Ltd) [56],56.00,56,,0,0,0,1,1.00
17030,6833412,Aripiprazole 10mg tablets (Alliance Healthcare (Distribution) Ltd) [28],28.00,28,,153,80,30,1,1.00
40531,4198206,"Aactive D3 3,000units/ml oral solution (TriOn Pharma Ltd) [50]",50.00,50,,102,70,41,1,1.00
8385,1128016,Omeprazole 10mg gastro-resistant capsules (Almus Pharmaceuticals Ltd) [28],28.00,28,,165,63,38,1,1.00
3171,0324814,Rythmodan 100mg capsules (Neon Healthcare Ltd) [84],84.00,84,,130,50,55,1,1.00
16524,3824620,Nytol One-A-Night 50mg tablets (Omega Pharma Ltd) [20],20.00,20,,86,85,19,1,1.00
12634,1159649,Bedranol SR 160mg capsules (Almus Pharmaceuticals Ltd) [28],28.00,28,,79,52,51,1,1.00
41488,8092728,Mezzopram 20mg dispersible gastro-resistant tablets (Alliance Healthcare (Distribution) Ltd) [28],28.00,28,,132,75,43,1,1.00
42258,0339044,Belladonna medicated plaster 28cm x 17.5cm (Cuxson Gerrard & Co Ltd) [1],1.00,1,,334,191,5,1,1.00
26490,1140359,Thiamine 100mg tablets (Almus Pharmaceuticals Ltd) [100],100.00,100,,98,46,45,1,1.00
44343,8056277,Mefenamic acid 250mg tablets (Alliance Healthcare (Distribution) Ltd) [28],28.00,28,,1,1,1,1,1.00
7149,3119955,Zamadol Melt 50mg tablets (Viatris UK Healthcare Ltd) [60],60.00,60,,148,67,40,1,1.00
43047,8049124,Vildagliptin 50mg / Metformin 850mg tablets (Alliance Healthcare (Distribution) Ltd) [60],60.00,60,,151,143,62,1,1.00
25716,4028635,Monuril 3g granules for oral solution sachets (Zambon UK Ltd) [1],1.00,1,,106,104,21,1,1.00
334,7126485,Paracetamol 500mg tablets (Alliance Healthcare (Distribution) Ltd) [16],16.00,16,,70,63,20,1,1.00
47304,4285540,Yselty 200mg tablets (Theramex HQ UK Ltd) [28],28.00,28,,25,65,132,1,1.00
46302,4266672,Movicol Plain oral powder 13.7g sachets (Forum Health Products Ltd) [50],50.00,50,,135,130,150,1,1.00
3426,8136301,Hyoscine hydrobromide 400micrograms/1ml solution for injection ampoules (Alliance Healthcare (Distribution) Ltd) [10],10.00,10,,99,76,33,1,1.00
19007,1184043,Sildenafil 100mg tablets (Teva UK Ltd) [8],8.00,8,,101,54,20,1,1.00
2669,2465334,Lipantil Micro 67 capsules (Viatris UK Healthcare Ltd) [90],90.00,90,,129,64,26,1,1.00
39871,8085409,Lamictal 50mg tablets (PI) (GlaxoSmithKline UK Ltd) [56],56.00,56,,113,61,33,1,1.00
51420,1197151,Mometasone 50micrograms/dose nasal spray (Accord-UK Ltd) [140],140.00,140,,1,40,40,1,1.00
7922,1117639,Baclofen 10mg tablets (Almus Pharmaceuticals Ltd) [84],84.00,84,,135,47,22,1,1.00
46468,8055469,Rivaroxaban 10mg tablets (Alliance Healthcare (Distribution) Ltd) [30],30.00,30,,98,55,30,1,1.00
41822,3328010,Juvela gluten free fibre penne (Juvela Ltd) [500],500.00,500,,173,132,71,1,1.00
37754,1172576,Azithromycin 500mg tablets (Accord-UK Ltd) [3],3.00,3,,122,55,15,1,1.00
19507,6839120,Brilique 90mg tablets (PI) (AstraZeneca UK Ltd) [56],56.00,56,,141,57,42,1,1.00
665,2132074,Piriton Allergy 4mg tablets (Haleon UK Trading Ltd) [30],30.00,30,,122,51,19,1,1.00
48463,6351274,Relvar Ellipta 92micrograms/dose / 22micrograms/dose dry powder inhaler (PI) (GlaxoSmithKline UK Ltd) [30],30.00,30,,107,92,46,1,1.00
26452,5020946,Ofloxacin 400mg tablets (Bristol Laboratories Ltd) [5],5.00,5,,136,48,22,1,1.00
2474,8095804,Paracetamol 240mg suppositories (Alliance Healthcare (Distribution) Ltd) [10],10.00,10,,97,57,18,1,1.00
43628,8023939,Nortriptyline 10mg capsules (Alliance Healthcare (Distribution) Ltd) [100],100.00,100,,94,60,56,1,1.00
48106,8078222,Varenicline 500microgram tablets (Alliance Healthcare (Distribution) Ltd) [56],56.00,56,,107,107,27,1,1.00
45474,8125627,Azopt 10mg/ml eye drops (PI) (Novartis Pharmaceuticals UK Ltd) [5],5.00,5,,71,29,29,1,1.00
21747,4004008,Fortisip Compact Protein liquid berries (Nutricia Ltd) [500],500.00,500,,107,106,107,1,1.00
4441,2971398,Viscotears 2mg/g eye gel 0.6ml unit dose (Bausch & Lomb UK Ltd) [30],30.00,30,,140,76,31,1,1.00
46155,1265446,Quetiapine 50mg tablets (Accord-UK Ltd) [60],60.00,60,,105,36,46,1,1.00
44668,1264100,Prasugrel 5mg tablets (Teva UK Ltd) [28],28.00,28,,136,66,35,1,1.00
13202,8466237,Valsartan 40mg capsules (Alliance Healthcare (Distribution) Ltd) [28],28.00,28,,81,55,40,1,1.00
38748,4168480,Eycrom 2% eye drops (Aspire Pharma Ltd) [13.50],13.50,0,,96,47,32,1,1.00
32330,1223858,Ezetimibe 10mg tablets (Teva UK Ltd) [28],28.00,28,,104,44,21,1,1.00
36182,4100913,EmulsifEss ointment (Essential-Healthcare Ltd) [500],500.00,500,,112,101,101,1,1.00
40599,1258268,Apixaban 2.5mg tablets (Teva UK Ltd) [60],60.00,60,,142,72,40,1,1.00
13165,1164599,Prednisolone 2.5mg gastro-resistant tablets (Almus Pharmaceuticals Ltd) [28],28.00,28,,108,38,19,1,1.00
37799,8159618,Gabapentin 50mg/ml oral solution sugar free (Alliance Healthcare (Distribution) Ltd) [150],150.00,150,,71,71,69,1,1.00
48244,1239078,Paracetamol 500mg tablets (Accord-UK Ltd) [16],16.00,16,,119,48,20,1,1.00
10262,3140852,Dexeryl cream (Pierre Fabre Dermo-Cosmetique) [250],250.00,250,,206,69,54,1,1.00
51116,0384545,Daktarin 20mg/g oromucosal gel (Kenvue UK Ltd) [15],15.00,15,,102,36,35,1,1.00
43494,8157497,Venzip XL 150mg capsules (Alliance Healthcare (Distribution) Ltd) [28],28.00,28,,82,68,25,1,1.00
49218,4282570,AactiMed Aqueous cream (TriOn Pharma Ltd) [500],500.00,500,,40,40,80,1,1.00
43907,1054832,Sodium chloride 0.9% solution for injection 5ml ampoules (B.Braun Medical Ltd) [20],20.00,20,,116,98,63,1,1.00
44117,1267558,Azelair 0.15% nasal spray (Ceuta Healthcare Ltd) [20],20.00,20,,125,37,37,1,1.00
50935,8111197,Guanfacine 7mg modified-release tablets (Alliance Healthcare (Distribution) Ltd) [28],28.00,28,,90,82,65,1,1.00
48680,8455172,Fluvastatin 80mg modified-release tablets (Alliance Healthcare (Distribution) Ltd) [28],28.00,28,,136,58,29,1,1.00
3710,2544765,Aldara 5% cream 250mg sachets (Viatris UK Healthcare Ltd) [12],12.00,12,,112,67,21,1,1.00
31596,8440166,Olanzapine 15mg orodispersible tablets sugar free (Alliance Healthcare (Distribution) Ltd) [28],28.00,28,,107,65,28,1,1.00
50814,8024895,Dorzolamide 20mg/ml / Timolol 5mg/ml eye drops 0.166ml unit dose preservative free (Alliance Healthcare (Distribution) Ltd) [60],60.00,60,,114,117,75,1,1.00
35046,8411878,Yentreve 20mg gastro-resistant capsules (PI) (Eli Lilly and Company Ltd) [28],28.00,28,,97,70,37,1,1.00
41435,4168498,Derma Protective Plus skin protectant (Ennogen Healthcare Ltd) [115],115.00,115,,168,51,45,1,1.00
21589,8101602,Promazine 25mg tablets (Alliance Healthcare (Distribution) Ltd) [100],100.00,100,,72,50,49,1,1.00
36295,8018681,Sucralfate 1g/5ml oral suspension sugar free (PI) (Alliance Healthcare (Distribution) Ltd) [200],200.00,200,,149,67,61,1,1.00
9840,3342060,Allevyn Gentle Border dressing 10cm x 10cm (Smith & Nephew Healthcare Ltd) [10],10.00,10,,150,144,48,1,1.00
9258,8421430,Aciclovir 200mg/5ml oral suspension sugar free (Alliance Healthcare (Distribution) Ltd) [125],125.00,125,,147,60,60,1,1.00
31628,4056875,Trelegy Ellipta 92micrograms/dose / 55micrograms/dose / 22micrograms/dose dry powder inhaler (GlaxoSmithKline UK Ltd) [30],30.00,30,,110,94,48,1,1.00
26582,4039764,InVita D3 800unit capsules (Forum Health Products Ltd) [28],28.00,28,,86,52,46,1,1.00
44238,1099480,Lisinopril 20mg tablets (Accord-UK Ltd) [28],28.00,28,,115,45,17,1,1.00
48655,1275742,Lurasidone 18.5mg tablets (Accord-UK Ltd) [28],28.00,28,,24,104,80,1,1.00
7917,1110097,Digoxin 62.5microgram tablets (Almus Pharmaceuticals Ltd) [28],28.00,28,,117,52,16,1,1.00
45905,8013781,Dronedarone 400mg tablets (Alliance Healthcare (Distribution) Ltd) [60],60.00,60,,105,67,52,1,1.00
38116,8119919,Cavilon Durable barrier cream (PI) (3M Health Care Ltd) [28],28.00,28,,114,41,37,1,1.00
14238,3786340,Fortini 1.0 Multi Fibre liquid chocolate (Nutricia Ltd) [200],200.00,200,,56,56,128,1,1.00
26648,1202738,Phenytoin sodium 100mg tablets (TEV) (Almus Pharmaceuticals Ltd) [28],28.00,28,,136,48,17,1,1.00
42190,1058585,Co-dydramol 10mg/500mg tablets (Accord-UK Ltd) [30],30.00,30,,116,46,21,1,1.00
15694,8416935,Flomaxtra XL 400microgram tablets (PI) (Astellas Pharma Ltd) [30],30.00,30,,124,51,23,1,1.00
16699,8071144,Estriol 0.01% vaginal cream with applicator (Alliance Healthcare (Distribution) Ltd) [1],1.00,1,,195,51,40,1,1.00
37065,4156774,ThiaDose 100mg tablets (TriOn Pharma Ltd) [100],100.00,100,,83,44,36,1,1.00
40189,4192340,Adaflex 2mg tablets (AGB-Pharma) [30],30.00,30,,40,40,80,1,1.00
50952,8055493,Paracetamol 1g tablets (Alliance Healthcare (Distribution) Ltd) [100],100.00,100,,62,98,92,1,1.00
13070,8441172,Olanzapine 15mg tablets (Alliance Healthcare (Distribution) Ltd) [28],28.00,28,,156,69,32,1,1.00
38648,8013013,Gliclazide 60mg modified-release tablets (Alliance Healthcare (Distribution) Ltd) [28],28.00,28,,139,60,32,1,1.00
20147,3939725,Zaluron XL 300mg tablets (GB) (Fontus Health Ltd) [60],60.00,60,,110,82,67,1,1.00
30166,3897261,Cellusan 1% eye drops 0.4ml unit dose preservative free (Farmigea S.p.A.) [30],30.00,30,,131,89,48,1,1.00
50727,8061657,Betahistine 24mg tablets (Alliance Healthcare (Distribution) Ltd) [60],60.00,60,,50,105,48,1,1.00
46957,4284956,Pylera 140mg/125mg/125mg capsules (Flynn Pharma Ltd) [120],120.00,120,,126,68,65,1,1.00
15621,8085128,Tramadol 37.5mg / Paracetamol 325mg tablets (Alliance Healthcare (Distribution) Ltd) [60],60.00,60,,83,65,42,1,1.00
43832,1266071,Colesevelam 625mg tablets (Accord-UK Ltd) [180],180.00,180,,85,83,129,1,1.00
1806,7155096,Ibuprofen 100mg/5ml oral suspension sugar free (Alliance Healthcare (Distribution) Ltd) [100],100.00,100,,126,54,52,1,1.00
36776,4157020,Rybelsus 7mg tablets (Novo Nordisk Ltd) [30],30.00,30,,150,77,39,1,1.00
13695,6359608,Irbesartan 300mg tablets (Alliance Healthcare (Distribution) Ltd) [28],28.00,28,,124,63,26,1,1.00
45910,8027963,Glycopyrronium bromide 2mg tablets (Alliance Healthcare (Distribution) Ltd) [30],30.00,30,,131,42,30,1,1.00
39663,8036899,Seretide 100 Accuhaler (PI) (GlaxoSmithKline UK Ltd) [60],60.00,60,,36,91,37,1,1.00
229,7118292,Labetalol 400mg tablets (Alliance Healthcare (Distribution) Ltd) [56],56.00,56,,45,45,83,1,1.00
34473,7124282,Seroquel 100mg tablets (PI) (Luye Pharma Ltd) [60],60.00,60,,133,53,38,1,1.00
29828,1178748,Letrozole 2.5mg tablets (Accord-UK Ltd) [28],28.00,28,,114,47,19,1,1.00
1170,2129963,Angitil SR 120 capsules (Ethypharm UK Ltd) [56],56.00,56,,157,53,40,1,1.00
45900,8001497,Clonidine 50micrograms/5ml oral solution sugar free (Alliance Healthcare (Distribution) Ltd) [100],100.00,100,,52,69,51,1,1.00
14031,3744612,Space Chamber Plus (Medical Developments International Ltd) [1],1.00,1,,190,54,54,1,1.00
46946,7126154,Folic acid 400microgram tablets (NoPL) (Alliance Healthcare (Distribution) Ltd) [90],90.00,90,,106,76,21,1,1.00
46515,8022261,Amlodipine 2.5mg tablets (Alliance Healthcare (Distribution) Ltd) [28],28.00,28,,119,52,17,1,1.00
3137,0250258,Sando-K effervescent tablets (Stirling Anglian Pharmaceuticals Ltd) [100],100.00,100,,163,117,35,1,1.00
50017,8109068,Spironolactone 25mg/5ml oral solution sugar free (Alliance Healthcare (Distribution) Ltd) [125],125.00,125,,51,70,136,1,1.00
46640,4280921,Lotacryn 50micrograms/ml eye drops (Scope Ophthalmics Ltd) [2.50],2.50,0,,45,45,110,1,1.00
6886,3078540,Mini-Wright peak flow meter low range 3104708 (Clement Clarke International Ltd) [1],1.00,1,,178,94,39,1,1.00
19896,8436917,Flutiform 125micrograms/dose / 5micrograms/dose inhaler (PI) (Napp Pharmaceuticals Ltd) [120],120.00,120,,131,77,42,1,1.00
47555,4285375,Hibiwash 4% solution (Molnlycke Health Care Ltd) [250],250.00,250,,38,78,142,1,1.00
44638,8059396,Fludrocortisone 100micrograms/ml oral solution sugar free (Alliance Healthcare (Distribution) Ltd) [50],50.00,50,,133,54,53,1,1.00
50761,8090557,Lisinopril 5mg/5ml oral solution sugar free (Alliance Healthcare (Distribution) Ltd) [150],150.00,150,,153,64,64,1,1.00
44485,5400387,Apixaban 2.5mg tablets (Accord-UK Ltd) [10],10.00,10,,105,46,22,1,1.00
43665,8413700,Ketorolac 0.5% eye drops (Alliance Healthcare (Distribution) Ltd) [5],5.00,5,,82,51,30,1,1.00
27956,1209097,Olanzapine 5mg tablets (Accord-UK Ltd) [28],28.00,28,,109,66,23,1,1.00
1638,2800043,Microlet lancets 0.5mm/28gauge (Ascensia Diabetes Care UK Ltd) [100],100.00,100,,91,63,60,1,1.00
48240,8080004,Glycopyrronium bromide 2mg/5ml oral solution (Special Order) [60],60.00,60,,48,60,118,1,1.00
45215,1269398,Estradiol 10microgram pessaries (Accord-UK Ltd) [24],24.00,24,,156,92,90,1,1.00
29832,1178243,Betahistine 16mg tablets (Accord-UK Ltd) [84],84.00,84,,129,50,36,1,1.00
44509,1082767,Furosemide 40mg tablets (Accord-UK Ltd) [28],28.00,28,,108,38,20,1,1.00
37565,8408767,Rectogesic 0.4% rectal ointment (PI) (Kyowa Kirin International UK NewCo Ltd) [30],30.00,30,,149,42,42,1,1.00
16057,1173319,Repinex XL 2mg tablets (Aspire Pharma Ltd) [28],28.00,28,,103,57,30,1,1.00
41960,1247295,Fludrocortisone 100microgram tablets (Accord-UK Ltd) [30],30.00,30,,108,48,31,1,1.00
12334,3580065,Vagifem 10microgram vaginal tablets (Novo Nordisk Ltd) [24],24.00,24,,152,117,43,1,1.00
16720,3795770,Mylife Penfine Classic hypodermic insulin needles for pre-filled / reusable pen injectors screw on 4mm/32gauge (Pikdare S.p.A.) [100],100.00,100,,145,95,54,1,1.00
41339,8045759,SpeediCath catheter female 12Ch (PI) 28512 (Coloplast Ltd) [30],30.00,30,,294,186,45,1,1.00
18200,3569811,Biatain Silicone dressing 10cm x 10cm (Coloplast Ltd) [10],10.00,10,,197,108,42,1,1.00
48353,8105306,Ethosuximide 250mg/5ml oral solution sugar free (Alliance Healthcare (Distribution) Ltd) [200],200.00,200,,77,77,165,1,1.00
3105,2261063,Ventolin 200micrograms/dose Accuhaler (GlaxoSmithKline UK Ltd) [60],60.00,60,,94,90,36,1,1.00
36313,4022968,Fresubin 2kcal Mini drink fruits of the forest (Fresenius Kabi Ltd) [500],500.00,500,,97,95,103,1,1.00
27220,1178706,Lamotrigine 50mg tablets (Accord-UK Ltd) [56],56.00,56,,116,47,30,1,1.00
1070,0846659,Coracten SR 10mg capsules (Teofarma S.r.l.) [60],60.00,60,,142,60,45,1,1.00
40084,1244755,Co-codamol 15mg/500mg effervescent tablets sugar free (Accord-UK Ltd) [100],100.00,100,,247,99,47,1,1.00
50731,8061509,Dabigatran etexilate 150mg capsules (Alliance Healthcare (Distribution) Ltd) [60],60.00,60,,148,86,68,1,1.00
46444,4263547,QV cream (Ego Pharmaceuticals) [100],100.00,100,,172,49,42,1,1.00
45545,8154817,Puroptics Hypromellose 0.5% eye drops (Alliance Healthcare (Distribution) Ltd) [10],10.00,10,,72,40,30,1,1.00
45989,6802821,Neozipine XL 60mg tablets (Alliance Healthcare (Distribution) Ltd) [28],28.00,28,,155,52,20,1,1.00
43465,8059933,Sertraline 100mg/5ml concentrate for oral solution sugar free (Alliance Healthcare (Distribution) Ltd) [60],60.00,60,,120,61,41,1,1.00
33136,8409161,Olanzapine 5mg orodispersible tablets (Alliance Healthcare (Distribution) Ltd) [28],28.00,28,,108,79,36,1,1.00
2374,0280768,Priadel 200mg modified-release tablets (Essential Pharma Ltd) [100],100.00,100,,105,41,45,1,1.00
30792,6832695,Amantadine 100mg capsules (Alliance Healthcare (Distribution) Ltd) [56],56.00,56,,123,68,40,1,1.00
48559,1147966,Betamethasone valerate 0.1% ointment (Accord-UK Ltd) [30],30.00,30,,28,123,36,1,1.00
15392,8457392,Cabergoline 500microgram tablets (Alliance Healthcare (Distribution) Ltd) [8],8.00,8,,72,41,40,1,1.00
46381,6838213,Rosuvastatin 40mg tablets (Alliance Healthcare (Distribution) Ltd) [28],28.00,28,,116,55,36,1,1.00
8035,1125558,Lansoprazole 30mg gastro-resistant capsules (Accord-UK Ltd) [28],28.00,28,,130,74,35,1,1.00
3757,0175133,Medrone 2mg tablets (Pfizer Ltd) [30],30.00,30,,87,53,28,1,1.00
51252,8056434,Azathioprine 100mg tablets (Alliance Healthcare (Distribution) Ltd) [100],100.00,100,,114,65,61,1,1.00
19454,1198712,Pregabalin 50mg capsules (Teva UK Ltd) [84],84.00,84,,139,67,64,1,1.00
50748,4362646,Deoxxa 250mg/5ml oral suspension (Eclosix Ltd) [250],250.00,250,,64,64,164,1,1.00
42875,8047326,Venlafaxine 225mg modified-release tablets (Alliance Healthcare (Distribution) Ltd) [30],30.00,30,,78,63,36,1,1.00
50956,8023004,Pregabalin 225mg tablets (Alliance Healthcare (Distribution) Ltd) [56],56.00,56,,114,94,63,1,1.00
16131,8071680,Lotriderm cream (PI) (Organon Pharma (UK) Ltd) [30],30.00,30,,135,35,35,1,1.00
20635,8084964,Aripiprazole 15mg orodispersible tablets sugar free (Alliance Healthcare (Distribution) Ltd) [28],28.00,28,,120,49,21,1,1.00
40357,8043192,Midazolam 5mg/1ml oromucosal solution prefilled oral syringes sugar free (Alliance Healthcare (Distribution) Ltd) [4],4.00,4,,160,75,74,1,1.00
14152,3772423,Cerelle 75microgram tablets (Gedeon Richter (UK) Ltd) [84],84.00,84,,146,56,46,1,1.00
4278,2279610,"EpiPen Jr. 150micrograms/0.3ml (1 in 2,000) solution for injection auto-injectors (Viatris UK Healthcare Ltd) [1]",1.00,1,,173,47,38,1,1.00
31828,4052353,Brilique 90mg orodispersible tablets (AstraZeneca UK Ltd) [56],56.00,56,,151,74,51,1,1.00
48659,1283894,Famotidine 40mg tablets (Accord-UK Ltd) [28],28.00,28,,25,98,54,1,1.00
20236,8429987,Prednisolone 25mg tablets (Alliance Healthcare (Distribution) Ltd) [56],56.00,56,,118,43,25,1,1.00
46681,7124365,Flixotide 250micrograms/dose Accuhaler (PI) (GlaxoSmithKline UK Ltd) [60],60.00,60,,131,105,40,1,1.00
21839,3940194,Epimax isomol gel (Aspire Pharma Ltd) [500],500.00,500,,206,84,63,1,1.00
51253,8098774,Quetiapine 400mg tablets (Alliance Healthcare (Distribution) Ltd) [60],60.00,60,,115,58,61,1,1.00
43532,8076713,Vera-Til SR 240mg tablets (Alliance Healthcare (Distribution) Ltd) [28],28.00,28,,119,50,37,1,1.00
8022,3200045,LimbO limb protector adult half leg normal build standard MP80 (Thesis Technology Products and Services Ltd) [1],1.00,1,,301,231,30,1,1.00
12376,3568656,Feldene 20 capsules (Pfizer Ltd) [30],30.00,30,,78,43,43,1,1.00
42843,8053183,Lyrica 300mg capsules (PI) (Viatris UK Healthcare Ltd) [56],56.00,56,,130,91,46,1,1.00
46876,8063653,Lenzetto 1.53mg/dose transdermal spray (PI) (Gedeon Richter (UK) Ltd) [56],56.00,56,,167,87,36,1,1.00
45745,8043739,Apixaban 5mg tablets (Alliance Healthcare (Distribution) Ltd) [28],28.00,28,,105,71,21,1,1.00
1551,2593663,One-Alpha 250nanogram capsules (Neon Healthcare Ltd) [30],30.00,30,,98,59,31,1,1.00
50585,8111064,Vigabatrin 100mg/5ml oral solution (Special Order) [150],150.00,150,,75,55,148,1,1.00
45204,8062630,AeroChamber Plus Flow-Vu Anti-Static with adult small mask (PI) (Trudell Medical UK Ltd) [1],1.00,1,,234,97,73,1,1.00
6818,6835169,Ibuprofen 200mg tablets (Alliance Healthcare (Distribution) Ltd) [48],48.00,48,,98,56,34,1,1.00
9968,1141233,Phenindione 10mg tablets (Advanz Pharma) [28],28.00,28,,68,45,45,1,1.00
15535,6328835,Artelac Single Dose Unit 0.32% eye drops 0.5ml unit dose (PI) (Bausch & Lomb UK Ltd) [30],30.00,30,,137,74,27,1,1.00
14420,8449514,Fresubin Original drink vanilla (PI) (Fresenius Kabi Ltd) [200],200.00,200,,46,46,141,1,1.00
16765,6832653,Eucreas 50mg/1000mg tablets (PI) (Novartis Pharmaceuticals UK Ltd) [60],60.00,60,,162,96,56,1,1.00
6356,3021300,Emend 125mg and 80mg capsules (Merck Sharp & Dohme (UK) Ltd) [3],3.00,3,,159,109,17,1,1.00
39621,8944696,Clonazepam 2mg tablets (PI) (Alliance Healthcare (Distribution) Ltd) [105],105.00,105,,105,49,31,1,1.00
36312,4022984,Fresubin 2kcal Fibre Mini drink vanilla (Fresenius Kabi Ltd) [500],500.00,500,,140,97,92,1,1.00
3242,2749737,Keppra 1g tablets (UCB Pharma Ltd) [60],60.00,60,,115,90,58,1,1.00
44196,5023775,Terbinafine 1% cream (Alliance Healthcare (Distribution) Ltd) [30],30.00,30,,128,45,30,1,1.00
46887,8067233,Omeprazole 10mg gastro-resistant capsules (Alliance Healthcare (Distribution) Ltd) [250],250.00,250,,60,60,92,1,1.00
26988,8140287,Tiopex 1mg/g eye gel 0.4g unit dose (PI) (Thea Pharmaceuticals Ltd) [30],30.00,30,,172,76,37,1,1.00
37589,8125650,Trusopt 20mg/ml eye drops 0.2ml unit dose preservative free (PI) (Santen UK Ltd) [60],60.00,60,,184,105,51,1,1.00
26444,3997392,"Stexerol-D3 1,000unit tablets (Grunenthal Ltd) [28]",28.00,28,,113,49,17,1,1.00
19433,3978582,Sirdupla 25micrograms/dose / 250micrograms/dose inhaler (Viatris UK Healthcare Ltd) [120],120.00,120,,100,58,34,1,1.00
46608,8048282,Xetinin XL 500mg tablets (Alliance Healthcare (Distribution) Ltd) [7],7.00,7,,48,120,30,1,1.00
5031,6290688,Ramipril 1.25mg tablets (Alliance Healthcare (Distribution) Ltd) [28],28.00,28,,92,49,21,1,1.00
51148,8063224,Teicoplanin 400mg powder for solution for injection vials (Alliance Healthcare (Distribution) Ltd) [1],1.00,1,,35,35,70,1,1.00
40435,4194031,Avenor 25micrograms/dose / 125micrograms/dose inhaler (Zentiva Pharma UK Ltd) [120],120.00,120,,42,92,56,1,1.00
44336,3711652,Juvela gluten free flakes (Juvela Ltd) [300],300.00,300,,278,191,56,1,1.00
43505,1085109,Trimethoprim 200mg tablets (Accord-UK Ltd) [14],14.00,14,,116,47,18,1,1.00
2544,7092414,Ursodeoxycholic acid 250mg capsules (Alliance Healthcare (Distribution) Ltd) [60],60.00,60,,88,64,58,1,1.00
51421,8100588,Roflumilast 250microgram tablets (Alliance Healthcare (Distribution) Ltd) [28],28.00,28,,90,46,25,1,1.00
21840,3940186,Epimax isomol gel (Aspire Pharma Ltd) [100],100.00,100,,167,55,34,1,1.00
3459,2850964,Zindaclin 1% gel (Aspire Pharma Ltd) [30],30.00,30,,148,46,32,1,1.00
49544,3148350,Zonegran 50mg capsules (Advanz Pharma) [56],56.00,56,,145,61,61,1,1.00
50931,8111155,Guanfacine 3mg modified-release tablets (Alliance Healthcare (Distribution) Ltd) [28],28.00,28,,90,82,65,1,1.00
7953,1108836,Flucloxacillin 500mg capsules (Almus Pharmaceuticals Ltd) [28],28.00,28,,145,92,42,1,1.00
14425,8156259,Vibramycin-D 100mg dispersible tablets (PI) (Pfizer Ltd) [8],8.00,8,,108,53,25,1,1.00
32460,2528800,Optifibre powder (Nestle Health Science) [250],250.00,250,,100,100,147,1,1.00
19583,8072704,Celecoxib 200mg capsules (Alliance Healthcare (Distribution) Ltd) [30],30.00,30,,91,60,30,1,1.00
45904,8013799,Dronedarone 400mg tablets (Alliance Healthcare (Distribution) Ltd) [20],20.00,20,,102,68,21,1,1.00
9811,3338480,UrgoKTwo multi-layer compression bandage kit (10cm) 25cm-32cm ankle circumference (Urgo Ltd) [1],1.00,1,,186,124,102,1,1.00
19996,8075327,Half Securon SR 120mg tablets (PI) (Viatris UK Healthcare Ltd) [28],28.00,28,,130,61,29,1,1.00
19411,3254299,Alvita sterile dressing pack (Alliance Healthcare (Distribution) Ltd) [1],1.00,1,,328,305,131,1,12.00
1654,0158618,Sabril 500mg tablets (Sanofi) [100],100.00,100,,82,78,56,1,1.00
36185,4102166,EssCarb 500mg capsules (Essential-Healthcare Ltd) [100],100.00,100,,89,78,66,1,1.00
5052,6290662,Ramipril 5mg tablets (Alliance Healthcare (Distribution) Ltd) [28],28.00,28,,125,59,32,1,1.00
48695,1283712,Famotidine 20mg tablets (Advanz Pharma) [28],28.00,28,,20,110,45,1,1.00
51443,8100653,Relioz 27.5micrograms/dose nasal spray (Alliance Healthcare (Distribution) Ltd) [120],120.00,120,,40,30,110,1,1.00
12719,3637519,Dermol Wash cutaneous emulsion (Dermal Laboratories Ltd) [200],200.00,200,,142,101,47,1,1.00
48340,1274349,Degarelix 120mg powder and solvent for solution for injection vials (Accord-UK Ltd) [2],2.00,2,,32,113,120,1,1.00
31579,4060497,Plenvu oral powder sachets (Forum Health Products Ltd) [3],3.00,3,,212,146,43,1,1.00
1669,0084889,Anusol HC ointment (Church & Dwight UK Ltd) [30],30.00,30,,152,42,30,1,1.00
22856,3550506,iAluRil bladder instillation (Aspire Pharma Ltd) [1],1.00,1,,169,80,50,1,1.00
1708,0485219,Betnovate RD 0.025% cream (GlaxoSmithKline UK Ltd) [100],100.00,100,,168,52,40,1,1.00
37231,4157780,Dyzantil 500mg modified-release tablets (Aspire Pharma Ltd) [30],30.00,30,,142,81,26,1,1.00
33427,6839609,Brilique 90mg tablets (PI) (AstraZeneca UK Ltd) [60],60.00,60,,139,55,51,1,1.00
1455,0029827,Eumovate 0.05% ointment (GlaxoSmithKline UK Ltd) [100],100.00,100,,168,51,39,1,1.00
47104,8067340,Sertraline 50mg/5ml oral suspension sugar free (Alliance Healthcare (Distribution) Ltd) [150],150.00,150,,155,68,68,1,1.00
38899,2820736,Sulpiride 200mg/5ml oral solution sugar free (Essential Pharma Ltd) [150],150.00,150,,140,55,55,1,1.00
9925,3354917,Actilite gauze dressing 10cm x 10cm (Advancis Medical) [10],10.00,10,,186,187,20,1,1.00
46420,8055857,Desmopressin 240microgram oral lyophilisates sugar free (Alliance Healthcare (Distribution) Ltd) [30],30.00,30,,136,55,21,1,1.00
50576,8077125,Inhixa 100mg/1ml solution for injection pre-filled syringes (PI) (Techdow Pharma England Ltd) [10],10.00,10,,160,103,81,1,1.00
27203,1209105,Olanzapine 7.5mg tablets (Accord-UK Ltd) [28],28.00,28,,136,59,28,1,1.00
51275,8044125,Venlafaxine 150mg modified-release tablets (Alliance Healthcare (Distribution) Ltd) [28],28.00,28,,100,50,15,1,1.00
6835,3086428,SpeediCath Compact catheter female 10Ch 28580 (Coloplast Ltd) [30],30.00,30,,131,97,45,1,1.00
45768,1221605,Ezetimibe 10mg tablets (Accord-UK Ltd) [28],28.00,28,,93,75,23,1,1.00
19947,6274641,Carmize 1% eye drops (Alliance Healthcare (Distribution) Ltd) [10],10.00,10,,78,36,36,1,1.00
2805,7049141,Aciclovir 400mg dispersible tablets (Alliance Healthcare (Distribution) Ltd) [56],56.00,56,,135,48,30,1,1.00
12528,8157802,Isotretinoin 20mg capsules (Alliance Healthcare (Distribution) Ltd) [30],30.00,30,,121,55,40,1,1.00
39680,1250893,Melatonin 2mg modified-release tablets (Teva UK Ltd) [30],30.00,30,,124,59,32,1,1.00
48095,1276872,Sulfasalazine 500mg suppositories (Pfizer Ltd) [10],10.00,10,,99,54,19,1,1.00
51175,8058984,Moxifloxacin 0.5% eye drops (Alliance Healthcare (Distribution) Ltd) [5],5.00,5,,30,75,34,1,1.00
11983,3559267,Millinette 30microgram/75microgram tablets (Gedeon Richter (UK) Ltd) [63],63.00,63,,114,49,29,1,1.00
40420,8041063,Rosuvastatin 40mg capsules (Alliance Healthcare (Distribution) Ltd) [28],28.00,28,,124,97,47,1,1.00
41371,4185500,A1 Omega 1000mg capsules (TriOn Pharma Ltd) [28],28.00,28,,90,81,49,1,1.00
1401,0205682,Otrivine Antistin 0.5%/0.05% eye drops (Thea Pharmaceuticals Ltd) [10],10.00,10,,82,30,29,1,1.00
31680,1219989,Sildenafil 50mg tablets (Almus Pharmaceuticals Ltd) [8],8.00,8,,67,48,21,1,1.00
22700,1158435,Hydrocortisone 10mg tablets (Teva UK Ltd) [30],30.00,30,,135,58,29,1,1.00
19851,1187665,Cinnarizine 15mg tablets (Almus Pharmaceuticals Ltd) [84],84.00,84,,135,47,34,1,1.00
41515,8041295,Neupro 4mg/24hours transdermal patches (BUK) (UCB Pharma Ltd) [28],28.00,28,,151,151,26,1,1.00
183,7150741,Propranolol 160mg tablets (Alliance Healthcare (Distribution) Ltd) [56],56.00,56,,134,47,31,1,1.00
26816,1081587,Levothyroxine sodium 100microgram tablets (Teva UK Ltd) [28],28.00,28,,106,45,22,1,1.00
16471,1177302,Ferrous fumarate 210mg tablets (Advanz Pharma) [84],84.00,84,,93,70,22,1,1.00
2437,2587723,Remedeine tablets (Crescent Pharma Ltd) [56],56.00,56,,119,52,50,1,1.00
42844,8427759,Lyrica 50mg capsules (PI) (Viatris UK Healthcare Ltd) [84],84.00,84,,130,91,46,1,1.00
46532,4220034,Librachrom Hayfever Relief 2% eye drops (Aspire Pharma Ltd) [10],10.00,10,,40,40,75,1,1.00
42379,8414765,Depakote 500mg gastro-resistant tablets (PI) (Sanofi) [30],30.00,30,,152,86,37,1,1.00
48635,4006441,Aripiprazole 400mg powder and solvent for prolonged-release suspension for injection pre-filled syringes (Otsuka Pharmaceuticals (U.K.) Ltd) [1],1.00,1,,239,85,59,1,1.00
2891,0410852,Oramorph 10mg/5ml oral solution (Glenwood GmbH) [500],500.00,500,,194,79,80,1,1.00
48021,4287090,Epiduo 0.1%/2.5% gel (Galderma (UK) Ltd) [60],60.00,60,,43,43,154,1,1.00
46419,8055840,Desmopressin 120microgram oral lyophilisates sugar free (Alliance Healthcare (Distribution) Ltd) [30],30.00,30,,136,54,21,1,1.00
19117,0370908,Portia eye shade 174 (Bray Group Ltd) [1],1.00,1,,128,93,17,1,1.00
34588,3870656,Sukkarto SR 500mg tablets (Morningside Healthcare Ltd) [56],56.00,56,,118,51,37,1,1.00
36304,1232826,Bimatoprost 100micrograms/ml eye drops (Accord-UK Ltd) [3],3.00,3,,86,39,38,1,1.00
44551,6292726,Sondate XL 50mg tablets (Alliance Healthcare (Distribution) Ltd) [60],60.00,60,,95,47,46,1,1.00
46395,8051682,Betahistine 24mg tablets (Alliance Healthcare (Distribution) Ltd) [84],84.00,84,,37,54,37,1,1.00
11683,8437899,Mometasone 0.1% ointment (Alliance Healthcare (Distribution) Ltd) [30],30.00,30,,137,34,35,1,1.00
16501,1138437,Vitamins A and D capsules BPC 1973 (Alissa Healthcare Research Ltd) [28],28.00,28,,91,54,22,1,1.00
29539,8150096,Paroxetine 40mg tablets (Alliance Healthcare (Distribution) Ltd) [30],30.00,30,,94,56,32,1,1.00
18649,6837017,Phenytoin sodium 100mg tablets (MIL) (Alliance Healthcare (Distribution) Ltd) [28],28.00,28,,160,65,27,1,1.00
44448,4229670,EssCarb 500mg capsules (Essential-Healthcare Ltd) [56],56.00,56,,50,50,95,1,1.00
49240,8105520,Ticagrelor 60mg tablets (Alliance Healthcare (Distribution) Ltd) [56],56.00,56,,90,55,31,1,1.00
38235,4046108,Zacco 5mg/5ml oral suspension (SyriMed) [150],150.00,150,,148,65,61,1,1.00
43487,1197698,Piroxicam 0.5% gel (Accord-UK Ltd) [112],112.00,112,,181,49,40,1,1.00
15559,6329643,Levothyroxine sodium 100micrograms/5ml oral solution sugar free (Alliance Healthcare (Distribution) Ltd) [100],100.00,100,,135,68,53,1,1.00
50461,1207661,Zonisamide 100mg capsules (Accord-UK Ltd) [56],56.00,56,,49,110,45,1,1.00
49027,8108573,Lokelma 10g oral powder sachets (PI) (AstraZeneca UK Ltd) [3],3.00,3,,128,81,31,1,1.00
13401,3688397,LBF barrier cream (CliniMed Ltd) [100],100.00,100,,40,50,150,1,1.00
14032,3745197,Space Chamber Plus Compact (Medical Developments International Ltd) [1],1.00,1,,155,55,55,1,1.00
26912,4036810,Cholurso 250mg tablets (Mayoly UK Ltd) [60],60.00,60,,123,48,50,1,1.00
44151,4240396,Mepilex Border Comfort Lite dressing 15cm x 15cm (Molnlycke Health Care Ltd) [10],10.00,10,,226,193,42,1,1.00
48167,1280544,Sirolimus 1mg tablets (Pfizer Ltd) [30],30.00,30,,109,25,61,1,1.00
12919,8426397,Repaglinide 1mg tablets (Alliance Healthcare (Distribution) Ltd) [90],90.00,90,,64,65,36,1,1.00
16484,6349757,Atorvastatin 10mg tablets (Alliance Healthcare (Distribution) Ltd) [28],28.00,28,,106,79,18,1,1.00
50845,8111312,Codeine 30mg tablets (Alliance Healthcare (Distribution) Ltd) [500],500.00,500,,90,46,46,1,1.00
36665,4135448,Salineb 7% inhalation solution 4ml vials (Sai-Meds Ltd) [60],60.00,60,,221,82,72,1,1.00
50732,8080467,Dienogest 2mg tablets (Alliance Healthcare (Distribution) Ltd) [84],84.00,84,,142,39,51,1,1.00
48036,1278340,Ciclesonide 80micrograms/dose inhaler CFC free (Advanz Pharma) [120],120.00,120,,42,56,94,1,1.00
21655,3154051,Gaviscon Advance oral suspension aniseed (Reckitt Benckiser Healthcare (UK) Ltd) [250],250.00,250,,63,63,134,1,1.00
25639,2541100,Finger cot medium (Bray Group Ltd) [10],10.00,10,,135,73,7,1,1.00
3627,0180588,Minims cyclopentolate hydrochloride 1% eye drops 0.5ml unit dose (Bausch & Lomb UK Ltd) [20],20.00,20,,88,87,86,1,1.00
41820,0101675,Juvela gluten free fibre loaf unsliced (Juvela Ltd) [400],400.00,400,,214,155,118,1,1.00
35537,4131629,CyanocoMinn 1mg tablets (Essential-Healthcare Ltd) [28],28.00,28,,110,36,17,1,1.00
32921,4079067,Combisal 25micrograms/dose / 125micrograms/dose inhaler (Aspire Pharma Ltd) [120],120.00,120,,97,57,43,1,1.00
10781,8157398,Azithromycin 250mg capsules (Alliance Healthcare (Distribution) Ltd) [4],4.00,4,,92,59,25,1,1.00
46800,8046559,Dimetrum 2mg tablets (PI) (Besins Healthcare (UK) Ltd) [28],28.00,28,,56,92,26,1,1.00
13467,6291173,Clonazepam 2mg/5ml oral solution sugar free (Alliance Healthcare (Distribution) Ltd) [150],150.00,150,,139,70,55,1,1.00
26307,8119026,Levothyroxine sodium 12.5microgram tablets (Alliance Healthcare (Distribution) Ltd) [28],28.00,28,,105,44,21,1,1.00
8775,3172277,Unistik 3 Comfort lancets 1.8mm/28gauge (Owen Mumford Ltd) [100],100.00,100,,132,104,95,1,1.00
50812,8383622,Midodrine 2.5mg tablets (Alliance Healthcare (Distribution) Ltd) [100],100.00,100,,129,49,47,1,1.00
44561,8062515,FLOWFLEX COVID SELF TEST- 5 PACK TEST [5],1.00,1,,45,80,165,1,1.00
48129,8093718,Aldara 5% cream 250mg sachets (PI) (Viatris UK Healthcare Ltd) [12],12.00,12,,112,67,21,1,1.00
2525,1053248,Doxycycline 50mg capsules (Accord-UK Ltd) [28],28.00,28,,116,61,22,1,1.00
7992,1117142,Levothyroxine sodium 100microgram tablets (Almus Pharmaceuticals Ltd) [28],28.00,28,,105,37,19,1,1.00
41843,2807972,Juvela gluten free pasta lasagne (Juvela Ltd) [250],250.00,250,,176,107,62,1,1.00
7898,1117316,Co-amoxiclav 250mg/125mg tablets (Almus Pharmaceuticals Ltd) [21],21.00,21,,114,70,27,1,1.00
3159,0245258,Trisequens tablets (Novo Nordisk Ltd) [84],84.00,84,,67,65,37,1,1.00
29620,8155699,Mylife Pura testing strips (PI) (Pikdare S.p.A.) [50],50.00,50,,81,64,41,1,1.00
49241,8105538,Ticagrelor 90mg tablets (Alliance Healthcare (Distribution) Ltd) [56],56.00,56,,90,55,31,1,1.00
50569,8113029,Tacrolimus 0.1% ointment (Alliance Healthcare (Distribution) Ltd) [30],30.00,30,,35,155,40,1,1.00
26457,1196252,Nebivolol 2.5mg tablets (Teva UK Ltd) [28],28.00,28,,135,58,28,1,1.00
1808,2542090,Dermol 200 shower emollient (Dermal Laboratories Ltd) [200],200.00,200,,211,70,40,1,1.00
31633,4061362,Omnican Fine hypodermic insulin needles for pre-filled / reusable pen injectors screw on 4mm/32gauge (B.Braun Medical Ltd) [100],100.00,100,,132,74,74,1,1.00
46638,2139483,Phytomenadione 10mg/1ml solution for injection ampoules (Neon Healthcare Ltd) [10],10.00,10,,106,102,22,1,1.00
44473,4230405,"BD Micro-Fine Ultra hypodermic insulin needles for pre-filled / reusable pen injectors screw on 5mm/31gauge (Becton, Dickinson UK Ltd) [100]",100.00,100,,130,71,83,1,1.00
36740,1239243,Paracetamol 500mg effervescent tablets (Accord-UK Ltd) [24],24.00,24,,106,106,40,1,1.00
41185,4214003,Sharpsafe disposal unit 1litre Yellow (Vernacare International Ltd) [1],1.00,1,,108,99,185,1,1.00
51171,8043788,Hyoscine butylbromide 20mg tablets (Alliance Healthcare (Distribution) Ltd) [100],100.00,100,,87,60,42,1,1.00
3829,1099266,Paroxetine 20mg tablets (Accord-UK Ltd) [30],30.00,30,,136,60,31,1,1.00
12236,1151968,Clonazepam 2mg tablets (Almus Pharmaceuticals Ltd) [100],100.00,100,,105,66,47,1,1.00
37013,4158655,Athiam 100mg tablets (Essential-Healthcare Ltd) [28],28.00,28,,150,48,16,1,1.00
50014,8092249,Topiramate 20mg/ml oral solution sugar free (Alliance Healthcare (Distribution) Ltd) [280],280.00,280,,75,85,150,1,1.00
2425,1077007,Amoxicillin 500mg powder for solution for injection vials (Wockhardt UK Ltd) [10],10.00,10,,140,66,58,1,1.00
48572,1282573,Medroxyprogesterone 5mg tablets (Pfizer Ltd) [10],10.00,10,,19,63,113,1,1.00
46684,8063075,Fixkoh Airmaster 50micrograms/dose / 100micrograms/dose dry powder inhaler (PI) (Genus Pharmaceuticals Holdings Ltd) [60],60.00,60,,1,1,1,1,1.00
47912,4285367,Hibiwash 4% solution (Molnlycke Health Care Ltd) [125],125.00,125,,35,60,120,1,1.00
50757,8073157,Levocarnitine 1.5g/5ml (30%) oral solution paediatric sugar free (Alliance Healthcare (Distribution) Ltd) [50],50.00,50,,115,43,43,1,1.00
41684,4213500,Itzenal 30mg/5ml oral solution sugar free (Zentiva Pharma UK Ltd) [100],100.00,100,,128,57,51,1,1.00
43565,8016073,Febuxostat 120mg tablets (Alliance Healthcare (Distribution) Ltd) [28],28.00,28,,125,73,29,1,1.00
50782,8043176,Midazolam 2.5mg/0.5ml oromucosal solution pre-filled oral syringes sugar free (Alliance Healthcare (Distribution) Ltd) [4],4.00,4,,74,155,74,1,1.00
19405,6832711,Levonorgestrel 1.5mg tablets (Alliance Healthcare (Distribution) Ltd) [1],1.00,1,,78,61,22,1,1.00
48121,4273652,Aace K effervescent tablets (Essential-Healthcare Ltd) [100],100.00,100,,42,20,127,1,1.00
48188,4337291,Resource ThickenUp Clear powder (Nestle Health Science) [215],215.00,215,,101,101,119,1,1.00
44436,8051690,Levetiracetam 750mg granules sachets sugar free (Alliance Healthcare (Distribution) Ltd) [60],60.00,60,,128,128,111,1,1.00
16597,6335368,Chloral hydrate 143.3mg/5ml oral solution BP (Alliance Healthcare (Distribution) Ltd) [150],150.00,150,,141,58,56,1,1.00
3780,0180497,Minims oxybuprocaine hydrochloride 0.4% eye drops 0.5ml unit dose (Bausch & Lomb UK Ltd) [20],20.00,20,,86,86,85,1,1.00
25181,8115008,Propranolol 5mg/5ml oral solution sugar free (Alliance Healthcare (Distribution) Ltd) [150],150.00,150,,56,62,55,1,1.00
16522,3785417,Cetraben lotion (Thornton & Ross Ltd) [500],500.00,500,,213,77,77,1,1.00
49028,8108599,Softacort 3.35mg/ml eye drops 0.4ml unit dose (PI) (Thea Pharmaceuticals Ltd) [30],30.00,30,,174,77,31,1,1.00
14061,3785821,Nitrolingual 400micrograms/dose pump sublingual spray (Beaumont Pharma Ltd) [180],180.00,180,,99,35,35,1,1.00
37492,1179084,Pravastatin 20mg tablets (Accord-UK Ltd) [28],28.00,28,,146,87,27,1,1.00
33372,4073268,PulmoClear 7% inhalation solution 4ml vials (TriOn Pharma Ltd) [60],60.00,60,,217,81,70,1,1.00
39000,1248954,Hydrocortisone 5mg tablets (Genesis Pharmaceuticals Ltd) [30],30.00,30,,97,51,25,1,1.00
41516,8041303,Neupro 6mg/24hours transdermal patches (BUK) (UCB Pharma Ltd) [28],28.00,28,,151,150,26,1,1.00
51153,8081788,Tramadol 200mg modified-release capsules (Alliance Healthcare (Distribution) Ltd) [60],60.00,60,,60,100,70,1,1.00
47106,1273507,Rivaroxaban 10mg tablets (Teva UK Ltd) [10],10.00,10,,28,55,128,1,1.00
47056,8142234,Zirtek Allergy 10mg tablets (PI) (UCB Pharma Ltd) [30],30.00,30,,108,51,23,1,1.00
46517,8062598,Diclofenac 2.32% gel (Alliance Healthcare (Distribution) Ltd) [100],100.00,100,,166,58,45,1,1.00
44444,4238770,AaceCa D3 1250mg/400unit chewable tablets (Essential-Healthcare Ltd) [100],100.00,100,,65,65,170,1,1.00
31668,1203942,Venlafaxine 75mg tablets (Almus Pharmaceuticals Ltd) [56],56.00,56,,118,50,32,1,1.00
46688,8063018,Viazem XL 180mg capsules (PI) (Thornton & Ross Ltd) [28],28.00,28,,1,1,1,1,1.00
22364,3948734,GlucoRx HCT Ketone testing strips (GlucoRx Ltd) [10],10.00,10,,68,46,42,1,1.00
48613,8436610,Ropinirole 8mg modified-release tablets (Alliance Healthcare (Distribution) Ltd) [28],28.00,28,,115,81,29,1,1.00
48042,8069452,Emla 5% cream (PI) (Aspen Pharma Trading Ltd) [30],30.00,30,,158,41,31,1,1.00
48660,1276765,Betamethasone valerate 0.025% ointment (Accord-UK Ltd) [100],100.00,100,,39,183,47,1,1.00
10000,3371648,Salbulin Novolizer 100micrograms/dose inhalation powder (Viatris UK Healthcare Ltd) [200],200.00,200,,126,57,36,1,1.00
14696,8437188,Onbrez Breezhaler 150microgram inhalation powder capsules with device (PI) (Novartis Pharmaceuticals UK Ltd) [30],30.00,30,,122,81,59,1,1.00
10844,3427390,Cozaar 12.5mg tablets (Organon Pharma (UK) Ltd) [28],28.00,28,,99,43,17,1,1.00
20148,3939717,Zaluron XL 200mg tablets (GB) (Fontus Health Ltd) [60],60.00,60,,104,66,55,1,1.00
2944,2781169,Salamol 100micrograms/dose Easi-Breathe inhaler (Teva UK Ltd) [200],200.00,200,,118,57,43,1,1.00
33437,4073201,EasyChamber Spacer with child mask 2-6 years (TriOn Pharma Ltd) [1],1.00,1,,175,84,79,1,1.00
37814,8144230,FemSeven Conti patches (PI) (Theramex HQ UK Ltd) [4],4.00,4,,81,81,20,1,1.00
36192,6836290,Colestyramine 4g oral powder sachets sugar free (Alliance Healthcare (Distribution) Ltd) [50],50.00,50,,134,131,101,1,1.00
41520,8011710,Keppra 750mg tablets (BUK) (UCB Pharma Ltd) [60],60.00,60,,113,91,58,1,1.00
47152,7150923,Codeine 15mg/5ml linctus (Alliance Healthcare (Distribution) Ltd) [200],200.00,200,,55,56,145,1,1.00
48280,8080103,Sodium cromoglicate 100mg capsules (PI) (Alliance Healthcare (Distribution) Ltd) [100],100.00,100,,93,57,58,1,1.00
44348,1131317,Bisoprolol 1.25mg tablets (Teva UK Ltd) [28],28.00,28,,120,50,24,1,1.00
6888,3078532,Mini-Wright peak flow meter standard range 3103388 (Clement Clarke International Ltd) [1],1.00,1,,218,53,54,1,1.00
30797,8159162,Cefuroxime 250mg tablets (Alliance Healthcare (Distribution) Ltd) [14],14.00,14,,151,76,20,1,1.00
27218,1178722,Lamotrigine 200mg tablets (Accord-UK Ltd) [56],56.00,56,,161,55,23,1,1.00
44148,8046195,Minoxidil 10mg tablets (Alliance Healthcare (Distribution) Ltd) [60],60.00,60,,116,48,47,1,1.00
38612,4180345,Vizidor Duo 20mg/ml / 5mg/ml eye drops (Bausch & Lomb UK Ltd) [5],5.00,5,,82,30,30,1,1.00
21197,6836761,Dexamethasone 500microgram tablets (Alliance Healthcare (Distribution) Ltd) [30],30.00,30,,102,43,30,1,1.00
34876,4113619,Spiriva Respimat 2.5micrograms/dose inhalation solution refill cartridge (Boehringer Ingelheim Ltd) [60],60.00,60,,100,42,38,1,1.00
48128,4280624,SodiFer 190mg/5ml oral solution (Essential-Healthcare Ltd) [100],100.00,100,,52,52,125,1,1.00
9228,1135375,Mirtazapine 15mg tablets (Accord-UK Ltd) [28],28.00,28,,117,47,21,1,1.00
18965,3933454,Vokanamet 50mg/1000mg tablets (A. Menarini Farmaceutica Internazionale SRL) [60],60.00,60,,164,87,82,1,1.00
48610,4090411,Cetraxal Plus 3mg/ml + 0.25mg/ml ear drops 0.25ml unit dose (Aspire Pharma Ltd) [15],15.00,15,,131,103,43,1,1.00
41844,2808004,Juvela gluten free pasta macaroni (Juvela Ltd) [500],500.00,500,,203,144,51,1,1.00
50544,1133461,Salbutamol 2.5mg/2.5ml nebuliser liquid unit dose ampoules (Accord-UK Ltd) [20],20.00,20,,190,80,31,1,1.00
51113,1289404,Sodium picosulfate 5mg/5ml oral solution sugar free (Accord-UK Ltd) [100],100.00,100,,49,49,127,1,1.00
39088,4191938,Bijuve 1mg/100mg capsules (Theramex HQ UK Ltd) [28],28.00,28,,133,67,29,1,1.00
16508,3620572,Artelac Nighttime 0.2% eye gel (Bausch & Lomb UK Ltd) [10],10.00,10,,108,28,21,1,1.00
46664,8042327,Fesoterodine 8mg modified-release tablets (Alliance Healthcare (Distribution) Ltd) [28],28.00,28,,165,81,26,1,1.00
37749,1237130,Trazodone 50mg tablets (Accord-UK Ltd) [84],84.00,84,,116,53,53,1,1.00
19430,3938800,Clinitas Multi 0.4% eye drops preservative free (Altacor Ltd) [10],10.00,10,,79,38,37,1,1.00
43548,8061830,Nicorette invisi 15mg/16hours patches (PI) (McNeil Products Ltd) [7],7.00,7,,104,100,32,1,1.00
30123,8384919,Liothyronine 20microgram tablets (Alliance Healthcare (Distribution) Ltd) [28],28.00,28,,80,51,51,1,1.00
50945,8077760,Nitrofurantoin 100mg modified-release capsules (Alliance Healthcare (Distribution) Ltd) [14],14.00,14,,108,68,24,1,1.00
41628,4199329,AacEdem Sodium Chloride 5% eye drops (Essential-Healthcare Ltd) [10],10.00,10,,71,41,30,1,1.00
35760,1209378,Pregabalin 150mg capsules (Accord-UK Ltd) [56],56.00,56,,97,57,40,1,1.00
44195,1060631,Ibuprofen 400mg tablets (Accord-UK Ltd) [84],84.00,84,,95,67,62,1,1.00
28157,1215995,Almuriva 4.6mg/24hours transdermal patches (Almus Pharmaceuticals Ltd) [30],30.00,30,,82,73,37,1,1.00
45902,8059511,Dipyridamole 100mg tablets (Alliance Healthcare (Distribution) Ltd) [84],84.00,84,,54,53,47,1,1.00
46456,8057648,Dexamethasone (base) 3.3mg/1ml solution for injection ampoules (Alliance Healthcare (Distribution) Ltd) [10],10.00,10,,20,151,90,1,1.00
51247,8053969,Hyoscine butylbromide 20mg tablets (Alliance Healthcare (Distribution) Ltd) [56],56.00,56,,28,49,27,1,1.00
32829,1209022,Midazolam 50mg/10ml solution for injection ampoules (Accord-UK Ltd) [10],10.00,10,,132,129,47,1,1.00
41845,2807998,Juvela gluten free pasta spaghetti (Juvela Ltd) [500],500.00,500,,274,79,36,1,1.00
12596,3609906,Tegaderm Foam dressing (adhesive) 6.9cm x 7.6cm oval (3M Health Care Ltd) [10],10.00,10,,180,128,67,1,1.00
47907,1060979,Prednisolone 5mg soluble tablets sugar free (Advanz Pharma) [30],30.00,30,,125,51,30,1,1.00
40825,4164737,Otigo 40mg/g / 10mg/g ear drops (Renascience Pharma Ltd) [15],15.00,15,,81,44,45,1,1.00
44634,1265958,Ranolazine 375mg modified-release tablets (Teva UK Ltd) [60],60.00,60,,136,67,61,1,1.00
2636,7014442,Hydrocortisone 1% ointment (Alliance Healthcare (Distribution) Ltd) [50],50.00,50,,177,51,35,1,1.00
50747,8061335,Indometacin 100mg suppositories (Alliance Healthcare (Distribution) Ltd) [10],10.00,10,,64,45,116,1,1.00
43625,8011322,Atomoxetine 80mg capsules (Alliance Healthcare (Distribution) Ltd) [28],28.00,28,,105,68,42,1,1.00
32085,4040390,Fobumix Easyhaler 160micrograms/dose / 4.5micrograms/dose dry powder inhaler (Orion Pharma (UK) Ltd) [120],120.00,120,,130,82,46,1,1.00
13632,6328942,Atorvastatin 30mg tablets (Alliance Healthcare (Distribution) Ltd) [28],28.00,28,,128,75,23,1,1.00
8063,3100955,Easyhaler Budesonide 100micrograms/dose dry powder inhaler (Orion Pharma (UK) Ltd) [200],200.00,200,,131,83,47,1,1.00
33237,8155178,Carmize 1% eye drops 0.4ml unit dose preservative free (Alliance Healthcare (Distribution) Ltd) [60],60.00,60,,129,95,81,1,1.00
34842,2730752,Cica-Care sheet 6cm x 12cm rectangular (Smith & Nephew Healthcare Ltd) [3],3.00,3,,174,87,46,1,1.00
128,1082668,Bendroflumethiazide 5mg tablets (Accord-UK Ltd) [28],28.00,28,,107,38,19,1,1.00
711,1008952,Glycerol 2g suppositories (Alliance Healthcare (Distribution) Ltd) [12],12.00,12,,110,53,26,1,1.00
6925,3040938,Softpore dressing 10cm x 10cm (Richardson Healthcare Ltd) [50],50.00,50,,159,139,113,1,1.00
48029,1166883,Valsartan 80mg capsules (Teva UK Ltd) [28],28.00,28,,136,72,31,1,1.00
1432,2709848,Zyban 150mg modified-release tablets (GlaxoSmithKline UK Ltd) [60],60.00,60,,131,59,39,1,1.00
12375,3568649,Feldene 10mg capsules (Pfizer Ltd) [30],30.00,30,,77,43,43,1,1.00
37781,6330880,Metformin 1g modified-release tablets (Alliance Healthcare (Distribution) Ltd) [56],56.00,56,,163,80,47,1,1.00
12982,8437410,Acarbose 100mg tablets (Alliance Healthcare (Distribution) Ltd) [90],90.00,90,,100,70,45,1,1.00
3504,2714731,Dexsol 2mg/5ml oral solution (Rosemont Pharmaceuticals Ltd) [150],150.00,150,,134,54,54,1,1.00
27919,8150310,Brintellix 10mg tablets (PI) (Lundbeck Ltd) [28],28.00,28,,111,45,21,1,1.00
17153,6833420,Aripiprazole 15mg tablets (Alliance Healthcare (Distribution) Ltd) [28],28.00,28,,142,81,29,1,1.00
48497,8088163,Fucibet cream (PI) (LEO Pharma) [60],60.00,60,,165,40,33,1,1.00
2936,2534212,Maxalt Melt 10mg oral lyophilisates (Organon Pharma (UK) Ltd) [6],6.00,6,,92,92,55,1,1.00
42123,1256916,Clonazepam 2mg tablets (Accord-UK Ltd) [100],100.00,100,,20,60,19,1,1.00
16289,6290951,Allevyn Gentle Border dressing 10cm x 10cm (PI) (Smith & Nephew Healthcare Ltd) [10],10.00,10,,194,160,49,1,1.00
48646,8091829,4SURE lancets sterile single use 0.195mm/33gauge (PI) (Nipro Medical UK Ltd) [100],100.00,100,,78,40,60,1,1.00
28,0201285,Istin 10mg tablets (Viatris UK Healthcare Ltd) [28],28.00,28,,125,51,30,1,1.00
45835,8055287,Ipratropium bromide 21micrograms/dose nasal spray (Alliance Healthcare (Distribution) Ltd) [240],240.00,240,,11,4,4,1,1.00
46065,8046534,Voltarol 12 Hour Emulgel P 2.32% gel (PI) (Haleon UK Trading Ltd) [100],100.00,100,,171,56,47,1,1.00
39873,4197679,Manevac granules (Ceuta Healthcare Ltd) [400],400.00,400,,100,100,108,1,1.00
6412,3064383,Dermol cream (Dermal Laboratories Ltd) [500],500.00,500,,247,101,55,1,1.00
40219,1244748,Co-codamol 30mg/500mg effervescent tablets (Accord-UK Ltd) [100],100.00,100,,244,46,100,1,1.00
20133,6291645,Trimipramine 50mg capsules (PI) (Alliance Healthcare (Distribution) Ltd) [28],28.00,28,,106,72,24,1,1.00
43666,8009367,Atomoxetine 25mg capsules (Alliance Healthcare (Distribution) Ltd) [28],28.00,28,,104,68,42,1,1.00
1732,2667053,Ferrograd 325mg modified-release tablets (Teofarma S.r.l.) [30],30.00,30,,105,89,19,1,1.00
44731,8061251,Metformin 500mg/5ml oral solution sugar free (Alliance Healthcare (Distribution) Ltd) [300],300.00,300,,76,67,180,1,1.00
46784,8052938,Abilify Maintena 400mg powder and solvent for prolonged-release suspension for injection pre-filled syringes (PI) (Otsuka Pharmaceuticals (U.K.) Ltd) [1],1.00,1,,239,59,85,1,1.00
50001,4347753,Xailin Ectoine eye drops preservative free (Visufarma UK Ltd) [10],10.00,10,,46,30,93,1,1.00
15604,7042013,Bezalip Mono 400mg modified-release tablets (PI) (Teva UK Ltd) [30],30.00,30,,121,50,30,1,1.00
42592,8044919,Calcitriol 500nanogram capsules (Alliance Healthcare (Distribution) Ltd) [30],30.00,30,,76,43,44,1,1.00
34405,4106803,Blissel 50micrograms/g vaginal gel with applicator (Consilient Health Ltd) [30],30.00,30,,145,60,30,1,1.00
41726,1156058,Ocufresh Hypromellose 0.3% eye drops (Blumont Healthcare Ltd) [10],10.00,10,,68,32,28,1,1.00
13164,1130558,Paracetamol 500mg capsules (Almus Pharmaceuticals Ltd) [32],32.00,32,,75,71,43,1,1.00
42124,1255058,Co-codamol 8mg/500mg tablets (Accord-UK Ltd) [32],32.00,32,,118,47,30,1,1.00
50728,8049314,Bezafibrate 200mg tablets (Alliance Healthcare (Distribution) Ltd) [100],100.00,100,,45,115,70,1,1.00
27473,8145914,Ursofalk 500mg tablets (PI) (Dr. Falk Pharma UK Ltd) [100],100.00,100,,88,89,37,1,1.00
26400,4030888,SunVit-D3 800unit tablets (SunVit-D3 Ltd) [28],28.00,28,,125,84,19,1,1.00
19964,1202811,Vitamin B compound tablets (Almus Pharmaceuticals Ltd) [28],28.00,28,,63,59,59,1,1.00
22673,1211010,Prednisolone 20mg tablets (Accord-UK Ltd) [28],28.00,28,,117,47,17,1,1.00
33238,6833586,Diclomax SR 75mg capsules (Alliance Healthcare (Distribution) Ltd) [56],56.00,56,,155,79,38,1,1.00
1532,0052506,Diprosalic 0.05%/3% ointment (Organon Pharma (UK) Ltd) [100],100.00,100,,196,47,42,1,1.00
44296,4239935,Peptamen Junior PHGG tube feed liquid (Nestle Health Science) [500],500.00,500,,105,60,169,1,1.00
51196,1288950,Dapagliflozin 10mg tablets (Accord-UK Ltd) [28],28.00,28,,148,72,28,1,1.00
41177,8409112,Nyzamac SR 60mg capsules (Alliance Healthcare (Distribution) Ltd) [28],28.00,28,,155,50,26,1,1.00
50449,1257773,Fesoterodine 4mg modified-release tablets (Accord-UK Ltd) [28],28.00,28,,25,165,80,1,1.00
7645,2660496,Able Spacer 2 (Clement Clarke International Ltd) [1],1.00,1,,162,72,64,1,1.00
51385,8100547,Trazodone 100mg tablets (Alliance Healthcare (Distribution) Ltd) [56],56.00,56,,65,32,120,1,1.00
2018,0368126,Madopar 50mg/12.5mg capsules (Roche Products Ltd) [100],100.00,100,,99,52,47,1,1.00
50717,8067241,Darifenacin 7.5mg modified-release tablets (Alliance Healthcare (Distribution) Ltd) [28],28.00,28,,25,110,70,1,1.00
40069,8040388,Nebido 1000mg/4ml solution for injection vials (PI) (Grunenthal Ltd) [1],1.00,1,,121,57,35,1,1.00
30093,8155954,Etoricoxib 60mg tablets (Alliance Healthcare (Distribution) Ltd) [28],28.00,28,,157,80,40,1,1.00
30113,4045597,Eydelto 20mg/ml eye drops (Aspire Pharma Ltd) [5],5.00,5,,82,30,29,1,1.00
15403,3585353,Priligy 60mg tablets (A. Menarini Farmaceutica Internazionale SRL) [3],3.00,3,,123,55,13,1,1.00
27433,1195403,Galzemic XL 16mg capsules (Zentiva Pharma UK Ltd) [28],28.00,28,,105,68,35,1,1.00
7147,3092061,Inspra 25mg tablets (Viatris UK Healthcare Ltd) [28],28.00,28,,96,57,26,1,1.00
51386,8100539,Trazodone 50mg tablets (Alliance Healthcare (Distribution) Ltd) [84],84.00,84,,53,36,100,1,1.00
43547,8052961,Cialis 20mg tablets (PI) (Eli Lilly and Company Ltd) [4],4.00,4,,82,46,45,1,1.00
51165,8059438,Captopril 25mg/5ml oral solution sugar free (Alliance Healthcare (Distribution) Ltd) [100],100.00,100,,155,67,66,1,1.00
34355,8414427,Losec 20mg gastro-resistant capsules (PI) (Neon Healthcare Ltd) [30],30.00,30,,85,49,49,1,1.00
45489,5400734,Contulen 100mg tablets (HFA Healthcare Ltd) [28],28.00,28,,110,48,20,1,1.00
2735,0903534,"Portia ring pessary 1.25cm thick, 65mm diameter, PVC (Bray Group Ltd) [1]",1.00,1,,194,151,13,1,1.00
16905,6833073,Lacidipine 2mg tablets (Alliance Healthcare (Distribution) Ltd) [28],28.00,28,,110,50,24,1,1.00
45887,8001042,Amiodarone 100mg tablets (Alliance Healthcare (Distribution) Ltd) [28],28.00,28,,118,52,20,1,1.00
8602,3249224,Emselex 15mg modified-release tablets (pharmaand GmbH) [28],28.00,28,,110,44,23,1,1.00
7247,6804231,Moxonidine 300microgram tablets (Alliance Healthcare (Distribution) Ltd) [28],28.00,28,,126,51,15,1,1.00
39901,4166138,"Balance ring pessary 1.25cm thick, 62mm diameter, PVC (TriOn Pharma Ltd) [1]",1.00,1,,125,62,62,1,1.00
45519,4261814,AadNaCl 600mg Slow tablets (Essential-Healthcare Ltd) [100],100.00,100,,105,50,50,1,1.00
45840,4263760,Gramegran 50mg tablets (Accord-UK Ltd) [2],2.00,2,,80,70,30,1,1.00
3103,2577716,Coracten XL 60mg capsules (Teofarma S.r.l.) [28],28.00,28,,152,78,22,1,1.00
50229,1265396,Citalopram 20mg tablets (Teva UK Ltd) [250],250.00,250,,56,54,83,1,1.00
13699,3639333,Sinemet 10mg/100mg tablets (Organon Pharma (UK) Ltd) [100],100.00,100,,110,55,55,1,1.00
41594,4028957,Mevalia low protein fruit bar (Vitaflo International Ltd) [125],125.00,125,,128,108,35,1,1.00
51335,8097529,Safinamide 50mg tablets (Alliance Healthcare (Distribution) Ltd) [30],30.00,30,,83,39,25,1,1.00
51265,8108409,Galantamine 8mg modified-release capsules (Alliance Healthcare (Distribution) Ltd) [28],28.00,28,,67,30,130,1,1.00
32951,4075586,Epimax oatmeal cream (Aspire Pharma Ltd) [100],100.00,100,,184,55,35,1,1.00
38620,1226190,Clonazepam 500micrograms/5ml oral solution sugar free (Accord-UK Ltd) [150],150.00,150,,147,71,53,1,1.00
17943,1196484,Celecoxib 200mg capsules (Accord-UK Ltd) [30],30.00,30,,98,69,39,1,1.00
50329,1269166,Tacrolimus 0.03% ointment (Accord-UK Ltd) [30],30.00,30,,35,155,40,1,1.00
5643,0723403,Simpla G-Strap adult 383001 50cm (Coloplast Ltd) [5],5.00,5,,194,77,72,1,1.00
33438,4073219,EasyChamber Spacer with infant mask 0-24 months (TriOn Pharma Ltd) [1],1.00,1,,178,82,81,1,1.00
41775,3384443,Glutafin gluten free crispbread (Dr Schar UK Ltd) [150],150.00,150,,162,131,72,1,1.00
34553,1228386,Ibuprofen Twelve Plus Pain Relief 200mg/5ml oral suspension (Aspire Pharma Ltd) [100],100.00,100,,124,55,55,1,1.00
35759,1209360,Pregabalin 100mg capsules (Accord-UK Ltd) [84],84.00,84,,96,56,47,1,1.00
50737,8055014,Digoxin 125microgram tablets (Alliance Healthcare (Distribution) Ltd) [30],30.00,30,,110,59,18,1,1.00
51235,8046799,Lacosamide 50mg tablets (Alliance Healthcare (Distribution) Ltd) [14],14.00,14,,123,62,24,1,1.00
34653,3494903,SodiClor 292.5mg/5ml (1mmol/ml) oral solution (Arjun Products Ltd) [100],100.00,100,,105,55,55,1,1.00
50767,8069932,Melatonin 1mg/ml oral solution sugar free (Alliance Healthcare (Distribution) Ltd) [50],50.00,50,,50,50,110,1,1.00
42194,1018779,Paracetamol 500mg tablets (Pot) (Accord-UK Ltd) [100],100.00,100,,101,43,43,1,1.00
48157,1276351,Clobetasol 0.05% cream (Accord-UK Ltd) [100],100.00,100,,183,39,47,1,1.00
33021,4074209,Yaltormin SR 750mg tablets (Wockhardt UK Ltd) [56],56.00,56,,104,96,44,1,1.00
41605,8044182,Ondansetron 4mg tablets (Alliance Healthcare (Distribution) Ltd) [10],10.00,10,,123,54,20,1,1.00
25182,8114944,Propranolol 50mg/5ml oral solution sugar free (Alliance Healthcare (Distribution) Ltd) [150],150.00,150,,147,61,55,1,1.00
18977,3948874,Ipinnia XL 4mg tablets (Ethypharm UK Ltd) [28],28.00,28,,145,72,58,1,1.00
44453,8071300,Finasteride 1mg tablets (Alliance Healthcare (Distribution) Ltd) [84],84.00,84,,113,53,53,1,1.00
45985,6331078,Hydroxyzine 25mg tablets (Alliance Healthcare (Distribution) Ltd) [28],28.00,28,,85,61,19,1,1.00
37750,1141647,Lecado 100mg/25mg modified-release tablets (Sandoz Ltd) [60],60.00,60,,129,53,36,1,1.00
18141,6292460,Tibolone 2.5mg tablets (Alliance Healthcare (Distribution) Ltd) [84],84.00,84,,62,51,21,1,1.00
16660,3911138,Simbrinza 10mg/ml / 2mg/ml eye drops (Novartis Pharmaceuticals UK Ltd) [5],5.00,5,,84,37,36,1,1.00
41773,3813748,Glutafin gluten free cornflakes (Dr Schar UK Ltd) [375],375.00,375,,278,193,79,1,1.00
32534,8388191,Methotrexate 10mg tablets (Alliance Healthcare (Distribution) Ltd) [100],100.00,100,,111,54,46,1,1.00
21249,3867371,Dexafree 1mg/1ml eye drops 0.4ml unit dose (Thea Pharmaceuticals Ltd) [30],30.00,30,,173,77,32,1,1.00
22744,8094963,AirFluSal Forspiro 50micrograms/dose / 500micrograms/dose dry powder inhaler (Alliance Healthcare (Distribution) Ltd) [60],60.00,60,,89,72,32,1,1.00
36593,4154621,Convulex 500mg gastro-resistant capsules (G.L. Pharma UK Ltd) [30],30.00,30,,94,67,35,1,1.00
46474,8055477,Rivaroxaban 15mg tablets (Alliance Healthcare (Distribution) Ltd) [28],28.00,28,,98,55,30,1,1.00
51233,8042640,Hyoscine butylbromide 10mg tablets (Alliance Healthcare (Distribution) Ltd) [100],100.00,100,,89,51,41,1,1.00
5196,3548732,Scholl Softgrip class II below knee stocking circular knit standard stock size closed toe Extra large Natural (SSL International Plc) [2],2.00,2,,142,91,31,1,1.00
46485,1272046,Sodium chloride 1.46g/5ml (5mmol/ml) oral solution (SyriMed) [100],100.00,100,,68,46,125,1,1.00
2186,8461634,Nizatidine 150mg capsules (Alliance Healthcare (Distribution) Ltd) [30],30.00,30,,106,65,34,1,1.00
31545,8161002,Travoprost 40micrograms/ml / Timolol 5mg/ml eye drops (Alliance Healthcare (Distribution) Ltd) [2.50],2.50,0,,118,62,35,1,1.00
46376,1133875,Paracetamol 120mg/5ml oral suspension paediatric sugar free (Almus Pharmaceuticals Ltd) [100],100.00,100,,126,54,54,1,1.00
45817,4232914,SunVit-D3 800unit/2.5g chewable tablets (SunVit-D3 Ltd) [30],30.00,30,,50,50,80,1,1.00
4258,0001040,Dalmane 15mg capsules (Viatris UK Healthcare Ltd) [30],30.00,30,,102,45,20,1,1.00
31813,4061628,NACSYS 600mg effervescent tablets (Alturix Ltd) [30],30.00,30,,88,87,33,1,1.00
9140,1132448,Betahistine 16mg tablets (Almus Pharmaceuticals Ltd) [84],84.00,84,,134,78,44,1,1.00
20781,1133180,Dexamethasone 2mg tablets (Teva UK Ltd) [100],100.00,100,,100,41,40,1,1.00
40322,1251248,Hy-Opti 0.1% eye drops preservative free (Alissa Healthcare Research Ltd) [12],12.00,12,,110,43,43,1,1.00
50797,1283977,Primidone 250mg tablets (Crescent Pharma Ltd) [100],100.00,100,,77,56,45,1,1.00
35044,8151920,Epilim Chronosphere MR 750mg granules sachets (PI) (Sanofi) [30],30.00,30,,105,102,62,1,1.00
41505,8435794,Ibuprofen 10% gel (Alliance Healthcare (Distribution) Ltd) [100],100.00,100,,176,46,46,1,1.00
8034,1125541,Lansoprazole 15mg gastro-resistant capsules (Accord-UK Ltd) [28],28.00,28,,90,68,36,1,1.00
50765,8111957,Lacosamide 150mg tablets (Alliance Healthcare (Distribution) Ltd) [56],56.00,56,,89,67,32,1,1.00
2890,2545192,Oramorph 10mg/5ml oral solution (Glenwood GmbH) [300],300.00,300,,180,63,63,1,1.00
50865,3302189,Rufinamide 400mg tablets (Eisai Ltd) [60],60.00,60,,134,76,52,1,1.00
20770,1115294,Hydroxocobalamin 1mg/1ml solution for injection ampoules (Accord-UK Ltd) [5],5.00,5,,85,75,22,1,1.00
47686,8073942,Efexor XL 225mg capsules (Alliance Healthcare (Distribution) Ltd) [28],28.00,28,,128,49,46,1,1.00
3558,2161545,Warticon 0.15% cream (Phoenix Labs Ltd) [5],5.00,5,,99,35,35,1,1.00
44778,4250395,Ocufresh Comfort Carmellose 0.5% eye drops preservative free (Blumont Healthcare Ltd) [10],10.00,10,,70,29,29,1,1.00
32134,6839484,Circadin 2mg modified-release tablets (PI) (Flynn Pharma Ltd) [30],30.00,30,,123,52,38,1,1.00
51430,8438889,Salbutamol 2.5mg/2.5ml nebuliser liquid unit dose ampoules (Accord) (Alliance Healthcare (Distribution) Ltd) [20],20.00,20,,190,79,30,1,1.00
1954,1061886,Haloperidol 1.5mg tablets (Teva UK Ltd) [28],28.00,28,,136,48,23,1,1.00
48010,8074791,ViePax XL 150mg tablets (BUK) (Alliance Healthcare (Distribution) Ltd) [28],28.00,28,,133,72,19,1,1.00
8706,3148582,Aricept Evess 5mg orodispersible tablets (Eisai Ltd) [28],28.00,28,,102,60,31,1,1.00
46006,8023343,Sumatriptan 3mg/0.5ml solution for injection pre-filled pens (Alliance Healthcare (Distribution) Ltd) [2],2.00,2,,74,74,35,1,1.00
14522,3552460,Corsodyl 0.2% mouthwash alcohol free (Haleon UK Trading Ltd) [300],300.00,300,,148,63,63,1,1.00
51186,8074833,Sodium chloride 1.46g/5ml (5mmol/ml) oral solution (Alliance Healthcare (Distribution) Ltd) [100],100.00,100,,46,68,125,1,1.00
43766,8053977,Dexamethasone 500microgram tablets (Alliance Healthcare (Distribution) Ltd) [28],28.00,28,,103,44,30,1,1.00
51254,8097560,Quetiapine 50mg tablets (Alliance Healthcare (Distribution) Ltd) [60],60.00,60,,105,36,46,1,1.00
40190,4192316,Adaflex 3mg tablets (AGB-Pharma) [30],30.00,30,,40,40,80,1,1.00
31723,6802466,Relpax 40mg tablets (PI) (Viatris UK Healthcare Ltd) [6],6.00,6,,84,55,31,1,1.00
30119,1178789,Levetiracetam 1g tablets (Accord-UK Ltd) [60],60.00,60,,114,68,65,1,1.00
51243,8050197,Rosuvastatin 15mg tablets (Alliance Healthcare (Distribution) Ltd) [28],28.00,28,,130,85,31,1,1.00
44859,8120487,Hydrocortisone 1% cream (Alliance Healthcare (Distribution) Ltd) [15],15.00,15,,110,33,31,1,1.00
33695,1178185,Amoxicillin 500mg capsules (Accord-UK Ltd) [21],21.00,21,,112,93,18,1,1.00
39879,8040834,Co-codamol 15mg/500mg effervescent tablets sugar free (Alliance Healthcare (Distribution) Ltd) [100],100.00,100,,249,100,47,1,1.00
32391,8433492,Calshake powder 90g sachets chocolate (PI) (Fresenius Kabi Ltd) [7],7.00,7,,188,119,121,1,1.00
